1000
1 10000
2 10000
3 10000
4 10000
5 10000
6 10000
7 10000
8 10000
9 10000
10 10000
11 10000
12 10000
13 10000
14 10000
15 10000
16 10000
17 10000
18 10000
19 10000
20 10000
21 10000
22 10000
23 10000
24 10000
25 10000
26 10000
27 10000
28 10000
29 10000
30 10000
31 10000
32 10000
33 10000
34 10000
35 10000
36 10000
37 10000
38 10000
39 10000
40 10000
41 10000
42 10000
43 10000
44 10000
45 10000
46 10000
47 10000
48 10000
49 10000
50 10000
51 10000
52 10000
53 10000
54 10000
55 10000
56 10000
57 10000
58 10000
59 10000
60 10000
61 10000
62 10000
63 10000
64 10000
65 10000
66 10000
67 10000
68 10000
69 10000
70 10000
71 10000
72 10000
73 10000
74 10000
75 10000
76 10000
77 10000
78 10000
79 10000
80 10000
81 10000
82 10000
83 10000
84 10000
85 10000
86 10000
87 10000
88 10000
89 10000
90 10000
91 10000
92 10000
93 10000
94 10000
95 10000
96 10000
97 10000
98 10000
99 10000
100 10000
101 10000
102 10000
103 10000
104 10000
105 10000
106 10000
107 10000
108 10000
109 10000
110 10000
111 10000
112 10000
113 10000
114 10000
115 10000
116 10000
117 10000
118 10000
119 10000
120 10000
121 10000
122 10000
123 10000
124 10000
125 10000
126 10000
127 10000
128 10000
129 10000
130 10000
131 10000
132 10000
133 10000
134 10000
135 10000
136 10000
137 10000
138 10000
139 10000
140 10000
141 10000
142 10000
143 10000
144 10000
145 10000
146 10000
147 10000
148 10000
149 10000
150 10000
151 10000
152 10000
153 10000
154 10000
155 10000
156 10000
157 10000
158 10000
159 10000
160 10000
161 10000
162 10000
163 10000
164 10000
165 10000
166 10000
167 10000
168 10000
169 10000
170 10000
171 10000
172 10000
173 10000
174 10000
175 10000
176 10000
177 10000
178 10000
179 10000
180 10000
181 10000
182 10000
183 10000
184 10000
185 10000
186 10000
187 10000
188 10000
189 10000
190 10000
191 10000
192 10000
193 10000
194 10000
195 10000
196 10000
197 10000
198 10000
199 10000
200 10000
201 10000
202 10000
203 10000
204 10000
205 10000
206 10000
207 10000
208 10000
209 10000
210 10000
211 10000
212 10000
213 10000
214 10000
215 10000
216 10000
217 10000
218 10000
219 10000
220 10000
221 10000
222 10000
223 10000
224 10000
225 10000
226 10000
227 10000
228 10000
229 10000
230 10000
231 10000
232 10000
233 10000
234 10000
235 10000
236 10000
237 10000
238 10000
239 10000
240 10000
241 10000
242 10000
243 10000
244 10000
245 10000
246 10000
247 10000
248 10000
249 10000
250 10000
251 10000
252 10000
253 10000
254 10000
255 10000
256 10000
257 10000
258 10000
259 10000
260 10000
261 10000
262 10000
263 10000
264 10000
265 10000
266 10000
267 10000
268 10000
269 10000
270 10000
271 10000
272 10000
273 10000
274 10000
275 10000
276 10000
277 10000
278 10000
279 10000
280 10000
281 10000
282 10000
283 10000
284 10000
285 10000
286 10000
287 10000
288 10000
289 10000
290 10000
291 10000
292 10000
293 10000
294 10000
295 10000
296 10000
297 10000
298 10000
299 10000
300 10000
301 10000
302 10000
303 10000
304 10000
305 10000
306 10000
307 10000
308 10000
309 10000
310 10000
311 10000
312 10000
313 10000
314 10000
315 10000
316 10000
317 10000
318 10000
319 10000
320 10000
321 10000
322 10000
323 10000
324 10000
325 10000
326 10000
327 10000
328 10000
329 10000
330 10000
331 10000
332 10000
333 10000
334 10000
335 10000
336 10000
337 10000
338 10000
339 10000
340 10000
341 10000
342 10000
343 10000
344 10000
345 10000
346 10000
347 10000
348 10000
349 10000
350 10000
351 10000
352 10000
353 10000
354 10000
355 10000
356 10000
357 10000
358 10000
359 10000
360 10000
361 10000
362 10000
363 10000
364 10000
365 10000
366 10000
367 10000
368 10000
369 10000
370 10000
371 10000
372 10000
373 10000
374 10000
375 10000
376 10000
377 10000
378 10000
379 10000
380 10000
381 10000
382 10000
383 10000
384 10000
385 10000
386 10000
387 10000
388 10000
389 10000
390 10000
391 10000
392 10000
393 10000
394 10000
395 10000
396 10000
397 10000
398 10000
399 10000
400 10000
401 10000
402 10000
403 10000
404 10000
405 10000
406 10000
407 10000
408 10000
409 10000
410 10000
411 10000
412 10000
413 10000
414 10000
415 10000
416 10000
417 10000
418 10000
419 10000
420 10000
421 10000
422 10000
423 10000
424 10000
425 10000
426 10000
427 10000
428 10000
429 10000
430 10000
431 10000
432 10000
433 10000
434 10000
435 10000
436 10000
437 10000
438 10000
439 10000
440 10000
441 10000
442 10000
443 10000
444 10000
445 10000
446 10000
447 10000
448 10000
449 10000
450 10000
451 10000
452 10000
453 10000
454 10000
455 10000
456 10000
457 10000
458 10000
459 10000
460 10000
461 10000
462 10000
463 10000
464 10000
465 10000
466 10000
467 10000
468 10000
469 10000
470 10000
471 10000
472 10000
473 10000
474 10000
475 10000
476 10000
477 10000
478 10000
479 10000
480 10000
481 10000
482 10000
483 10000
484 10000
485 10000
486 10000
487 10000
488 10000
489 10000
490 10000
491 10000
492 10000
493 10000
494 10000
495 10000
496 10000
497 10000
498 10000
499 10000
500 10000
501 10000
502 10000
503 10000
504 10000
505 10000
506 10000
507 10000
508 10000
509 10000
510 10000
511 10000
512 10000
513 10000
514 10000
515 10000
516 10000
517 10000
518 10000
519 10000
520 10000
521 10000
522 10000
523 10000
524 10000
525 10000
526 10000
527 10000
528 10000
529 10000
530 10000
531 10000
532 10000
533 10000
534 10000
535 10000
536 10000
537 10000
538 10000
539 10000
540 10000
541 10000
542 10000
543 10000
544 10000
545 10000
546 10000
547 10000
548 10000
549 10000
550 10000
551 10000
552 10000
553 10000
554 10000
555 10000
556 10000
557 10000
558 10000
559 10000
560 10000
561 10000
562 10000
563 10000
564 10000
565 10000
566 10000
567 10000
568 10000
569 10000
570 10000
571 10000
572 10000
573 10000
574 10000
575 10000
576 10000
577 10000
578 10000
579 10000
580 10000
581 10000
582 10000
583 10000
584 10000
585 10000
586 10000
587 10000
588 10000
589 10000
590 10000
591 10000
592 10000
593 10000
594 10000
595 10000
596 10000
597 10000
598 10000
599 10000
600 10000
601 10000
602 10000
603 10000
604 10000
605 10000
606 10000
607 10000
608 10000
609 10000
610 10000
611 10000
612 10000
613 10000
614 10000
615 10000
616 10000
617 10000
618 10000
619 10000
620 10000
621 10000
622 10000
623 10000
624 10000
625 10000
626 10000
627 10000
628 10000
629 10000
630 10000
631 10000
632 10000
633 10000
634 10000
635 10000
636 10000
637 10000
638 10000
639 10000
640 10000
641 10000
642 10000
643 10000
644 10000
645 10000
646 10000
647 10000
648 10000
649 10000
650 10000
651 10000
652 10000
653 10000
654 10000
655 10000
656 10000
657 10000
658 10000
659 10000
660 10000
661 10000
662 10000
663 10000
664 10000
665 10000
666 10000
667 10000
668 10000
669 10000
670 10000
671 10000
672 10000
673 10000
674 10000
675 10000
676 10000
677 10000
678 10000
679 10000
680 10000
681 10000
682 10000
683 10000
684 10000
685 10000
686 10000
687 10000
688 10000
689 10000
690 10000
691 10000
692 10000
693 10000
694 10000
695 10000
696 10000
697 10000
698 10000
699 10000
700 10000
701 10000
702 10000
703 10000
704 10000
705 10000
706 10000
707 10000
708 10000
709 10000
710 10000
711 10000
712 10000
713 10000
714 10000
715 10000
716 10000
717 10000
718 10000
719 10000
720 10000
721 10000
722 10000
723 10000
724 10000
725 10000
726 10000
727 10000
728 10000
729 10000
730 10000
731 10000
732 10000
733 10000
734 10000
735 10000
736 10000
737 10000
738 10000
739 10000
740 10000
741 10000
742 10000
743 10000
744 10000
745 10000
746 10000
747 10000
748 10000
749 10000
750 10000
751 10000
752 10000
753 10000
754 10000
755 10000
756 10000
757 10000
758 10000
759 10000
760 10000
761 10000
762 10000
763 10000
764 10000
765 10000
766 10000
767 10000
768 10000
769 10000
770 10000
771 10000
772 10000
773 10000
774 10000
775 10000
776 10000
777 10000
778 10000
779 10000
780 10000
781 10000
782 10000
783 10000
784 10000
785 10000
786 10000
787 10000
788 10000
789 10000
790 10000
791 10000
792 10000
793 10000
794 10000
795 10000
796 10000
797 10000
798 10000
799 10000
800 10000
801 10000
802 10000
803 10000
804 10000
805 10000
806 10000
807 10000
808 10000
809 10000
810 10000
811 10000
812 10000
813 10000
814 10000
815 10000
816 10000
817 10000
818 10000
819 10000
820 10000
821 10000
822 10000
823 10000
824 10000
825 10000
826 10000
827 10000
828 10000
829 10000
830 10000
831 10000
832 10000
833 10000
834 10000
835 10000
836 10000
837 10000
838 10000
839 10000
840 10000
841 10000
842 10000
843 10000
844 10000
845 10000
846 10000
847 10000
848 10000
849 10000
850 10000
851 10000
852 10000
853 10000
854 10000
855 10000
856 10000
857 10000
858 10000
859 10000
860 10000
861 10000
862 10000
863 10000
864 10000
865 10000
866 10000
867 10000
868 10000
869 10000
870 10000
871 10000
872 10000
873 10000
874 10000
875 10000
876 10000
877 10000
878 10000
879 10000
880 10000
881 10000
882 10000
883 10000
884 10000
885 10000
886 10000
887 10000
888 10000
889 10000
890 10000
891 10000
892 10000
893 10000
894 10000
895 10000
896 10000
897 10000
898 10000
899 10000
900 10000
901 10000
902 10000
903 10000
904 10000
905 10000
906 10000
907 10000
908 10000
909 10000
910 10000
911 10000
912 10000
913 10000
914 10000
915 10000
916 10000
917 10000
918 10000
919 10000
920 10000
921 10000
922 10000
923 10000
924 10000
925 10000
926 10000
927 10000
928 10000
929 10000
930 10000
931 10000
932 10000
933 10000
934 10000
935 10000
936 10000
937 10000
938 10000
939 10000
940 10000
941 10000
942 10000
943 10000
944 10000
945 10000
946 10000
947 10000
948 10000
949 10000
950 10000
951 10000
952 10000
953 10000
954 10000
955 10000
956 10000
957 10000
958 10000
959 10000
960 10000
961 10000
962 10000
963 10000
964 10000
965 10000
966 10000
967 10000
968 10000
969 10000
970 10000
971 10000
972 10000
973 10000
974 10000
975 10000
976 10000
977 10000
978 10000
979 10000
980 10000
981 10000
982 10000
983 10000
984 10000
985 10000
986 10000
987 10000
988 10000
989 10000
990 10000
991 10000
992 10000
993 10000
994 10000
995 10000
996 10000
997 10000
998 10000
999 10000
1000 10000
100000
1 0
0 2
3 0
0 4
5 0
0 6
7 0
0 8
9 0
0 10
11 0
0 12
13 0
0 14
15 0
0 16
17 0
0 18
19 0
0 20
21 0
0 22
23 0
0 24
25 0
0 26
27 0
0 28
29 0
0 30
31 0
0 32
33 0
0 34
35 0
0 36
37 0
0 38
39 0
0 40
41 0
0 42
43 0
0 44
45 0
0 46
47 0
0 48
49 0
0 50
51 0
0 52
53 0
0 54
55 0
0 56
57 0
0 58
59 0
0 60
61 0
0 62
63 0
0 64
65 0
0 66
67 0
0 68
69 0
0 70
71 0
0 72
73 0
0 74
75 0
0 76
77 0
0 78
79 0
0 80
81 0
0 82
83 0
0 84
85 0
0 86
87 0
0 88
89 0
0 90
91 0
0 92
93 0
0 94
95 0
0 96
97 0
0 98
99 0
0 100
101 0
0 102
103 0
0 104
105 0
0 106
107 0
0 108
109 0
0 110
111 0
0 112
113 0
0 114
115 0
0 116
117 0
0 118
119 0
0 120
121 0
0 122
123 0
0 124
125 0
0 126
127 0
0 128
129 0
0 130
131 0
0 132
133 0
0 134
135 0
0 136
137 0
0 138
139 0
0 140
141 0
0 142
143 0
0 144
145 0
0 146
147 0
0 148
149 0
0 150
151 0
0 152
153 0
0 154
155 0
0 156
157 0
0 158
159 0
0 160
161 0
0 162
163 0
0 164
165 0
0 166
167 0
0 168
169 0
0 170
171 0
0 172
173 0
0 174
175 0
0 176
177 0
0 178
179 0
0 180
181 0
0 182
183 0
0 184
185 0
0 186
187 0
0 188
189 0
0 190
191 0
0 192
193 0
0 194
195 0
0 196
197 0
0 198
199 0
0 200
201 0
0 202
203 0
0 204
205 0
0 206
207 0
0 208
209 0
0 210
211 0
0 212
213 0
0 214
215 0
0 216
217 0
0 218
219 0
0 220
221 0
0 222
223 0
0 224
225 0
0 226
227 0
0 228
229 0
0 230
231 0
0 232
233 0
0 234
235 0
0 236
237 0
0 238
239 0
0 240
241 0
0 242
243 0
0 244
245 0
0 246
247 0
0 248
249 0
0 250
251 0
0 252
253 0
0 254
255 0
0 256
257 0
0 258
259 0
0 260
261 0
0 262
263 0
0 264
265 0
0 266
267 0
0 268
269 0
0 270
271 0
0 272
273 0
0 274
275 0
0 276
277 0
0 278
279 0
0 280
281 0
0 282
283 0
0 284
285 0
0 286
287 0
0 288
289 0
0 290
291 0
0 292
293 0
0 294
295 0
0 296
297 0
0 298
299 0
0 300
301 0
0 302
303 0
0 304
305 0
0 306
307 0
0 308
309 0
0 310
311 0
0 312
313 0
0 314
315 0
0 316
317 0
0 318
319 0
0 320
321 0
0 322
323 0
0 324
325 0
0 326
327 0
0 328
329 0
0 330
331 0
0 332
333 0
0 334
335 0
0 336
337 0
0 338
339 0
0 340
341 0
0 342
343 0
0 344
345 0
0 346
347 0
0 348
349 0
0 350
351 0
0 352
353 0
0 354
355 0
0 356
357 0
0 358
359 0
0 360
361 0
0 362
363 0
0 364
365 0
0 366
367 0
0 368
369 0
0 370
371 0
0 372
373 0
0 374
375 0
0 376
377 0
0 378
379 0
0 380
381 0
0 382
383 0
0 384
385 0
0 386
387 0
0 388
389 0
0 390
391 0
0 392
393 0
0 394
395 0
0 396
397 0
0 398
399 0
0 400
401 0
0 402
403 0
0 404
405 0
0 406
407 0
0 408
409 0
0 410
411 0
0 412
413 0
0 414
415 0
0 416
417 0
0 418
419 0
0 420
421 0
0 422
423 0
0 424
425 0
0 426
427 0
0 428
429 0
0 430
431 0
0 432
433 0
0 434
435 0
0 436
437 0
0 438
439 0
0 440
441 0
0 442
443 0
0 444
445 0
0 446
447 0
0 448
449 0
0 450
451 0
0 452
453 0
0 454
455 0
0 456
457 0
0 458
459 0
0 460
461 0
0 462
463 0
0 464
465 0
0 466
467 0
0 468
469 0
0 470
471 0
0 472
473 0
0 474
475 0
0 476
477 0
0 478
479 0
0 480
481 0
0 482
483 0
0 484
485 0
0 486
487 0
0 488
489 0
0 490
491 0
0 492
493 0
0 494
495 0
0 496
497 0
0 498
499 0
0 500
501 0
0 502
503 0
0 504
505 0
0 506
507 0
0 508
509 0
0 510
511 0
0 512
513 0
0 514
515 0
0 516
517 0
0 518
519 0
0 520
521 0
0 522
523 0
0 524
525 0
0 526
527 0
0 528
529 0
0 530
531 0
0 532
533 0
0 534
535 0
0 536
537 0
0 538
539 0
0 540
541 0
0 542
543 0
0 544
545 0
0 546
547 0
0 548
549 0
0 550
551 0
0 552
553 0
0 554
555 0
0 556
557 0
0 558
559 0
0 560
561 0
0 562
563 0
0 564
565 0
0 566
567 0
0 568
569 0
0 570
571 0
0 572
573 0
0 574
575 0
0 576
577 0
0 578
579 0
0 580
581 0
0 582
583 0
0 584
585 0
0 586
587 0
0 588
589 0
0 590
591 0
0 592
593 0
0 594
595 0
0 596
597 0
0 598
599 0
0 600
601 0
0 602
603 0
0 604
605 0
0 606
607 0
0 608
609 0
0 610
611 0
0 612
613 0
0 614
615 0
0 616
617 0
0 618
619 0
0 620
621 0
0 622
623 0
0 624
625 0
0 626
627 0
0 628
629 0
0 630
631 0
0 632
633 0
0 634
635 0
0 636
637 0
0 638
639 0
0 640
641 0
0 642
643 0
0 644
645 0
0 646
647 0
0 648
649 0
0 650
651 0
0 652
653 0
0 654
655 0
0 656
657 0
0 658
659 0
0 660
661 0
0 662
663 0
0 664
665 0
0 666
667 0
0 668
669 0
0 670
671 0
0 672
673 0
0 674
675 0
0 676
677 0
0 678
679 0
0 680
681 0
0 682
683 0
0 684
685 0
0 686
687 0
0 688
689 0
0 690
691 0
0 692
693 0
0 694
695 0
0 696
697 0
0 698
699 0
0 700
701 0
0 702
703 0
0 704
705 0
0 706
707 0
0 708
709 0
0 710
711 0
0 712
713 0
0 714
715 0
0 716
717 0
0 718
719 0
0 720
721 0
0 722
723 0
0 724
725 0
0 726
727 0
0 728
729 0
0 730
731 0
0 732
733 0
0 734
735 0
0 736
737 0
0 738
739 0
0 740
741 0
0 742
743 0
0 744
745 0
0 746
747 0
0 748
749 0
0 750
751 0
0 752
753 0
0 754
755 0
0 756
757 0
0 758
759 0
0 760
761 0
0 762
763 0
0 764
765 0
0 766
767 0
0 768
769 0
0 770
771 0
0 772
773 0
0 774
775 0
0 776
777 0
0 778
779 0
0 780
781 0
0 782
783 0
0 784
785 0
0 786
787 0
0 788
789 0
0 790
791 0
0 792
793 0
0 794
795 0
0 796
797 0
0 798
799 0
0 800
801 0
0 802
803 0
0 804
805 0
0 806
807 0
0 808
809 0
0 810
811 0
0 812
813 0
0 814
815 0
0 816
817 0
0 818
819 0
0 820
821 0
0 822
823 0
0 824
825 0
0 826
827 0
0 828
829 0
0 830
831 0
0 832
833 0
0 834
835 0
0 836
837 0
0 838
839 0
0 840
841 0
0 842
843 0
0 844
845 0
0 846
847 0
0 848
849 0
0 850
851 0
0 852
853 0
0 854
855 0
0 856
857 0
0 858
859 0
0 860
861 0
0 862
863 0
0 864
865 0
0 866
867 0
0 868
869 0
0 870
871 0
0 872
873 0
0 874
875 0
0 876
877 0
0 878
879 0
0 880
881 0
0 882
883 0
0 884
885 0
0 886
887 0
0 888
889 0
0 890
891 0
0 892
893 0
0 894
895 0
0 896
897 0
0 898
899 0
0 900
901 0
0 902
903 0
0 904
905 0
0 906
907 0
0 908
909 0
0 910
911 0
0 912
913 0
0 914
915 0
0 916
917 0
0 918
919 0
0 920
921 0
0 922
923 0
0 924
925 0
0 926
927 0
0 928
929 0
0 930
931 0
0 932
933 0
0 934
935 0
0 936
937 0
0 938
939 0
0 940
941 0
0 942
943 0
0 944
945 0
0 946
947 0
0 948
949 0
0 950
951 0
0 952
953 0
0 954
955 0
0 956
957 0
0 958
959 0
0 960
961 0
0 962
963 0
0 964
965 0
0 966
967 0
0 968
969 0
0 970
971 0
0 972
973 0
0 974
975 0
0 976
977 0
0 978
979 0
0 980
981 0
0 982
983 0
0 984
985 0
0 986
987 0
0 988
989 0
0 990
991 0
0 992
993 0
0 994
995 0
0 996
997 0
0 998
999 0
0 1000
1001 0
0 1002
1003 0
0 1004
1005 0
0 1006
1007 0
0 1008
1009 0
0 1010
1011 0
0 1012
1013 0
0 1014
1015 0
0 1016
1017 0
0 1018
1019 0
0 1020
1021 0
0 1022
1023 0
0 1024
1025 0
0 1026
1027 0
0 1028
1029 0
0 1030
1031 0
0 1032
1033 0
0 1034
1035 0
0 1036
1037 0
0 1038
1039 0
0 1040
1041 0
0 1042
1043 0
0 1044
1045 0
0 1046
1047 0
0 1048
1049 0
0 1050
1051 0
0 1052
1053 0
0 1054
1055 0
0 1056
1057 0
0 1058
1059 0
0 1060
1061 0
0 1062
1063 0
0 1064
1065 0
0 1066
1067 0
0 1068
1069 0
0 1070
1071 0
0 1072
1073 0
0 1074
1075 0
0 1076
1077 0
0 1078
1079 0
0 1080
1081 0
0 1082
1083 0
0 1084
1085 0
0 1086
1087 0
0 1088
1089 0
0 1090
1091 0
0 1092
1093 0
0 1094
1095 0
0 1096
1097 0
0 1098
1099 0
0 1100
1101 0
0 1102
1103 0
0 1104
1105 0
0 1106
1107 0
0 1108
1109 0
0 1110
1111 0
0 1112
1113 0
0 1114
1115 0
0 1116
1117 0
0 1118
1119 0
0 1120
1121 0
0 1122
1123 0
0 1124
1125 0
0 1126
1127 0
0 1128
1129 0
0 1130
1131 0
0 1132
1133 0
0 1134
1135 0
0 1136
1137 0
0 1138
1139 0
0 1140
1141 0
0 1142
1143 0
0 1144
1145 0
0 1146
1147 0
0 1148
1149 0
0 1150
1151 0
0 1152
1153 0
0 1154
1155 0
0 1156
1157 0
0 1158
1159 0
0 1160
1161 0
0 1162
1163 0
0 1164
1165 0
0 1166
1167 0
0 1168
1169 0
0 1170
1171 0
0 1172
1173 0
0 1174
1175 0
0 1176
1177 0
0 1178
1179 0
0 1180
1181 0
0 1182
1183 0
0 1184
1185 0
0 1186
1187 0
0 1188
1189 0
0 1190
1191 0
0 1192
1193 0
0 1194
1195 0
0 1196
1197 0
0 1198
1199 0
0 1200
1201 0
0 1202
1203 0
0 1204
1205 0
0 1206
1207 0
0 1208
1209 0
0 1210
1211 0
0 1212
1213 0
0 1214
1215 0
0 1216
1217 0
0 1218
1219 0
0 1220
1221 0
0 1222
1223 0
0 1224
1225 0
0 1226
1227 0
0 1228
1229 0
0 1230
1231 0
0 1232
1233 0
0 1234
1235 0
0 1236
1237 0
0 1238
1239 0
0 1240
1241 0
0 1242
1243 0
0 1244
1245 0
0 1246
1247 0
0 1248
1249 0
0 1250
1251 0
0 1252
1253 0
0 1254
1255 0
0 1256
1257 0
0 1258
1259 0
0 1260
1261 0
0 1262
1263 0
0 1264
1265 0
0 1266
1267 0
0 1268
1269 0
0 1270
1271 0
0 1272
1273 0
0 1274
1275 0
0 1276
1277 0
0 1278
1279 0
0 1280
1281 0
0 1282
1283 0
0 1284
1285 0
0 1286
1287 0
0 1288
1289 0
0 1290
1291 0
0 1292
1293 0
0 1294
1295 0
0 1296
1297 0
0 1298
1299 0
0 1300
1301 0
0 1302
1303 0
0 1304
1305 0
0 1306
1307 0
0 1308
1309 0
0 1310
1311 0
0 1312
1313 0
0 1314
1315 0
0 1316
1317 0
0 1318
1319 0
0 1320
1321 0
0 1322
1323 0
0 1324
1325 0
0 1326
1327 0
0 1328
1329 0
0 1330
1331 0
0 1332
1333 0
0 1334
1335 0
0 1336
1337 0
0 1338
1339 0
0 1340
1341 0
0 1342
1343 0
0 1344
1345 0
0 1346
1347 0
0 1348
1349 0
0 1350
1351 0
0 1352
1353 0
0 1354
1355 0
0 1356
1357 0
0 1358
1359 0
0 1360
1361 0
0 1362
1363 0
0 1364
1365 0
0 1366
1367 0
0 1368
1369 0
0 1370
1371 0
0 1372
1373 0
0 1374
1375 0
0 1376
1377 0
0 1378
1379 0
0 1380
1381 0
0 1382
1383 0
0 1384
1385 0
0 1386
1387 0
0 1388
1389 0
0 1390
1391 0
0 1392
1393 0
0 1394
1395 0
0 1396
1397 0
0 1398
1399 0
0 1400
1401 0
0 1402
1403 0
0 1404
1405 0
0 1406
1407 0
0 1408
1409 0
0 1410
1411 0
0 1412
1413 0
0 1414
1415 0
0 1416
1417 0
0 1418
1419 0
0 1420
1421 0
0 1422
1423 0
0 1424
1425 0
0 1426
1427 0
0 1428
1429 0
0 1430
1431 0
0 1432
1433 0
0 1434
1435 0
0 1436
1437 0
0 1438
1439 0
0 1440
1441 0
0 1442
1443 0
0 1444
1445 0
0 1446
1447 0
0 1448
1449 0
0 1450
1451 0
0 1452
1453 0
0 1454
1455 0
0 1456
1457 0
0 1458
1459 0
0 1460
1461 0
0 1462
1463 0
0 1464
1465 0
0 1466
1467 0
0 1468
1469 0
0 1470
1471 0
0 1472
1473 0
0 1474
1475 0
0 1476
1477 0
0 1478
1479 0
0 1480
1481 0
0 1482
1483 0
0 1484
1485 0
0 1486
1487 0
0 1488
1489 0
0 1490
1491 0
0 1492
1493 0
0 1494
1495 0
0 1496
1497 0
0 1498
1499 0
0 1500
1501 0
0 1502
1503 0
0 1504
1505 0
0 1506
1507 0
0 1508
1509 0
0 1510
1511 0
0 1512
1513 0
0 1514
1515 0
0 1516
1517 0
0 1518
1519 0
0 1520
1521 0
0 1522
1523 0
0 1524
1525 0
0 1526
1527 0
0 1528
1529 0
0 1530
1531 0
0 1532
1533 0
0 1534
1535 0
0 1536
1537 0
0 1538
1539 0
0 1540
1541 0
0 1542
1543 0
0 1544
1545 0
0 1546
1547 0
0 1548
1549 0
0 1550
1551 0
0 1552
1553 0
0 1554
1555 0
0 1556
1557 0
0 1558
1559 0
0 1560
1561 0
0 1562
1563 0
0 1564
1565 0
0 1566
1567 0
0 1568
1569 0
0 1570
1571 0
0 1572
1573 0
0 1574
1575 0
0 1576
1577 0
0 1578
1579 0
0 1580
1581 0
0 1582
1583 0
0 1584
1585 0
0 1586
1587 0
0 1588
1589 0
0 1590
1591 0
0 1592
1593 0
0 1594
1595 0
0 1596
1597 0
0 1598
1599 0
0 1600
1601 0
0 1602
1603 0
0 1604
1605 0
0 1606
1607 0
0 1608
1609 0
0 1610
1611 0
0 1612
1613 0
0 1614
1615 0
0 1616
1617 0
0 1618
1619 0
0 1620
1621 0
0 1622
1623 0
0 1624
1625 0
0 1626
1627 0
0 1628
1629 0
0 1630
1631 0
0 1632
1633 0
0 1634
1635 0
0 1636
1637 0
0 1638
1639 0
0 1640
1641 0
0 1642
1643 0
0 1644
1645 0
0 1646
1647 0
0 1648
1649 0
0 1650
1651 0
0 1652
1653 0
0 1654
1655 0
0 1656
1657 0
0 1658
1659 0
0 1660
1661 0
0 1662
1663 0
0 1664
1665 0
0 1666
1667 0
0 1668
1669 0
0 1670
1671 0
0 1672
1673 0
0 1674
1675 0
0 1676
1677 0
0 1678
1679 0
0 1680
1681 0
0 1682
1683 0
0 1684
1685 0
0 1686
1687 0
0 1688
1689 0
0 1690
1691 0
0 1692
1693 0
0 1694
1695 0
0 1696
1697 0
0 1698
1699 0
0 1700
1701 0
0 1702
1703 0
0 1704
1705 0
0 1706
1707 0
0 1708
1709 0
0 1710
1711 0
0 1712
1713 0
0 1714
1715 0
0 1716
1717 0
0 1718
1719 0
0 1720
1721 0
0 1722
1723 0
0 1724
1725 0
0 1726
1727 0
0 1728
1729 0
0 1730
1731 0
0 1732
1733 0
0 1734
1735 0
0 1736
1737 0
0 1738
1739 0
0 1740
1741 0
0 1742
1743 0
0 1744
1745 0
0 1746
1747 0
0 1748
1749 0
0 1750
1751 0
0 1752
1753 0
0 1754
1755 0
0 1756
1757 0
0 1758
1759 0
0 1760
1761 0
0 1762
1763 0
0 1764
1765 0
0 1766
1767 0
0 1768
1769 0
0 1770
1771 0
0 1772
1773 0
0 1774
1775 0
0 1776
1777 0
0 1778
1779 0
0 1780
1781 0
0 1782
1783 0
0 1784
1785 0
0 1786
1787 0
0 1788
1789 0
0 1790
1791 0
0 1792
1793 0
0 1794
1795 0
0 1796
1797 0
0 1798
1799 0
0 1800
1801 0
0 1802
1803 0
0 1804
1805 0
0 1806
1807 0
0 1808
1809 0
0 1810
1811 0
0 1812
1813 0
0 1814
1815 0
0 1816
1817 0
0 1818
1819 0
0 1820
1821 0
0 1822
1823 0
0 1824
1825 0
0 1826
1827 0
0 1828
1829 0
0 1830
1831 0
0 1832
1833 0
0 1834
1835 0
0 1836
1837 0
0 1838
1839 0
0 1840
1841 0
0 1842
1843 0
0 1844
1845 0
0 1846
1847 0
0 1848
1849 0
0 1850
1851 0
0 1852
1853 0
0 1854
1855 0
0 1856
1857 0
0 1858
1859 0
0 1860
1861 0
0 1862
1863 0
0 1864
1865 0
0 1866
1867 0
0 1868
1869 0
0 1870
1871 0
0 1872
1873 0
0 1874
1875 0
0 1876
1877 0
0 1878
1879 0
0 1880
1881 0
0 1882
1883 0
0 1884
1885 0
0 1886
1887 0
0 1888
1889 0
0 1890
1891 0
0 1892
1893 0
0 1894
1895 0
0 1896
1897 0
0 1898
1899 0
0 1900
1901 0
0 1902
1903 0
0 1904
1905 0
0 1906
1907 0
0 1908
1909 0
0 1910
1911 0
0 1912
1913 0
0 1914
1915 0
0 1916
1917 0
0 1918
1919 0
0 1920
1921 0
0 1922
1923 0
0 1924
1925 0
0 1926
1927 0
0 1928
1929 0
0 1930
1931 0
0 1932
1933 0
0 1934
1935 0
0 1936
1937 0
0 1938
1939 0
0 1940
1941 0
0 1942
1943 0
0 1944
1945 0
0 1946
1947 0
0 1948
1949 0
0 1950
1951 0
0 1952
1953 0
0 1954
1955 0
0 1956
1957 0
0 1958
1959 0
0 1960
1961 0
0 1962
1963 0
0 1964
1965 0
0 1966
1967 0
0 1968
1969 0
0 1970
1971 0
0 1972
1973 0
0 1974
1975 0
0 1976
1977 0
0 1978
1979 0
0 1980
1981 0
0 1982
1983 0
0 1984
1985 0
0 1986
1987 0
0 1988
1989 0
0 1990
1991 0
0 1992
1993 0
0 1994
1995 0
0 1996
1997 0
0 1998
1999 0
0 2000
1 0
0 2
3 0
0 4
5 0
0 6
7 0
0 8
9 0
0 10
11 0
0 12
13 0
0 14
15 0
0 16
17 0
0 18
19 0
0 20
21 0
0 22
23 0
0 24
25 0
0 26
27 0
0 28
29 0
0 30
31 0
0 32
33 0
0 34
35 0
0 36
37 0
0 38
39 0
0 40
41 0
0 42
43 0
0 44
45 0
0 46
47 0
0 48
49 0
0 50
51 0
0 52
53 0
0 54
55 0
0 56
57 0
0 58
59 0
0 60
61 0
0 62
63 0
0 64
65 0
0 66
67 0
0 68
69 0
0 70
71 0
0 72
73 0
0 74
75 0
0 76
77 0
0 78
79 0
0 80
81 0
0 82
83 0
0 84
85 0
0 86
87 0
0 88
89 0
0 90
91 0
0 92
93 0
0 94
95 0
0 96
97 0
0 98
99 0
0 100
101 0
0 102
103 0
0 104
105 0
0 106
107 0
0 108
109 0
0 110
111 0
0 112
113 0
0 114
115 0
0 116
117 0
0 118
119 0
0 120
121 0
0 122
123 0
0 124
125 0
0 126
127 0
0 128
129 0
0 130
131 0
0 132
133 0
0 134
135 0
0 136
137 0
0 138
139 0
0 140
141 0
0 142
143 0
0 144
145 0
0 146
147 0
0 148
149 0
0 150
151 0
0 152
153 0
0 154
155 0
0 156
157 0
0 158
159 0
0 160
161 0
0 162
163 0
0 164
165 0
0 166
167 0
0 168
169 0
0 170
171 0
0 172
173 0
0 174
175 0
0 176
177 0
0 178
179 0
0 180
181 0
0 182
183 0
0 184
185 0
0 186
187 0
0 188
189 0
0 190
191 0
0 192
193 0
0 194
195 0
0 196
197 0
0 198
199 0
0 200
201 0
0 202
203 0
0 204
205 0
0 206
207 0
0 208
209 0
0 210
211 0
0 212
213 0
0 214
215 0
0 216
217 0
0 218
219 0
0 220
221 0
0 222
223 0
0 224
225 0
0 226
227 0
0 228
229 0
0 230
231 0
0 232
233 0
0 234
235 0
0 236
237 0
0 238
239 0
0 240
241 0
0 242
243 0
0 244
245 0
0 246
247 0
0 248
249 0
0 250
251 0
0 252
253 0
0 254
255 0
0 256
257 0
0 258
259 0
0 260
261 0
0 262
263 0
0 264
265 0
0 266
267 0
0 268
269 0
0 270
271 0
0 272
273 0
0 274
275 0
0 276
277 0
0 278
279 0
0 280
281 0
0 282
283 0
0 284
285 0
0 286
287 0
0 288
289 0
0 290
291 0
0 292
293 0
0 294
295 0
0 296
297 0
0 298
299 0
0 300
301 0
0 302
303 0
0 304
305 0
0 306
307 0
0 308
309 0
0 310
311 0
0 312
313 0
0 314
315 0
0 316
317 0
0 318
319 0
0 320
321 0
0 322
323 0
0 324
325 0
0 326
327 0
0 328
329 0
0 330
331 0
0 332
333 0
0 334
335 0
0 336
337 0
0 338
339 0
0 340
341 0
0 342
343 0
0 344
345 0
0 346
347 0
0 348
349 0
0 350
351 0
0 352
353 0
0 354
355 0
0 356
357 0
0 358
359 0
0 360
361 0
0 362
363 0
0 364
365 0
0 366
367 0
0 368
369 0
0 370
371 0
0 372
373 0
0 374
375 0
0 376
377 0
0 378
379 0
0 380
381 0
0 382
383 0
0 384
385 0
0 386
387 0
0 388
389 0
0 390
391 0
0 392
393 0
0 394
395 0
0 396
397 0
0 398
399 0
0 400
401 0
0 402
403 0
0 404
405 0
0 406
407 0
0 408
409 0
0 410
411 0
0 412
413 0
0 414
415 0
0 416
417 0
0 418
419 0
0 420
421 0
0 422
423 0
0 424
425 0
0 426
427 0
0 428
429 0
0 430
431 0
0 432
433 0
0 434
435 0
0 436
437 0
0 438
439 0
0 440
441 0
0 442
443 0
0 444
445 0
0 446
447 0
0 448
449 0
0 450
451 0
0 452
453 0
0 454
455 0
0 456
457 0
0 458
459 0
0 460
461 0
0 462
463 0
0 464
465 0
0 466
467 0
0 468
469 0
0 470
471 0
0 472
473 0
0 474
475 0
0 476
477 0
0 478
479 0
0 480
481 0
0 482
483 0
0 484
485 0
0 486
487 0
0 488
489 0
0 490
491 0
0 492
493 0
0 494
495 0
0 496
497 0
0 498
499 0
0 500
501 0
0 502
503 0
0 504
505 0
0 506
507 0
0 508
509 0
0 510
511 0
0 512
513 0
0 514
515 0
0 516
517 0
0 518
519 0
0 520
521 0
0 522
523 0
0 524
525 0
0 526
527 0
0 528
529 0
0 530
531 0
0 532
533 0
0 534
535 0
0 536
537 0
0 538
539 0
0 540
541 0
0 542
543 0
0 544
545 0
0 546
547 0
0 548
549 0
0 550
551 0
0 552
553 0
0 554
555 0
0 556
557 0
0 558
559 0
0 560
561 0
0 562
563 0
0 564
565 0
0 566
567 0
0 568
569 0
0 570
571 0
0 572
573 0
0 574
575 0
0 576
577 0
0 578
579 0
0 580
581 0
0 582
583 0
0 584
585 0
0 586
587 0
0 588
589 0
0 590
591 0
0 592
593 0
0 594
595 0
0 596
597 0
0 598
599 0
0 600
601 0
0 602
603 0
0 604
605 0
0 606
607 0
0 608
609 0
0 610
611 0
0 612
613 0
0 614
615 0
0 616
617 0
0 618
619 0
0 620
621 0
0 622
623 0
0 624
625 0
0 626
627 0
0 628
629 0
0 630
631 0
0 632
633 0
0 634
635 0
0 636
637 0
0 638
639 0
0 640
641 0
0 642
643 0
0 644
645 0
0 646
647 0
0 648
649 0
0 650
651 0
0 652
653 0
0 654
655 0
0 656
657 0
0 658
659 0
0 660
661 0
0 662
663 0
0 664
665 0
0 666
667 0
0 668
669 0
0 670
671 0
0 672
673 0
0 674
675 0
0 676
677 0
0 678
679 0
0 680
681 0
0 682
683 0
0 684
685 0
0 686
687 0
0 688
689 0
0 690
691 0
0 692
693 0
0 694
695 0
0 696
697 0
0 698
699 0
0 700
701 0
0 702
703 0
0 704
705 0
0 706
707 0
0 708
709 0
0 710
711 0
0 712
713 0
0 714
715 0
0 716
717 0
0 718
719 0
0 720
721 0
0 722
723 0
0 724
725 0
0 726
727 0
0 728
729 0
0 730
731 0
0 732
733 0
0 734
735 0
0 736
737 0
0 738
739 0
0 740
741 0
0 742
743 0
0 744
745 0
0 746
747 0
0 748
749 0
0 750
751 0
0 752
753 0
0 754
755 0
0 756
757 0
0 758
759 0
0 760
761 0
0 762
763 0
0 764
765 0
0 766
767 0
0 768
769 0
0 770
771 0
0 772
773 0
0 774
775 0
0 776
777 0
0 778
779 0
0 780
781 0
0 782
783 0
0 784
785 0
0 786
787 0
0 788
789 0
0 790
791 0
0 792
793 0
0 794
795 0
0 796
797 0
0 798
799 0
0 800
801 0
0 802
803 0
0 804
805 0
0 806
807 0
0 808
809 0
0 810
811 0
0 812
813 0
0 814
815 0
0 816
817 0
0 818
819 0
0 820
821 0
0 822
823 0
0 824
825 0
0 826
827 0
0 828
829 0
0 830
831 0
0 832
833 0
0 834
835 0
0 836
837 0
0 838
839 0
0 840
841 0
0 842
843 0
0 844
845 0
0 846
847 0
0 848
849 0
0 850
851 0
0 852
853 0
0 854
855 0
0 856
857 0
0 858
859 0
0 860
861 0
0 862
863 0
0 864
865 0
0 866
867 0
0 868
869 0
0 870
871 0
0 872
873 0
0 874
875 0
0 876
877 0
0 878
879 0
0 880
881 0
0 882
883 0
0 884
885 0
0 886
887 0
0 888
889 0
0 890
891 0
0 892
893 0
0 894
895 0
0 896
897 0
0 898
899 0
0 900
901 0
0 902
903 0
0 904
905 0
0 906
907 0
0 908
909 0
0 910
911 0
0 912
913 0
0 914
915 0
0 916
917 0
0 918
919 0
0 920
921 0
0 922
923 0
0 924
925 0
0 926
927 0
0 928
929 0
0 930
931 0
0 932
933 0
0 934
935 0
0 936
937 0
0 938
939 0
0 940
941 0
0 942
943 0
0 944
945 0
0 946
947 0
0 948
949 0
0 950
951 0
0 952
953 0
0 954
955 0
0 956
957 0
0 958
959 0
0 960
961 0
0 962
963 0
0 964
965 0
0 966
967 0
0 968
969 0
0 970
971 0
0 972
973 0
0 974
975 0
0 976
977 0
0 978
979 0
0 980
981 0
0 982
983 0
0 984
985 0
0 986
987 0
0 988
989 0
0 990
991 0
0 992
993 0
0 994
995 0
0 996
997 0
0 998
999 0
0 1000
1001 0
0 1002
1003 0
0 1004
1005 0
0 1006
1007 0
0 1008
1009 0
0 1010
1011 0
0 1012
1013 0
0 1014
1015 0
0 1016
1017 0
0 1018
1019 0
0 1020
1021 0
0 1022
1023 0
0 1024
1025 0
0 1026
1027 0
0 1028
1029 0
0 1030
1031 0
0 1032
1033 0
0 1034
1035 0
0 1036
1037 0
0 1038
1039 0
0 1040
1041 0
0 1042
1043 0
0 1044
1045 0
0 1046
1047 0
0 1048
1049 0
0 1050
1051 0
0 1052
1053 0
0 1054
1055 0
0 1056
1057 0
0 1058
1059 0
0 1060
1061 0
0 1062
1063 0
0 1064
1065 0
0 1066
1067 0
0 1068
1069 0
0 1070
1071 0
0 1072
1073 0
0 1074
1075 0
0 1076
1077 0
0 1078
1079 0
0 1080
1081 0
0 1082
1083 0
0 1084
1085 0
0 1086
1087 0
0 1088
1089 0
0 1090
1091 0
0 1092
1093 0
0 1094
1095 0
0 1096
1097 0
0 1098
1099 0
0 1100
1101 0
0 1102
1103 0
0 1104
1105 0
0 1106
1107 0
0 1108
1109 0
0 1110
1111 0
0 1112
1113 0
0 1114
1115 0
0 1116
1117 0
0 1118
1119 0
0 1120
1121 0
0 1122
1123 0
0 1124
1125 0
0 1126
1127 0
0 1128
1129 0
0 1130
1131 0
0 1132
1133 0
0 1134
1135 0
0 1136
1137 0
0 1138
1139 0
0 1140
1141 0
0 1142
1143 0
0 1144
1145 0
0 1146
1147 0
0 1148
1149 0
0 1150
1151 0
0 1152
1153 0
0 1154
1155 0
0 1156
1157 0
0 1158
1159 0
0 1160
1161 0
0 1162
1163 0
0 1164
1165 0
0 1166
1167 0
0 1168
1169 0
0 1170
1171 0
0 1172
1173 0
0 1174
1175 0
0 1176
1177 0
0 1178
1179 0
0 1180
1181 0
0 1182
1183 0
0 1184
1185 0
0 1186
1187 0
0 1188
1189 0
0 1190
1191 0
0 1192
1193 0
0 1194
1195 0
0 1196
1197 0
0 1198
1199 0
0 1200
1201 0
0 1202
1203 0
0 1204
1205 0
0 1206
1207 0
0 1208
1209 0
0 1210
1211 0
0 1212
1213 0
0 1214
1215 0
0 1216
1217 0
0 1218
1219 0
0 1220
1221 0
0 1222
1223 0
0 1224
1225 0
0 1226
1227 0
0 1228
1229 0
0 1230
1231 0
0 1232
1233 0
0 1234
1235 0
0 1236
1237 0
0 1238
1239 0
0 1240
1241 0
0 1242
1243 0
0 1244
1245 0
0 1246
1247 0
0 1248
1249 0
0 1250
1251 0
0 1252
1253 0
0 1254
1255 0
0 1256
1257 0
0 1258
1259 0
0 1260
1261 0
0 1262
1263 0
0 1264
1265 0
0 1266
1267 0
0 1268
1269 0
0 1270
1271 0
0 1272
1273 0
0 1274
1275 0
0 1276
1277 0
0 1278
1279 0
0 1280
1281 0
0 1282
1283 0
0 1284
1285 0
0 1286
1287 0
0 1288
1289 0
0 1290
1291 0
0 1292
1293 0
0 1294
1295 0
0 1296
1297 0
0 1298
1299 0
0 1300
1301 0
0 1302
1303 0
0 1304
1305 0
0 1306
1307 0
0 1308
1309 0
0 1310
1311 0
0 1312
1313 0
0 1314
1315 0
0 1316
1317 0
0 1318
1319 0
0 1320
1321 0
0 1322
1323 0
0 1324
1325 0
0 1326
1327 0
0 1328
1329 0
0 1330
1331 0
0 1332
1333 0
0 1334
1335 0
0 1336
1337 0
0 1338
1339 0
0 1340
1341 0
0 1342
1343 0
0 1344
1345 0
0 1346
1347 0
0 1348
1349 0
0 1350
1351 0
0 1352
1353 0
0 1354
1355 0
0 1356
1357 0
0 1358
1359 0
0 1360
1361 0
0 1362
1363 0
0 1364
1365 0
0 1366
1367 0
0 1368
1369 0
0 1370
1371 0
0 1372
1373 0
0 1374
1375 0
0 1376
1377 0
0 1378
1379 0
0 1380
1381 0
0 1382
1383 0
0 1384
1385 0
0 1386
1387 0
0 1388
1389 0
0 1390
1391 0
0 1392
1393 0
0 1394
1395 0
0 1396
1397 0
0 1398
1399 0
0 1400
1401 0
0 1402
1403 0
0 1404
1405 0
0 1406
1407 0
0 1408
1409 0
0 1410
1411 0
0 1412
1413 0
0 1414
1415 0
0 1416
1417 0
0 1418
1419 0
0 1420
1421 0
0 1422
1423 0
0 1424
1425 0
0 1426
1427 0
0 1428
1429 0
0 1430
1431 0
0 1432
1433 0
0 1434
1435 0
0 1436
1437 0
0 1438
1439 0
0 1440
1441 0
0 1442
1443 0
0 1444
1445 0
0 1446
1447 0
0 1448
1449 0
0 1450
1451 0
0 1452
1453 0
0 1454
1455 0
0 1456
1457 0
0 1458
1459 0
0 1460
1461 0
0 1462
1463 0
0 1464
1465 0
0 1466
1467 0
0 1468
1469 0
0 1470
1471 0
0 1472
1473 0
0 1474
1475 0
0 1476
1477 0
0 1478
1479 0
0 1480
1481 0
0 1482
1483 0
0 1484
1485 0
0 1486
1487 0
0 1488
1489 0
0 1490
1491 0
0 1492
1493 0
0 1494
1495 0
0 1496
1497 0
0 1498
1499 0
0 1500
1501 0
0 1502
1503 0
0 1504
1505 0
0 1506
1507 0
0 1508
1509 0
0 1510
1511 0
0 1512
1513 0
0 1514
1515 0
0 1516
1517 0
0 1518
1519 0
0 1520
1521 0
0 1522
1523 0
0 1524
1525 0
0 1526
1527 0
0 1528
1529 0
0 1530
1531 0
0 1532
1533 0
0 1534
1535 0
0 1536
1537 0
0 1538
1539 0
0 1540
1541 0
0 1542
1543 0
0 1544
1545 0
0 1546
1547 0
0 1548
1549 0
0 1550
1551 0
0 1552
1553 0
0 1554
1555 0
0 1556
1557 0
0 1558
1559 0
0 1560
1561 0
0 1562
1563 0
0 1564
1565 0
0 1566
1567 0
0 1568
1569 0
0 1570
1571 0
0 1572
1573 0
0 1574
1575 0
0 1576
1577 0
0 1578
1579 0
0 1580
1581 0
0 1582
1583 0
0 1584
1585 0
0 1586
1587 0
0 1588
1589 0
0 1590
1591 0
0 1592
1593 0
0 1594
1595 0
0 1596
1597 0
0 1598
1599 0
0 1600
1601 0
0 1602
1603 0
0 1604
1605 0
0 1606
1607 0
0 1608
1609 0
0 1610
1611 0
0 1612
1613 0
0 1614
1615 0
0 1616
1617 0
0 1618
1619 0
0 1620
1621 0
0 1622
1623 0
0 1624
1625 0
0 1626
1627 0
0 1628
1629 0
0 1630
1631 0
0 1632
1633 0
0 1634
1635 0
0 1636
1637 0
0 1638
1639 0
0 1640
1641 0
0 1642
1643 0
0 1644
1645 0
0 1646
1647 0
0 1648
1649 0
0 1650
1651 0
0 1652
1653 0
0 1654
1655 0
0 1656
1657 0
0 1658
1659 0
0 1660
1661 0
0 1662
1663 0
0 1664
1665 0
0 1666
1667 0
0 1668
1669 0
0 1670
1671 0
0 1672
1673 0
0 1674
1675 0
0 1676
1677 0
0 1678
1679 0
0 1680
1681 0
0 1682
1683 0
0 1684
1685 0
0 1686
1687 0
0 1688
1689 0
0 1690
1691 0
0 1692
1693 0
0 1694
1695 0
0 1696
1697 0
0 1698
1699 0
0 1700
1701 0
0 1702
1703 0
0 1704
1705 0
0 1706
1707 0
0 1708
1709 0
0 1710
1711 0
0 1712
1713 0
0 1714
1715 0
0 1716
1717 0
0 1718
1719 0
0 1720
1721 0
0 1722
1723 0
0 1724
1725 0
0 1726
1727 0
0 1728
1729 0
0 1730
1731 0
0 1732
1733 0
0 1734
1735 0
0 1736
1737 0
0 1738
1739 0
0 1740
1741 0
0 1742
1743 0
0 1744
1745 0
0 1746
1747 0
0 1748
1749 0
0 1750
1751 0
0 1752
1753 0
0 1754
1755 0
0 1756
1757 0
0 1758
1759 0
0 1760
1761 0
0 1762
1763 0
0 1764
1765 0
0 1766
1767 0
0 1768
1769 0
0 1770
1771 0
0 1772
1773 0
0 1774
1775 0
0 1776
1777 0
0 1778
1779 0
0 1780
1781 0
0 1782
1783 0
0 1784
1785 0
0 1786
1787 0
0 1788
1789 0
0 1790
1791 0
0 1792
1793 0
0 1794
1795 0
0 1796
1797 0
0 1798
1799 0
0 1800
1801 0
0 1802
1803 0
0 1804
1805 0
0 1806
1807 0
0 1808
1809 0
0 1810
1811 0
0 1812
1813 0
0 1814
1815 0
0 1816
1817 0
0 1818
1819 0
0 1820
1821 0
0 1822
1823 0
0 1824
1825 0
0 1826
1827 0
0 1828
1829 0
0 1830
1831 0
0 1832
1833 0
0 1834
1835 0
0 1836
1837 0
0 1838
1839 0
0 1840
1841 0
0 1842
1843 0
0 1844
1845 0
0 1846
1847 0
0 1848
1849 0
0 1850
1851 0
0 1852
1853 0
0 1854
1855 0
0 1856
1857 0
0 1858
1859 0
0 1860
1861 0
0 1862
1863 0
0 1864
1865 0
0 1866
1867 0
0 1868
1869 0
0 1870
1871 0
0 1872
1873 0
0 1874
1875 0
0 1876
1877 0
0 1878
1879 0
0 1880
1881 0
0 1882
1883 0
0 1884
1885 0
0 1886
1887 0
0 1888
1889 0
0 1890
1891 0
0 1892
1893 0
0 1894
1895 0
0 1896
1897 0
0 1898
1899 0
0 1900
1901 0
0 1902
1903 0
0 1904
1905 0
0 1906
1907 0
0 1908
1909 0
0 1910
1911 0
0 1912
1913 0
0 1914
1915 0
0 1916
1917 0
0 1918
1919 0
0 1920
1921 0
0 1922
1923 0
0 1924
1925 0
0 1926
1927 0
0 1928
1929 0
0 1930
1931 0
0 1932
1933 0
0 1934
1935 0
0 1936
1937 0
0 1938
1939 0
0 1940
1941 0
0 1942
1943 0
0 1944
1945 0
0 1946
1947 0
0 1948
1949 0
0 1950
1951 0
0 1952
1953 0
0 1954
1955 0
0 1956
1957 0
0 1958
1959 0
0 1960
1961 0
0 1962
1963 0
0 1964
1965 0
0 1966
1967 0
0 1968
1969 0
0 1970
1971 0
0 1972
1973 0
0 1974
1975 0
0 1976
1977 0
0 1978
1979 0
0 1980
1981 0
0 1982
1983 0
0 1984
1985 0
0 1986
1987 0
0 1988
1989 0
0 1990
1991 0
0 1992
1993 0
0 1994
1995 0
0 1996
1997 0
0 1998
1999 0
0 2000
1 0
0 2
3 0
0 4
5 0
0 6
7 0
0 8
9 0
0 10
11 0
0 12
13 0
0 14
15 0
0 16
17 0
0 18
19 0
0 20
21 0
0 22
23 0
0 24
25 0
0 26
27 0
0 28
29 0
0 30
31 0
0 32
33 0
0 34
35 0
0 36
37 0
0 38
39 0
0 40
41 0
0 42
43 0
0 44
45 0
0 46
47 0
0 48
49 0
0 50
51 0
0 52
53 0
0 54
55 0
0 56
57 0
0 58
59 0
0 60
61 0
0 62
63 0
0 64
65 0
0 66
67 0
0 68
69 0
0 70
71 0
0 72
73 0
0 74
75 0
0 76
77 0
0 78
79 0
0 80
81 0
0 82
83 0
0 84
85 0
0 86
87 0
0 88
89 0
0 90
91 0
0 92
93 0
0 94
95 0
0 96
97 0
0 98
99 0
0 100
101 0
0 102
103 0
0 104
105 0
0 106
107 0
0 108
109 0
0 110
111 0
0 112
113 0
0 114
115 0
0 116
117 0
0 118
119 0
0 120
121 0
0 122
123 0
0 124
125 0
0 126
127 0
0 128
129 0
0 130
131 0
0 132
133 0
0 134
135 0
0 136
137 0
0 138
139 0
0 140
141 0
0 142
143 0
0 144
145 0
0 146
147 0
0 148
149 0
0 150
151 0
0 152
153 0
0 154
155 0
0 156
157 0
0 158
159 0
0 160
161 0
0 162
163 0
0 164
165 0
0 166
167 0
0 168
169 0
0 170
171 0
0 172
173 0
0 174
175 0
0 176
177 0
0 178
179 0
0 180
181 0
0 182
183 0
0 184
185 0
0 186
187 0
0 188
189 0
0 190
191 0
0 192
193 0
0 194
195 0
0 196
197 0
0 198
199 0
0 200
201 0
0 202
203 0
0 204
205 0
0 206
207 0
0 208
209 0
0 210
211 0
0 212
213 0
0 214
215 0
0 216
217 0
0 218
219 0
0 220
221 0
0 222
223 0
0 224
225 0
0 226
227 0
0 228
229 0
0 230
231 0
0 232
233 0
0 234
235 0
0 236
237 0
0 238
239 0
0 240
241 0
0 242
243 0
0 244
245 0
0 246
247 0
0 248
249 0
0 250
251 0
0 252
253 0
0 254
255 0
0 256
257 0
0 258
259 0
0 260
261 0
0 262
263 0
0 264
265 0
0 266
267 0
0 268
269 0
0 270
271 0
0 272
273 0
0 274
275 0
0 276
277 0
0 278
279 0
0 280
281 0
0 282
283 0
0 284
285 0
0 286
287 0
0 288
289 0
0 290
291 0
0 292
293 0
0 294
295 0
0 296
297 0
0 298
299 0
0 300
301 0
0 302
303 0
0 304
305 0
0 306
307 0
0 308
309 0
0 310
311 0
0 312
313 0
0 314
315 0
0 316
317 0
0 318
319 0
0 320
321 0
0 322
323 0
0 324
325 0
0 326
327 0
0 328
329 0
0 330
331 0
0 332
333 0
0 334
335 0
0 336
337 0
0 338
339 0
0 340
341 0
0 342
343 0
0 344
345 0
0 346
347 0
0 348
349 0
0 350
351 0
0 352
353 0
0 354
355 0
0 356
357 0
0 358
359 0
0 360
361 0
0 362
363 0
0 364
365 0
0 366
367 0
0 368
369 0
0 370
371 0
0 372
373 0
0 374
375 0
0 376
377 0
0 378
379 0
0 380
381 0
0 382
383 0
0 384
385 0
0 386
387 0
0 388
389 0
0 390
391 0
0 392
393 0
0 394
395 0
0 396
397 0
0 398
399 0
0 400
401 0
0 402
403 0
0 404
405 0
0 406
407 0
0 408
409 0
0 410
411 0
0 412
413 0
0 414
415 0
0 416
417 0
0 418
419 0
0 420
421 0
0 422
423 0
0 424
425 0
0 426
427 0
0 428
429 0
0 430
431 0
0 432
433 0
0 434
435 0
0 436
437 0
0 438
439 0
0 440
441 0
0 442
443 0
0 444
445 0
0 446
447 0
0 448
449 0
0 450
451 0
0 452
453 0
0 454
455 0
0 456
457 0
0 458
459 0
0 460
461 0
0 462
463 0
0 464
465 0
0 466
467 0
0 468
469 0
0 470
471 0
0 472
473 0
0 474
475 0
0 476
477 0
0 478
479 0
0 480
481 0
0 482
483 0
0 484
485 0
0 486
487 0
0 488
489 0
0 490
491 0
0 492
493 0
0 494
495 0
0 496
497 0
0 498
499 0
0 500
501 0
0 502
503 0
0 504
505 0
0 506
507 0
0 508
509 0
0 510
511 0
0 512
513 0
0 514
515 0
0 516
517 0
0 518
519 0
0 520
521 0
0 522
523 0
0 524
525 0
0 526
527 0
0 528
529 0
0 530
531 0
0 532
533 0
0 534
535 0
0 536
537 0
0 538
539 0
0 540
541 0
0 542
543 0
0 544
545 0
0 546
547 0
0 548
549 0
0 550
551 0
0 552
553 0
0 554
555 0
0 556
557 0
0 558
559 0
0 560
561 0
0 562
563 0
0 564
565 0
0 566
567 0
0 568
569 0
0 570
571 0
0 572
573 0
0 574
575 0
0 576
577 0
0 578
579 0
0 580
581 0
0 582
583 0
0 584
585 0
0 586
587 0
0 588
589 0
0 590
591 0
0 592
593 0
0 594
595 0
0 596
597 0
0 598
599 0
0 600
601 0
0 602
603 0
0 604
605 0
0 606
607 0
0 608
609 0
0 610
611 0
0 612
613 0
0 614
615 0
0 616
617 0
0 618
619 0
0 620
621 0
0 622
623 0
0 624
625 0
0 626
627 0
0 628
629 0
0 630
631 0
0 632
633 0
0 634
635 0
0 636
637 0
0 638
639 0
0 640
641 0
0 642
643 0
0 644
645 0
0 646
647 0
0 648
649 0
0 650
651 0
0 652
653 0
0 654
655 0
0 656
657 0
0 658
659 0
0 660
661 0
0 662
663 0
0 664
665 0
0 666
667 0
0 668
669 0
0 670
671 0
0 672
673 0
0 674
675 0
0 676
677 0
0 678
679 0
0 680
681 0
0 682
683 0
0 684
685 0
0 686
687 0
0 688
689 0
0 690
691 0
0 692
693 0
0 694
695 0
0 696
697 0
0 698
699 0
0 700
701 0
0 702
703 0
0 704
705 0
0 706
707 0
0 708
709 0
0 710
711 0
0 712
713 0
0 714
715 0
0 716
717 0
0 718
719 0
0 720
721 0
0 722
723 0
0 724
725 0
0 726
727 0
0 728
729 0
0 730
731 0
0 732
733 0
0 734
735 0
0 736
737 0
0 738
739 0
0 740
741 0
0 742
743 0
0 744
745 0
0 746
747 0
0 748
749 0
0 750
751 0
0 752
753 0
0 754
755 0
0 756
757 0
0 758
759 0
0 760
761 0
0 762
763 0
0 764
765 0
0 766
767 0
0 768
769 0
0 770
771 0
0 772
773 0
0 774
775 0
0 776
777 0
0 778
779 0
0 780
781 0
0 782
783 0
0 784
785 0
0 786
787 0
0 788
789 0
0 790
791 0
0 792
793 0
0 794
795 0
0 796
797 0
0 798
799 0
0 800
801 0
0 802
803 0
0 804
805 0
0 806
807 0
0 808
809 0
0 810
811 0
0 812
813 0
0 814
815 0
0 816
817 0
0 818
819 0
0 820
821 0
0 822
823 0
0 824
825 0
0 826
827 0
0 828
829 0
0 830
831 0
0 832
833 0
0 834
835 0
0 836
837 0
0 838
839 0
0 840
841 0
0 842
843 0
0 844
845 0
0 846
847 0
0 848
849 0
0 850
851 0
0 852
853 0
0 854
855 0
0 856
857 0
0 858
859 0
0 860
861 0
0 862
863 0
0 864
865 0
0 866
867 0
0 868
869 0
0 870
871 0
0 872
873 0
0 874
875 0
0 876
877 0
0 878
879 0
0 880
881 0
0 882
883 0
0 884
885 0
0 886
887 0
0 888
889 0
0 890
891 0
0 892
893 0
0 894
895 0
0 896
897 0
0 898
899 0
0 900
901 0
0 902
903 0
0 904
905 0
0 906
907 0
0 908
909 0
0 910
911 0
0 912
913 0
0 914
915 0
0 916
917 0
0 918
919 0
0 920
921 0
0 922
923 0
0 924
925 0
0 926
927 0
0 928
929 0
0 930
931 0
0 932
933 0
0 934
935 0
0 936
937 0
0 938
939 0
0 940
941 0
0 942
943 0
0 944
945 0
0 946
947 0
0 948
949 0
0 950
951 0
0 952
953 0
0 954
955 0
0 956
957 0
0 958
959 0
0 960
961 0
0 962
963 0
0 964
965 0
0 966
967 0
0 968
969 0
0 970
971 0
0 972
973 0
0 974
975 0
0 976
977 0
0 978
979 0
0 980
981 0
0 982
983 0
0 984
985 0
0 986
987 0
0 988
989 0
0 990
991 0
0 992
993 0
0 994
995 0
0 996
997 0
0 998
999 0
0 1000
1001 0
0 1002
1003 0
0 1004
1005 0
0 1006
1007 0
0 1008
1009 0
0 1010
1011 0
0 1012
1013 0
0 1014
1015 0
0 1016
1017 0
0 1018
1019 0
0 1020
1021 0
0 1022
1023 0
0 1024
1025 0
0 1026
1027 0
0 1028
1029 0
0 1030
1031 0
0 1032
1033 0
0 1034
1035 0
0 1036
1037 0
0 1038
1039 0
0 1040
1041 0
0 1042
1043 0
0 1044
1045 0
0 1046
1047 0
0 1048
1049 0
0 1050
1051 0
0 1052
1053 0
0 1054
1055 0
0 1056
1057 0
0 1058
1059 0
0 1060
1061 0
0 1062
1063 0
0 1064
1065 0
0 1066
1067 0
0 1068
1069 0
0 1070
1071 0
0 1072
1073 0
0 1074
1075 0
0 1076
1077 0
0 1078
1079 0
0 1080
1081 0
0 1082
1083 0
0 1084
1085 0
0 1086
1087 0
0 1088
1089 0
0 1090
1091 0
0 1092
1093 0
0 1094
1095 0
0 1096
1097 0
0 1098
1099 0
0 1100
1101 0
0 1102
1103 0
0 1104
1105 0
0 1106
1107 0
0 1108
1109 0
0 1110
1111 0
0 1112
1113 0
0 1114
1115 0
0 1116
1117 0
0 1118
1119 0
0 1120
1121 0
0 1122
1123 0
0 1124
1125 0
0 1126
1127 0
0 1128
1129 0
0 1130
1131 0
0 1132
1133 0
0 1134
1135 0
0 1136
1137 0
0 1138
1139 0
0 1140
1141 0
0 1142
1143 0
0 1144
1145 0
0 1146
1147 0
0 1148
1149 0
0 1150
1151 0
0 1152
1153 0
0 1154
1155 0
0 1156
1157 0
0 1158
1159 0
0 1160
1161 0
0 1162
1163 0
0 1164
1165 0
0 1166
1167 0
0 1168
1169 0
0 1170
1171 0
0 1172
1173 0
0 1174
1175 0
0 1176
1177 0
0 1178
1179 0
0 1180
1181 0
0 1182
1183 0
0 1184
1185 0
0 1186
1187 0
0 1188
1189 0
0 1190
1191 0
0 1192
1193 0
0 1194
1195 0
0 1196
1197 0
0 1198
1199 0
0 1200
1201 0
0 1202
1203 0
0 1204
1205 0
0 1206
1207 0
0 1208
1209 0
0 1210
1211 0
0 1212
1213 0
0 1214
1215 0
0 1216
1217 0
0 1218
1219 0
0 1220
1221 0
0 1222
1223 0
0 1224
1225 0
0 1226
1227 0
0 1228
1229 0
0 1230
1231 0
0 1232
1233 0
0 1234
1235 0
0 1236
1237 0
0 1238
1239 0
0 1240
1241 0
0 1242
1243 0
0 1244
1245 0
0 1246
1247 0
0 1248
1249 0
0 1250
1251 0
0 1252
1253 0
0 1254
1255 0
0 1256
1257 0
0 1258
1259 0
0 1260
1261 0
0 1262
1263 0
0 1264
1265 0
0 1266
1267 0
0 1268
1269 0
0 1270
1271 0
0 1272
1273 0
0 1274
1275 0
0 1276
1277 0
0 1278
1279 0
0 1280
1281 0
0 1282
1283 0
0 1284
1285 0
0 1286
1287 0
0 1288
1289 0
0 1290
1291 0
0 1292
1293 0
0 1294
1295 0
0 1296
1297 0
0 1298
1299 0
0 1300
1301 0
0 1302
1303 0
0 1304
1305 0
0 1306
1307 0
0 1308
1309 0
0 1310
1311 0
0 1312
1313 0
0 1314
1315 0
0 1316
1317 0
0 1318
1319 0
0 1320
1321 0
0 1322
1323 0
0 1324
1325 0
0 1326
1327 0
0 1328
1329 0
0 1330
1331 0
0 1332
1333 0
0 1334
1335 0
0 1336
1337 0
0 1338
1339 0
0 1340
1341 0
0 1342
1343 0
0 1344
1345 0
0 1346
1347 0
0 1348
1349 0
0 1350
1351 0
0 1352
1353 0
0 1354
1355 0
0 1356
1357 0
0 1358
1359 0
0 1360
1361 0
0 1362
1363 0
0 1364
1365 0
0 1366
1367 0
0 1368
1369 0
0 1370
1371 0
0 1372
1373 0
0 1374
1375 0
0 1376
1377 0
0 1378
1379 0
0 1380
1381 0
0 1382
1383 0
0 1384
1385 0
0 1386
1387 0
0 1388
1389 0
0 1390
1391 0
0 1392
1393 0
0 1394
1395 0
0 1396
1397 0
0 1398
1399 0
0 1400
1401 0
0 1402
1403 0
0 1404
1405 0
0 1406
1407 0
0 1408
1409 0
0 1410
1411 0
0 1412
1413 0
0 1414
1415 0
0 1416
1417 0
0 1418
1419 0
0 1420
1421 0
0 1422
1423 0
0 1424
1425 0
0 1426
1427 0
0 1428
1429 0
0 1430
1431 0
0 1432
1433 0
0 1434
1435 0
0 1436
1437 0
0 1438
1439 0
0 1440
1441 0
0 1442
1443 0
0 1444
1445 0
0 1446
1447 0
0 1448
1449 0
0 1450
1451 0
0 1452
1453 0
0 1454
1455 0
0 1456
1457 0
0 1458
1459 0
0 1460
1461 0
0 1462
1463 0
0 1464
1465 0
0 1466
1467 0
0 1468
1469 0
0 1470
1471 0
0 1472
1473 0
0 1474
1475 0
0 1476
1477 0
0 1478
1479 0
0 1480
1481 0
0 1482
1483 0
0 1484
1485 0
0 1486
1487 0
0 1488
1489 0
0 1490
1491 0
0 1492
1493 0
0 1494
1495 0
0 1496
1497 0
0 1498
1499 0
0 1500
1501 0
0 1502
1503 0
0 1504
1505 0
0 1506
1507 0
0 1508
1509 0
0 1510
1511 0
0 1512
1513 0
0 1514
1515 0
0 1516
1517 0
0 1518
1519 0
0 1520
1521 0
0 1522
1523 0
0 1524
1525 0
0 1526
1527 0
0 1528
1529 0
0 1530
1531 0
0 1532
1533 0
0 1534
1535 0
0 1536
1537 0
0 1538
1539 0
0 1540
1541 0
0 1542
1543 0
0 1544
1545 0
0 1546
1547 0
0 1548
1549 0
0 1550
1551 0
0 1552
1553 0
0 1554
1555 0
0 1556
1557 0
0 1558
1559 0
0 1560
1561 0
0 1562
1563 0
0 1564
1565 0
0 1566
1567 0
0 1568
1569 0
0 1570
1571 0
0 1572
1573 0
0 1574
1575 0
0 1576
1577 0
0 1578
1579 0
0 1580
1581 0
0 1582
1583 0
0 1584
1585 0
0 1586
1587 0
0 1588
1589 0
0 1590
1591 0
0 1592
1593 0
0 1594
1595 0
0 1596
1597 0
0 1598
1599 0
0 1600
1601 0
0 1602
1603 0
0 1604
1605 0
0 1606
1607 0
0 1608
1609 0
0 1610
1611 0
0 1612
1613 0
0 1614
1615 0
0 1616
1617 0
0 1618
1619 0
0 1620
1621 0
0 1622
1623 0
0 1624
1625 0
0 1626
1627 0
0 1628
1629 0
0 1630
1631 0
0 1632
1633 0
0 1634
1635 0
0 1636
1637 0
0 1638
1639 0
0 1640
1641 0
0 1642
1643 0
0 1644
1645 0
0 1646
1647 0
0 1648
1649 0
0 1650
1651 0
0 1652
1653 0
0 1654
1655 0
0 1656
1657 0
0 1658
1659 0
0 1660
1661 0
0 1662
1663 0
0 1664
1665 0
0 1666
1667 0
0 1668
1669 0
0 1670
1671 0
0 1672
1673 0
0 1674
1675 0
0 1676
1677 0
0 1678
1679 0
0 1680
1681 0
0 1682
1683 0
0 1684
1685 0
0 1686
1687 0
0 1688
1689 0
0 1690
1691 0
0 1692
1693 0
0 1694
1695 0
0 1696
1697 0
0 1698
1699 0
0 1700
1701 0
0 1702
1703 0
0 1704
1705 0
0 1706
1707 0
0 1708
1709 0
0 1710
1711 0
0 1712
1713 0
0 1714
1715 0
0 1716
1717 0
0 1718
1719 0
0 1720
1721 0
0 1722
1723 0
0 1724
1725 0
0 1726
1727 0
0 1728
1729 0
0 1730
1731 0
0 1732
1733 0
0 1734
1735 0
0 1736
1737 0
0 1738
1739 0
0 1740
1741 0
0 1742
1743 0
0 1744
1745 0
0 1746
1747 0
0 1748
1749 0
0 1750
1751 0
0 1752
1753 0
0 1754
1755 0
0 1756
1757 0
0 1758
1759 0
0 1760
1761 0
0 1762
1763 0
0 1764
1765 0
0 1766
1767 0
0 1768
1769 0
0 1770
1771 0
0 1772
1773 0
0 1774
1775 0
0 1776
1777 0
0 1778
1779 0
0 1780
1781 0
0 1782
1783 0
0 1784
1785 0
0 1786
1787 0
0 1788
1789 0
0 1790
1791 0
0 1792
1793 0
0 1794
1795 0
0 1796
1797 0
0 1798
1799 0
0 1800
1801 0
0 1802
1803 0
0 1804
1805 0
0 1806
1807 0
0 1808
1809 0
0 1810
1811 0
0 1812
1813 0
0 1814
1815 0
0 1816
1817 0
0 1818
1819 0
0 1820
1821 0
0 1822
1823 0
0 1824
1825 0
0 1826
1827 0
0 1828
1829 0
0 1830
1831 0
0 1832
1833 0
0 1834
1835 0
0 1836
1837 0
0 1838
1839 0
0 1840
1841 0
0 1842
1843 0
0 1844
1845 0
0 1846
1847 0
0 1848
1849 0
0 1850
1851 0
0 1852
1853 0
0 1854
1855 0
0 1856
1857 0
0 1858
1859 0
0 1860
1861 0
0 1862
1863 0
0 1864
1865 0
0 1866
1867 0
0 1868
1869 0
0 1870
1871 0
0 1872
1873 0
0 1874
1875 0
0 1876
1877 0
0 1878
1879 0
0 1880
1881 0
0 1882
1883 0
0 1884
1885 0
0 1886
1887 0
0 1888
1889 0
0 1890
1891 0
0 1892
1893 0
0 1894
1895 0
0 1896
1897 0
0 1898
1899 0
0 1900
1901 0
0 1902
1903 0
0 1904
1905 0
0 1906
1907 0
0 1908
1909 0
0 1910
1911 0
0 1912
1913 0
0 1914
1915 0
0 1916
1917 0
0 1918
1919 0
0 1920
1921 0
0 1922
1923 0
0 1924
1925 0
0 1926
1927 0
0 1928
1929 0
0 1930
1931 0
0 1932
1933 0
0 1934
1935 0
0 1936
1937 0
0 1938
1939 0
0 1940
1941 0
0 1942
1943 0
0 1944
1945 0
0 1946
1947 0
0 1948
1949 0
0 1950
1951 0
0 1952
1953 0
0 1954
1955 0
0 1956
1957 0
0 1958
1959 0
0 1960
1961 0
0 1962
1963 0
0 1964
1965 0
0 1966
1967 0
0 1968
1969 0
0 1970
1971 0
0 1972
1973 0
0 1974
1975 0
0 1976
1977 0
0 1978
1979 0
0 1980
1981 0
0 1982
1983 0
0 1984
1985 0
0 1986
1987 0
0 1988
1989 0
0 1990
1991 0
0 1992
1993 0
0 1994
1995 0
0 1996
1997 0
0 1998
1999 0
0 2000
1 0
0 2
3 0
0 4
5 0
0 6
7 0
0 8
9 0
0 10
11 0
0 12
13 0
0 14
15 0
0 16
17 0
0 18
19 0
0 20
21 0
0 22
23 0
0 24
25 0
0 26
27 0
0 28
29 0
0 30
31 0
0 32
33 0
0 34
35 0
0 36
37 0
0 38
39 0
0 40
41 0
0 42
43 0
0 44
45 0
0 46
47 0
0 48
49 0
0 50
51 0
0 52
53 0
0 54
55 0
0 56
57 0
0 58
59 0
0 60
61 0
0 62
63 0
0 64
65 0
0 66
67 0
0 68
69 0
0 70
71 0
0 72
73 0
0 74
75 0
0 76
77 0
0 78
79 0
0 80
81 0
0 82
83 0
0 84
85 0
0 86
87 0
0 88
89 0
0 90
91 0
0 92
93 0
0 94
95 0
0 96
97 0
0 98
99 0
0 100
101 0
0 102
103 0
0 104
105 0
0 106
107 0
0 108
109 0
0 110
111 0
0 112
113 0
0 114
115 0
0 116
117 0
0 118
119 0
0 120
121 0
0 122
123 0
0 124
125 0
0 126
127 0
0 128
129 0
0 130
131 0
0 132
133 0
0 134
135 0
0 136
137 0
0 138
139 0
0 140
141 0
0 142
143 0
0 144
145 0
0 146
147 0
0 148
149 0
0 150
151 0
0 152
153 0
0 154
155 0
0 156
157 0
0 158
159 0
0 160
161 0
0 162
163 0
0 164
165 0
0 166
167 0
0 168
169 0
0 170
171 0
0 172
173 0
0 174
175 0
0 176
177 0
0 178
179 0
0 180
181 0
0 182
183 0
0 184
185 0
0 186
187 0
0 188
189 0
0 190
191 0
0 192
193 0
0 194
195 0
0 196
197 0
0 198
199 0
0 200
201 0
0 202
203 0
0 204
205 0
0 206
207 0
0 208
209 0
0 210
211 0
0 212
213 0
0 214
215 0
0 216
217 0
0 218
219 0
0 220
221 0
0 222
223 0
0 224
225 0
0 226
227 0
0 228
229 0
0 230
231 0
0 232
233 0
0 234
235 0
0 236
237 0
0 238
239 0
0 240
241 0
0 242
243 0
0 244
245 0
0 246
247 0
0 248
249 0
0 250
251 0
0 252
253 0
0 254
255 0
0 256
257 0
0 258
259 0
0 260
261 0
0 262
263 0
0 264
265 0
0 266
267 0
0 268
269 0
0 270
271 0
0 272
273 0
0 274
275 0
0 276
277 0
0 278
279 0
0 280
281 0
0 282
283 0
0 284
285 0
0 286
287 0
0 288
289 0
0 290
291 0
0 292
293 0
0 294
295 0
0 296
297 0
0 298
299 0
0 300
301 0
0 302
303 0
0 304
305 0
0 306
307 0
0 308
309 0
0 310
311 0
0 312
313 0
0 314
315 0
0 316
317 0
0 318
319 0
0 320
321 0
0 322
323 0
0 324
325 0
0 326
327 0
0 328
329 0
0 330
331 0
0 332
333 0
0 334
335 0
0 336
337 0
0 338
339 0
0 340
341 0
0 342
343 0
0 344
345 0
0 346
347 0
0 348
349 0
0 350
351 0
0 352
353 0
0 354
355 0
0 356
357 0
0 358
359 0
0 360
361 0
0 362
363 0
0 364
365 0
0 366
367 0
0 368
369 0
0 370
371 0
0 372
373 0
0 374
375 0
0 376
377 0
0 378
379 0
0 380
381 0
0 382
383 0
0 384
385 0
0 386
387 0
0 388
389 0
0 390
391 0
0 392
393 0
0 394
395 0
0 396
397 0
0 398
399 0
0 400
401 0
0 402
403 0
0 404
405 0
0 406
407 0
0 408
409 0
0 410
411 0
0 412
413 0
0 414
415 0
0 416
417 0
0 418
419 0
0 420
421 0
0 422
423 0
0 424
425 0
0 426
427 0
0 428
429 0
0 430
431 0
0 432
433 0
0 434
435 0
0 436
437 0
0 438
439 0
0 440
441 0
0 442
443 0
0 444
445 0
0 446
447 0
0 448
449 0
0 450
451 0
0 452
453 0
0 454
455 0
0 456
457 0
0 458
459 0
0 460
461 0
0 462
463 0
0 464
465 0
0 466
467 0
0 468
469 0
0 470
471 0
0 472
473 0
0 474
475 0
0 476
477 0
0 478
479 0
0 480
481 0
0 482
483 0
0 484
485 0
0 486
487 0
0 488
489 0
0 490
491 0
0 492
493 0
0 494
495 0
0 496
497 0
0 498
499 0
0 500
501 0
0 502
503 0
0 504
505 0
0 506
507 0
0 508
509 0
0 510
511 0
0 512
513 0
0 514
515 0
0 516
517 0
0 518
519 0
0 520
521 0
0 522
523 0
0 524
525 0
0 526
527 0
0 528
529 0
0 530
531 0
0 532
533 0
0 534
535 0
0 536
537 0
0 538
539 0
0 540
541 0
0 542
543 0
0 544
545 0
0 546
547 0
0 548
549 0
0 550
551 0
0 552
553 0
0 554
555 0
0 556
557 0
0 558
559 0
0 560
561 0
0 562
563 0
0 564
565 0
0 566
567 0
0 568
569 0
0 570
571 0
0 572
573 0
0 574
575 0
0 576
577 0
0 578
579 0
0 580
581 0
0 582
583 0
0 584
585 0
0 586
587 0
0 588
589 0
0 590
591 0
0 592
593 0
0 594
595 0
0 596
597 0
0 598
599 0
0 600
601 0
0 602
603 0
0 604
605 0
0 606
607 0
0 608
609 0
0 610
611 0
0 612
613 0
0 614
615 0
0 616
617 0
0 618
619 0
0 620
621 0
0 622
623 0
0 624
625 0
0 626
627 0
0 628
629 0
0 630
631 0
0 632
633 0
0 634
635 0
0 636
637 0
0 638
639 0
0 640
641 0
0 642
643 0
0 644
645 0
0 646
647 0
0 648
649 0
0 650
651 0
0 652
653 0
0 654
655 0
0 656
657 0
0 658
659 0
0 660
661 0
0 662
663 0
0 664
665 0
0 666
667 0
0 668
669 0
0 670
671 0
0 672
673 0
0 674
675 0
0 676
677 0
0 678
679 0
0 680
681 0
0 682
683 0
0 684
685 0
0 686
687 0
0 688
689 0
0 690
691 0
0 692
693 0
0 694
695 0
0 696
697 0
0 698
699 0
0 700
701 0
0 702
703 0
0 704
705 0
0 706
707 0
0 708
709 0
0 710
711 0
0 712
713 0
0 714
715 0
0 716
717 0
0 718
719 0
0 720
721 0
0 722
723 0
0 724
725 0
0 726
727 0
0 728
729 0
0 730
731 0
0 732
733 0
0 734
735 0
0 736
737 0
0 738
739 0
0 740
741 0
0 742
743 0
0 744
745 0
0 746
747 0
0 748
749 0
0 750
751 0
0 752
753 0
0 754
755 0
0 756
757 0
0 758
759 0
0 760
761 0
0 762
763 0
0 764
765 0
0 766
767 0
0 768
769 0
0 770
771 0
0 772
773 0
0 774
775 0
0 776
777 0
0 778
779 0
0 780
781 0
0 782
783 0
0 784
785 0
0 786
787 0
0 788
789 0
0 790
791 0
0 792
793 0
0 794
795 0
0 796
797 0
0 798
799 0
0 800
801 0
0 802
803 0
0 804
805 0
0 806
807 0
0 808
809 0
0 810
811 0
0 812
813 0
0 814
815 0
0 816
817 0
0 818
819 0
0 820
821 0
0 822
823 0
0 824
825 0
0 826
827 0
0 828
829 0
0 830
831 0
0 832
833 0
0 834
835 0
0 836
837 0
0 838
839 0
0 840
841 0
0 842
843 0
0 844
845 0
0 846
847 0
0 848
849 0
0 850
851 0
0 852
853 0
0 854
855 0
0 856
857 0
0 858
859 0
0 860
861 0
0 862
863 0
0 864
865 0
0 866
867 0
0 868
869 0
0 870
871 0
0 872
873 0
0 874
875 0
0 876
877 0
0 878
879 0
0 880
881 0
0 882
883 0
0 884
885 0
0 886
887 0
0 888
889 0
0 890
891 0
0 892
893 0
0 894
895 0
0 896
897 0
0 898
899 0
0 900
901 0
0 902
903 0
0 904
905 0
0 906
907 0
0 908
909 0
0 910
911 0
0 912
913 0
0 914
915 0
0 916
917 0
0 918
919 0
0 920
921 0
0 922
923 0
0 924
925 0
0 926
927 0
0 928
929 0
0 930
931 0
0 932
933 0
0 934
935 0
0 936
937 0
0 938
939 0
0 940
941 0
0 942
943 0
0 944
945 0
0 946
947 0
0 948
949 0
0 950
951 0
0 952
953 0
0 954
955 0
0 956
957 0
0 958
959 0
0 960
961 0
0 962
963 0
0 964
965 0
0 966
967 0
0 968
969 0
0 970
971 0
0 972
973 0
0 974
975 0
0 976
977 0
0 978
979 0
0 980
981 0
0 982
983 0
0 984
985 0
0 986
987 0
0 988
989 0
0 990
991 0
0 992
993 0
0 994
995 0
0 996
997 0
0 998
999 0
0 1000
1001 0
0 1002
1003 0
0 1004
1005 0
0 1006
1007 0
0 1008
1009 0
0 1010
1011 0
0 1012
1013 0
0 1014
1015 0
0 1016
1017 0
0 1018
1019 0
0 1020
1021 0
0 1022
1023 0
0 1024
1025 0
0 1026
1027 0
0 1028
1029 0
0 1030
1031 0
0 1032
1033 0
0 1034
1035 0
0 1036
1037 0
0 1038
1039 0
0 1040
1041 0
0 1042
1043 0
0 1044
1045 0
0 1046
1047 0
0 1048
1049 0
0 1050
1051 0
0 1052
1053 0
0 1054
1055 0
0 1056
1057 0
0 1058
1059 0
0 1060
1061 0
0 1062
1063 0
0 1064
1065 0
0 1066
1067 0
0 1068
1069 0
0 1070
1071 0
0 1072
1073 0
0 1074
1075 0
0 1076
1077 0
0 1078
1079 0
0 1080
1081 0
0 1082
1083 0
0 1084
1085 0
0 1086
1087 0
0 1088
1089 0
0 1090
1091 0
0 1092
1093 0
0 1094
1095 0
0 1096
1097 0
0 1098
1099 0
0 1100
1101 0
0 1102
1103 0
0 1104
1105 0
0 1106
1107 0
0 1108
1109 0
0 1110
1111 0
0 1112
1113 0
0 1114
1115 0
0 1116
1117 0
0 1118
1119 0
0 1120
1121 0
0 1122
1123 0
0 1124
1125 0
0 1126
1127 0
0 1128
1129 0
0 1130
1131 0
0 1132
1133 0
0 1134
1135 0
0 1136
1137 0
0 1138
1139 0
0 1140
1141 0
0 1142
1143 0
0 1144
1145 0
0 1146
1147 0
0 1148
1149 0
0 1150
1151 0
0 1152
1153 0
0 1154
1155 0
0 1156
1157 0
0 1158
1159 0
0 1160
1161 0
0 1162
1163 0
0 1164
1165 0
0 1166
1167 0
0 1168
1169 0
0 1170
1171 0
0 1172
1173 0
0 1174
1175 0
0 1176
1177 0
0 1178
1179 0
0 1180
1181 0
0 1182
1183 0
0 1184
1185 0
0 1186
1187 0
0 1188
1189 0
0 1190
1191 0
0 1192
1193 0
0 1194
1195 0
0 1196
1197 0
0 1198
1199 0
0 1200
1201 0
0 1202
1203 0
0 1204
1205 0
0 1206
1207 0
0 1208
1209 0
0 1210
1211 0
0 1212
1213 0
0 1214
1215 0
0 1216
1217 0
0 1218
1219 0
0 1220
1221 0
0 1222
1223 0
0 1224
1225 0
0 1226
1227 0
0 1228
1229 0
0 1230
1231 0
0 1232
1233 0
0 1234
1235 0
0 1236
1237 0
0 1238
1239 0
0 1240
1241 0
0 1242
1243 0
0 1244
1245 0
0 1246
1247 0
0 1248
1249 0
0 1250
1251 0
0 1252
1253 0
0 1254
1255 0
0 1256
1257 0
0 1258
1259 0
0 1260
1261 0
0 1262
1263 0
0 1264
1265 0
0 1266
1267 0
0 1268
1269 0
0 1270
1271 0
0 1272
1273 0
0 1274
1275 0
0 1276
1277 0
0 1278
1279 0
0 1280
1281 0
0 1282
1283 0
0 1284
1285 0
0 1286
1287 0
0 1288
1289 0
0 1290
1291 0
0 1292
1293 0
0 1294
1295 0
0 1296
1297 0
0 1298
1299 0
0 1300
1301 0
0 1302
1303 0
0 1304
1305 0
0 1306
1307 0
0 1308
1309 0
0 1310
1311 0
0 1312
1313 0
0 1314
1315 0
0 1316
1317 0
0 1318
1319 0
0 1320
1321 0
0 1322
1323 0
0 1324
1325 0
0 1326
1327 0
0 1328
1329 0
0 1330
1331 0
0 1332
1333 0
0 1334
1335 0
0 1336
1337 0
0 1338
1339 0
0 1340
1341 0
0 1342
1343 0
0 1344
1345 0
0 1346
1347 0
0 1348
1349 0
0 1350
1351 0
0 1352
1353 0
0 1354
1355 0
0 1356
1357 0
0 1358
1359 0
0 1360
1361 0
0 1362
1363 0
0 1364
1365 0
0 1366
1367 0
0 1368
1369 0
0 1370
1371 0
0 1372
1373 0
0 1374
1375 0
0 1376
1377 0
0 1378
1379 0
0 1380
1381 0
0 1382
1383 0
0 1384
1385 0
0 1386
1387 0
0 1388
1389 0
0 1390
1391 0
0 1392
1393 0
0 1394
1395 0
0 1396
1397 0
0 1398
1399 0
0 1400
1401 0
0 1402
1403 0
0 1404
1405 0
0 1406
1407 0
0 1408
1409 0
0 1410
1411 0
0 1412
1413 0
0 1414
1415 0
0 1416
1417 0
0 1418
1419 0
0 1420
1421 0
0 1422
1423 0
0 1424
1425 0
0 1426
1427 0
0 1428
1429 0
0 1430
1431 0
0 1432
1433 0
0 1434
1435 0
0 1436
1437 0
0 1438
1439 0
0 1440
1441 0
0 1442
1443 0
0 1444
1445 0
0 1446
1447 0
0 1448
1449 0
0 1450
1451 0
0 1452
1453 0
0 1454
1455 0
0 1456
1457 0
0 1458
1459 0
0 1460
1461 0
0 1462
1463 0
0 1464
1465 0
0 1466
1467 0
0 1468
1469 0
0 1470
1471 0
0 1472
1473 0
0 1474
1475 0
0 1476
1477 0
0 1478
1479 0
0 1480
1481 0
0 1482
1483 0
0 1484
1485 0
0 1486
1487 0
0 1488
1489 0
0 1490
1491 0
0 1492
1493 0
0 1494
1495 0
0 1496
1497 0
0 1498
1499 0
0 1500
1501 0
0 1502
1503 0
0 1504
1505 0
0 1506
1507 0
0 1508
1509 0
0 1510
1511 0
0 1512
1513 0
0 1514
1515 0
0 1516
1517 0
0 1518
1519 0
0 1520
1521 0
0 1522
1523 0
0 1524
1525 0
0 1526
1527 0
0 1528
1529 0
0 1530
1531 0
0 1532
1533 0
0 1534
1535 0
0 1536
1537 0
0 1538
1539 0
0 1540
1541 0
0 1542
1543 0
0 1544
1545 0
0 1546
1547 0
0 1548
1549 0
0 1550
1551 0
0 1552
1553 0
0 1554
1555 0
0 1556
1557 0
0 1558
1559 0
0 1560
1561 0
0 1562
1563 0
0 1564
1565 0
0 1566
1567 0
0 1568
1569 0
0 1570
1571 0
0 1572
1573 0
0 1574
1575 0
0 1576
1577 0
0 1578
1579 0
0 1580
1581 0
0 1582
1583 0
0 1584
1585 0
0 1586
1587 0
0 1588
1589 0
0 1590
1591 0
0 1592
1593 0
0 1594
1595 0
0 1596
1597 0
0 1598
1599 0
0 1600
1601 0
0 1602
1603 0
0 1604
1605 0
0 1606
1607 0
0 1608
1609 0
0 1610
1611 0
0 1612
1613 0
0 1614
1615 0
0 1616
1617 0
0 1618
1619 0
0 1620
1621 0
0 1622
1623 0
0 1624
1625 0
0 1626
1627 0
0 1628
1629 0
0 1630
1631 0
0 1632
1633 0
0 1634
1635 0
0 1636
1637 0
0 1638
1639 0
0 1640
1641 0
0 1642
1643 0
0 1644
1645 0
0 1646
1647 0
0 1648
1649 0
0 1650
1651 0
0 1652
1653 0
0 1654
1655 0
0 1656
1657 0
0 1658
1659 0
0 1660
1661 0
0 1662
1663 0
0 1664
1665 0
0 1666
1667 0
0 1668
1669 0
0 1670
1671 0
0 1672
1673 0
0 1674
1675 0
0 1676
1677 0
0 1678
1679 0
0 1680
1681 0
0 1682
1683 0
0 1684
1685 0
0 1686
1687 0
0 1688
1689 0
0 1690
1691 0
0 1692
1693 0
0 1694
1695 0
0 1696
1697 0
0 1698
1699 0
0 1700
1701 0
0 1702
1703 0
0 1704
1705 0
0 1706
1707 0
0 1708
1709 0
0 1710
1711 0
0 1712
1713 0
0 1714
1715 0
0 1716
1717 0
0 1718
1719 0
0 1720
1721 0
0 1722
1723 0
0 1724
1725 0
0 1726
1727 0
0 1728
1729 0
0 1730
1731 0
0 1732
1733 0
0 1734
1735 0
0 1736
1737 0
0 1738
1739 0
0 1740
1741 0
0 1742
1743 0
0 1744
1745 0
0 1746
1747 0
0 1748
1749 0
0 1750
1751 0
0 1752
1753 0
0 1754
1755 0
0 1756
1757 0
0 1758
1759 0
0 1760
1761 0
0 1762
1763 0
0 1764
1765 0
0 1766
1767 0
0 1768
1769 0
0 1770
1771 0
0 1772
1773 0
0 1774
1775 0
0 1776
1777 0
0 1778
1779 0
0 1780
1781 0
0 1782
1783 0
0 1784
1785 0
0 1786
1787 0
0 1788
1789 0
0 1790
1791 0
0 1792
1793 0
0 1794
1795 0
0 1796
1797 0
0 1798
1799 0
0 1800
1801 0
0 1802
1803 0
0 1804
1805 0
0 1806
1807 0
0 1808
1809 0
0 1810
1811 0
0 1812
1813 0
0 1814
1815 0
0 1816
1817 0
0 1818
1819 0
0 1820
1821 0
0 1822
1823 0
0 1824
1825 0
0 1826
1827 0
0 1828
1829 0
0 1830
1831 0
0 1832
1833 0
0 1834
1835 0
0 1836
1837 0
0 1838
1839 0
0 1840
1841 0
0 1842
1843 0
0 1844
1845 0
0 1846
1847 0
0 1848
1849 0
0 1850
1851 0
0 1852
1853 0
0 1854
1855 0
0 1856
1857 0
0 1858
1859 0
0 1860
1861 0
0 1862
1863 0
0 1864
1865 0
0 1866
1867 0
0 1868
1869 0
0 1870
1871 0
0 1872
1873 0
0 1874
1875 0
0 1876
1877 0
0 1878
1879 0
0 1880
1881 0
0 1882
1883 0
0 1884
1885 0
0 1886
1887 0
0 1888
1889 0
0 1890
1891 0
0 1892
1893 0
0 1894
1895 0
0 1896
1897 0
0 1898
1899 0
0 1900
1901 0
0 1902
1903 0
0 1904
1905 0
0 1906
1907 0
0 1908
1909 0
0 1910
1911 0
0 1912
1913 0
0 1914
1915 0
0 1916
1917 0
0 1918
1919 0
0 1920
1921 0
0 1922
1923 0
0 1924
1925 0
0 1926
1927 0
0 1928
1929 0
0 1930
1931 0
0 1932
1933 0
0 1934
1935 0
0 1936
1937 0
0 1938
1939 0
0 1940
1941 0
0 1942
1943 0
0 1944
1945 0
0 1946
1947 0
0 1948
1949 0
0 1950
1951 0
0 1952
1953 0
0 1954
1955 0
0 1956
1957 0
0 1958
1959 0
0 1960
1961 0
0 1962
1963 0
0 1964
1965 0
0 1966
1967 0
0 1968
1969 0
0 1970
1971 0
0 1972
1973 0
0 1974
1975 0
0 1976
1977 0
0 1978
1979 0
0 1980
1981 0
0 1982
1983 0
0 1984
1985 0
0 1986
1987 0
0 1988
1989 0
0 1990
1991 0
0 1992
1993 0
0 1994
1995 0
0 1996
1997 0
0 1998
1999 0
0 2000
1 0
0 2
3 0
0 4
5 0
0 6
7 0
0 8
9 0
0 10
11 0
0 12
13 0
0 14
15 0
0 16
17 0
0 18
19 0
0 20
21 0
0 22
23 0
0 24
25 0
0 26
27 0
0 28
29 0
0 30
31 0
0 32
33 0
0 34
35 0
0 36
37 0
0 38
39 0
0 40
41 0
0 42
43 0
0 44
45 0
0 46
47 0
0 48
49 0
0 50
51 0
0 52
53 0
0 54
55 0
0 56
57 0
0 58
59 0
0 60
61 0
0 62
63 0
0 64
65 0
0 66
67 0
0 68
69 0
0 70
71 0
0 72
73 0
0 74
75 0
0 76
77 0
0 78
79 0
0 80
81 0
0 82
83 0
0 84
85 0
0 86
87 0
0 88
89 0
0 90
91 0
0 92
93 0
0 94
95 0
0 96
97 0
0 98
99 0
0 100
101 0
0 102
103 0
0 104
105 0
0 106
107 0
0 108
109 0
0 110
111 0
0 112
113 0
0 114
115 0
0 116
117 0
0 118
119 0
0 120
121 0
0 122
123 0
0 124
125 0
0 126
127 0
0 128
129 0
0 130
131 0
0 132
133 0
0 134
135 0
0 136
137 0
0 138
139 0
0 140
141 0
0 142
143 0
0 144
145 0
0 146
147 0
0 148
149 0
0 150
151 0
0 152
153 0
0 154
155 0
0 156
157 0
0 158
159 0
0 160
161 0
0 162
163 0
0 164
165 0
0 166
167 0
0 168
169 0
0 170
171 0
0 172
173 0
0 174
175 0
0 176
177 0
0 178
179 0
0 180
181 0
0 182
183 0
0 184
185 0
0 186
187 0
0 188
189 0
0 190
191 0
0 192
193 0
0 194
195 0
0 196
197 0
0 198
199 0
0 200
201 0
0 202
203 0
0 204
205 0
0 206
207 0
0 208
209 0
0 210
211 0
0 212
213 0
0 214
215 0
0 216
217 0
0 218
219 0
0 220
221 0
0 222
223 0
0 224
225 0
0 226
227 0
0 228
229 0
0 230
231 0
0 232
233 0
0 234
235 0
0 236
237 0
0 238
239 0
0 240
241 0
0 242
243 0
0 244
245 0
0 246
247 0
0 248
249 0
0 250
251 0
0 252
253 0
0 254
255 0
0 256
257 0
0 258
259 0
0 260
261 0
0 262
263 0
0 264
265 0
0 266
267 0
0 268
269 0
0 270
271 0
0 272
273 0
0 274
275 0
0 276
277 0
0 278
279 0
0 280
281 0
0 282
283 0
0 284
285 0
0 286
287 0
0 288
289 0
0 290
291 0
0 292
293 0
0 294
295 0
0 296
297 0
0 298
299 0
0 300
301 0
0 302
303 0
0 304
305 0
0 306
307 0
0 308
309 0
0 310
311 0
0 312
313 0
0 314
315 0
0 316
317 0
0 318
319 0
0 320
321 0
0 322
323 0
0 324
325 0
0 326
327 0
0 328
329 0
0 330
331 0
0 332
333 0
0 334
335 0
0 336
337 0
0 338
339 0
0 340
341 0
0 342
343 0
0 344
345 0
0 346
347 0
0 348
349 0
0 350
351 0
0 352
353 0
0 354
355 0
0 356
357 0
0 358
359 0
0 360
361 0
0 362
363 0
0 364
365 0
0 366
367 0
0 368
369 0
0 370
371 0
0 372
373 0
0 374
375 0
0 376
377 0
0 378
379 0
0 380
381 0
0 382
383 0
0 384
385 0
0 386
387 0
0 388
389 0
0 390
391 0
0 392
393 0
0 394
395 0
0 396
397 0
0 398
399 0
0 400
401 0
0 402
403 0
0 404
405 0
0 406
407 0
0 408
409 0
0 410
411 0
0 412
413 0
0 414
415 0
0 416
417 0
0 418
419 0
0 420
421 0
0 422
423 0
0 424
425 0
0 426
427 0
0 428
429 0
0 430
431 0
0 432
433 0
0 434
435 0
0 436
437 0
0 438
439 0
0 440
441 0
0 442
443 0
0 444
445 0
0 446
447 0
0 448
449 0
0 450
451 0
0 452
453 0
0 454
455 0
0 456
457 0
0 458
459 0
0 460
461 0
0 462
463 0
0 464
465 0
0 466
467 0
0 468
469 0
0 470
471 0
0 472
473 0
0 474
475 0
0 476
477 0
0 478
479 0
0 480
481 0
0 482
483 0
0 484
485 0
0 486
487 0
0 488
489 0
0 490
491 0
0 492
493 0
0 494
495 0
0 496
497 0
0 498
499 0
0 500
501 0
0 502
503 0
0 504
505 0
0 506
507 0
0 508
509 0
0 510
511 0
0 512
513 0
0 514
515 0
0 516
517 0
0 518
519 0
0 520
521 0
0 522
523 0
0 524
525 0
0 526
527 0
0 528
529 0
0 530
531 0
0 532
533 0
0 534
535 0
0 536
537 0
0 538
539 0
0 540
541 0
0 542
543 0
0 544
545 0
0 546
547 0
0 548
549 0
0 550
551 0
0 552
553 0
0 554
555 0
0 556
557 0
0 558
559 0
0 560
561 0
0 562
563 0
0 564
565 0
0 566
567 0
0 568
569 0
0 570
571 0
0 572
573 0
0 574
575 0
0 576
577 0
0 578
579 0
0 580
581 0
0 582
583 0
0 584
585 0
0 586
587 0
0 588
589 0
0 590
591 0
0 592
593 0
0 594
595 0
0 596
597 0
0 598
599 0
0 600
601 0
0 602
603 0
0 604
605 0
0 606
607 0
0 608
609 0
0 610
611 0
0 612
613 0
0 614
615 0
0 616
617 0
0 618
619 0
0 620
621 0
0 622
623 0
0 624
625 0
0 626
627 0
0 628
629 0
0 630
631 0
0 632
633 0
0 634
635 0
0 636
637 0
0 638
639 0
0 640
641 0
0 642
643 0
0 644
645 0
0 646
647 0
0 648
649 0
0 650
651 0
0 652
653 0
0 654
655 0
0 656
657 0
0 658
659 0
0 660
661 0
0 662
663 0
0 664
665 0
0 666
667 0
0 668
669 0
0 670
671 0
0 672
673 0
0 674
675 0
0 676
677 0
0 678
679 0
0 680
681 0
0 682
683 0
0 684
685 0
0 686
687 0
0 688
689 0
0 690
691 0
0 692
693 0
0 694
695 0
0 696
697 0
0 698
699 0
0 700
701 0
0 702
703 0
0 704
705 0
0 706
707 0
0 708
709 0
0 710
711 0
0 712
713 0
0 714
715 0
0 716
717 0
0 718
719 0
0 720
721 0
0 722
723 0
0 724
725 0
0 726
727 0
0 728
729 0
0 730
731 0
0 732
733 0
0 734
735 0
0 736
737 0
0 738
739 0
0 740
741 0
0 742
743 0
0 744
745 0
0 746
747 0
0 748
749 0
0 750
751 0
0 752
753 0
0 754
755 0
0 756
757 0
0 758
759 0
0 760
761 0
0 762
763 0
0 764
765 0
0 766
767 0
0 768
769 0
0 770
771 0
0 772
773 0
0 774
775 0
0 776
777 0
0 778
779 0
0 780
781 0
0 782
783 0
0 784
785 0
0 786
787 0
0 788
789 0
0 790
791 0
0 792
793 0
0 794
795 0
0 796
797 0
0 798
799 0
0 800
801 0
0 802
803 0
0 804
805 0
0 806
807 0
0 808
809 0
0 810
811 0
0 812
813 0
0 814
815 0
0 816
817 0
0 818
819 0
0 820
821 0
0 822
823 0
0 824
825 0
0 826
827 0
0 828
829 0
0 830
831 0
0 832
833 0
0 834
835 0
0 836
837 0
0 838
839 0
0 840
841 0
0 842
843 0
0 844
845 0
0 846
847 0
0 848
849 0
0 850
851 0
0 852
853 0
0 854
855 0
0 856
857 0
0 858
859 0
0 860
861 0
0 862
863 0
0 864
865 0
0 866
867 0
0 868
869 0
0 870
871 0
0 872
873 0
0 874
875 0
0 876
877 0
0 878
879 0
0 880
881 0
0 882
883 0
0 884
885 0
0 886
887 0
0 888
889 0
0 890
891 0
0 892
893 0
0 894
895 0
0 896
897 0
0 898
899 0
0 900
901 0
0 902
903 0
0 904
905 0
0 906
907 0
0 908
909 0
0 910
911 0
0 912
913 0
0 914
915 0
0 916
917 0
0 918
919 0
0 920
921 0
0 922
923 0
0 924
925 0
0 926
927 0
0 928
929 0
0 930
931 0
0 932
933 0
0 934
935 0
0 936
937 0
0 938
939 0
0 940
941 0
0 942
943 0
0 944
945 0
0 946
947 0
0 948
949 0
0 950
951 0
0 952
953 0
0 954
955 0
0 956
957 0
0 958
959 0
0 960
961 0
0 962
963 0
0 964
965 0
0 966
967 0
0 968
969 0
0 970
971 0
0 972
973 0
0 974
975 0
0 976
977 0
0 978
979 0
0 980
981 0
0 982
983 0
0 984
985 0
0 986
987 0
0 988
989 0
0 990
991 0
0 992
993 0
0 994
995 0
0 996
997 0
0 998
999 0
0 1000
1001 0
0 1002
1003 0
0 1004
1005 0
0 1006
1007 0
0 1008
1009 0
0 1010
1011 0
0 1012
1013 0
0 1014
1015 0
0 1016
1017 0
0 1018
1019 0
0 1020
1021 0
0 1022
1023 0
0 1024
1025 0
0 1026
1027 0
0 1028
1029 0
0 1030
1031 0
0 1032
1033 0
0 1034
1035 0
0 1036
1037 0
0 1038
1039 0
0 1040
1041 0
0 1042
1043 0
0 1044
1045 0
0 1046
1047 0
0 1048
1049 0
0 1050
1051 0
0 1052
1053 0
0 1054
1055 0
0 1056
1057 0
0 1058
1059 0
0 1060
1061 0
0 1062
1063 0
0 1064
1065 0
0 1066
1067 0
0 1068
1069 0
0 1070
1071 0
0 1072
1073 0
0 1074
1075 0
0 1076
1077 0
0 1078
1079 0
0 1080
1081 0
0 1082
1083 0
0 1084
1085 0
0 1086
1087 0
0 1088
1089 0
0 1090
1091 0
0 1092
1093 0
0 1094
1095 0
0 1096
1097 0
0 1098
1099 0
0 1100
1101 0
0 1102
1103 0
0 1104
1105 0
0 1106
1107 0
0 1108
1109 0
0 1110
1111 0
0 1112
1113 0
0 1114
1115 0
0 1116
1117 0
0 1118
1119 0
0 1120
1121 0
0 1122
1123 0
0 1124
1125 0
0 1126
1127 0
0 1128
1129 0
0 1130
1131 0
0 1132
1133 0
0 1134
1135 0
0 1136
1137 0
0 1138
1139 0
0 1140
1141 0
0 1142
1143 0
0 1144
1145 0
0 1146
1147 0
0 1148
1149 0
0 1150
1151 0
0 1152
1153 0
0 1154
1155 0
0 1156
1157 0
0 1158
1159 0
0 1160
1161 0
0 1162
1163 0
0 1164
1165 0
0 1166
1167 0
0 1168
1169 0
0 1170
1171 0
0 1172
1173 0
0 1174
1175 0
0 1176
1177 0
0 1178
1179 0
0 1180
1181 0
0 1182
1183 0
0 1184
1185 0
0 1186
1187 0
0 1188
1189 0
0 1190
1191 0
0 1192
1193 0
0 1194
1195 0
0 1196
1197 0
0 1198
1199 0
0 1200
1201 0
0 1202
1203 0
0 1204
1205 0
0 1206
1207 0
0 1208
1209 0
0 1210
1211 0
0 1212
1213 0
0 1214
1215 0
0 1216
1217 0
0 1218
1219 0
0 1220
1221 0
0 1222
1223 0
0 1224
1225 0
0 1226
1227 0
0 1228
1229 0
0 1230
1231 0
0 1232
1233 0
0 1234
1235 0
0 1236
1237 0
0 1238
1239 0
0 1240
1241 0
0 1242
1243 0
0 1244
1245 0
0 1246
1247 0
0 1248
1249 0
0 1250
1251 0
0 1252
1253 0
0 1254
1255 0
0 1256
1257 0
0 1258
1259 0
0 1260
1261 0
0 1262
1263 0
0 1264
1265 0
0 1266
1267 0
0 1268
1269 0
0 1270
1271 0
0 1272
1273 0
0 1274
1275 0
0 1276
1277 0
0 1278
1279 0
0 1280
1281 0
0 1282
1283 0
0 1284
1285 0
0 1286
1287 0
0 1288
1289 0
0 1290
1291 0
0 1292
1293 0
0 1294
1295 0
0 1296
1297 0
0 1298
1299 0
0 1300
1301 0
0 1302
1303 0
0 1304
1305 0
0 1306
1307 0
0 1308
1309 0
0 1310
1311 0
0 1312
1313 0
0 1314
1315 0
0 1316
1317 0
0 1318
1319 0
0 1320
1321 0
0 1322
1323 0
0 1324
1325 0
0 1326
1327 0
0 1328
1329 0
0 1330
1331 0
0 1332
1333 0
0 1334
1335 0
0 1336
1337 0
0 1338
1339 0
0 1340
1341 0
0 1342
1343 0
0 1344
1345 0
0 1346
1347 0
0 1348
1349 0
0 1350
1351 0
0 1352
1353 0
0 1354
1355 0
0 1356
1357 0
0 1358
1359 0
0 1360
1361 0
0 1362
1363 0
0 1364
1365 0
0 1366
1367 0
0 1368
1369 0
0 1370
1371 0
0 1372
1373 0
0 1374
1375 0
0 1376
1377 0
0 1378
1379 0
0 1380
1381 0
0 1382
1383 0
0 1384
1385 0
0 1386
1387 0
0 1388
1389 0
0 1390
1391 0
0 1392
1393 0
0 1394
1395 0
0 1396
1397 0
0 1398
1399 0
0 1400
1401 0
0 1402
1403 0
0 1404
1405 0
0 1406
1407 0
0 1408
1409 0
0 1410
1411 0
0 1412
1413 0
0 1414
1415 0
0 1416
1417 0
0 1418
1419 0
0 1420
1421 0
0 1422
1423 0
0 1424
1425 0
0 1426
1427 0
0 1428
1429 0
0 1430
1431 0
0 1432
1433 0
0 1434
1435 0
0 1436
1437 0
0 1438
1439 0
0 1440
1441 0
0 1442
1443 0
0 1444
1445 0
0 1446
1447 0
0 1448
1449 0
0 1450
1451 0
0 1452
1453 0
0 1454
1455 0
0 1456
1457 0
0 1458
1459 0
0 1460
1461 0
0 1462
1463 0
0 1464
1465 0
0 1466
1467 0
0 1468
1469 0
0 1470
1471 0
0 1472
1473 0
0 1474
1475 0
0 1476
1477 0
0 1478
1479 0
0 1480
1481 0
0 1482
1483 0
0 1484
1485 0
0 1486
1487 0
0 1488
1489 0
0 1490
1491 0
0 1492
1493 0
0 1494
1495 0
0 1496
1497 0
0 1498
1499 0
0 1500
1501 0
0 1502
1503 0
0 1504
1505 0
0 1506
1507 0
0 1508
1509 0
0 1510
1511 0
0 1512
1513 0
0 1514
1515 0
0 1516
1517 0
0 1518
1519 0
0 1520
1521 0
0 1522
1523 0
0 1524
1525 0
0 1526
1527 0
0 1528
1529 0
0 1530
1531 0
0 1532
1533 0
0 1534
1535 0
0 1536
1537 0
0 1538
1539 0
0 1540
1541 0
0 1542
1543 0
0 1544
1545 0
0 1546
1547 0
0 1548
1549 0
0 1550
1551 0
0 1552
1553 0
0 1554
1555 0
0 1556
1557 0
0 1558
1559 0
0 1560
1561 0
0 1562
1563 0
0 1564
1565 0
0 1566
1567 0
0 1568
1569 0
0 1570
1571 0
0 1572
1573 0
0 1574
1575 0
0 1576
1577 0
0 1578
1579 0
0 1580
1581 0
0 1582
1583 0
0 1584
1585 0
0 1586
1587 0
0 1588
1589 0
0 1590
1591 0
0 1592
1593 0
0 1594
1595 0
0 1596
1597 0
0 1598
1599 0
0 1600
1601 0
0 1602
1603 0
0 1604
1605 0
0 1606
1607 0
0 1608
1609 0
0 1610
1611 0
0 1612
1613 0
0 1614
1615 0
0 1616
1617 0
0 1618
1619 0
0 1620
1621 0
0 1622
1623 0
0 1624
1625 0
0 1626
1627 0
0 1628
1629 0
0 1630
1631 0
0 1632
1633 0
0 1634
1635 0
0 1636
1637 0
0 1638
1639 0
0 1640
1641 0
0 1642
1643 0
0 1644
1645 0
0 1646
1647 0
0 1648
1649 0
0 1650
1651 0
0 1652
1653 0
0 1654
1655 0
0 1656
1657 0
0 1658
1659 0
0 1660
1661 0
0 1662
1663 0
0 1664
1665 0
0 1666
1667 0
0 1668
1669 0
0 1670
1671 0
0 1672
1673 0
0 1674
1675 0
0 1676
1677 0
0 1678
1679 0
0 1680
1681 0
0 1682
1683 0
0 1684
1685 0
0 1686
1687 0
0 1688
1689 0
0 1690
1691 0
0 1692
1693 0
0 1694
1695 0
0 1696
1697 0
0 1698
1699 0
0 1700
1701 0
0 1702
1703 0
0 1704
1705 0
0 1706
1707 0
0 1708
1709 0
0 1710
1711 0
0 1712
1713 0
0 1714
1715 0
0 1716
1717 0
0 1718
1719 0
0 1720
1721 0
0 1722
1723 0
0 1724
1725 0
0 1726
1727 0
0 1728
1729 0
0 1730
1731 0
0 1732
1733 0
0 1734
1735 0
0 1736
1737 0
0 1738
1739 0
0 1740
1741 0
0 1742
1743 0
0 1744
1745 0
0 1746
1747 0
0 1748
1749 0
0 1750
1751 0
0 1752
1753 0
0 1754
1755 0
0 1756
1757 0
0 1758
1759 0
0 1760
1761 0
0 1762
1763 0
0 1764
1765 0
0 1766
1767 0
0 1768
1769 0
0 1770
1771 0
0 1772
1773 0
0 1774
1775 0
0 1776
1777 0
0 1778
1779 0
0 1780
1781 0
0 1782
1783 0
0 1784
1785 0
0 1786
1787 0
0 1788
1789 0
0 1790
1791 0
0 1792
1793 0
0 1794
1795 0
0 1796
1797 0
0 1798
1799 0
0 1800
1801 0
0 1802
1803 0
0 1804
1805 0
0 1806
1807 0
0 1808
1809 0
0 1810
1811 0
0 1812
1813 0
0 1814
1815 0
0 1816
1817 0
0 1818
1819 0
0 1820
1821 0
0 1822
1823 0
0 1824
1825 0
0 1826
1827 0
0 1828
1829 0
0 1830
1831 0
0 1832
1833 0
0 1834
1835 0
0 1836
1837 0
0 1838
1839 0
0 1840
1841 0
0 1842
1843 0
0 1844
1845 0
0 1846
1847 0
0 1848
1849 0
0 1850
1851 0
0 1852
1853 0
0 1854
1855 0
0 1856
1857 0
0 1858
1859 0
0 1860
1861 0
0 1862
1863 0
0 1864
1865 0
0 1866
1867 0
0 1868
1869 0
0 1870
1871 0
0 1872
1873 0
0 1874
1875 0
0 1876
1877 0
0 1878
1879 0
0 1880
1881 0
0 1882
1883 0
0 1884
1885 0
0 1886
1887 0
0 1888
1889 0
0 1890
1891 0
0 1892
1893 0
0 1894
1895 0
0 1896
1897 0
0 1898
1899 0
0 1900
1901 0
0 1902
1903 0
0 1904
1905 0
0 1906
1907 0
0 1908
1909 0
0 1910
1911 0
0 1912
1913 0
0 1914
1915 0
0 1916
1917 0
0 1918
1919 0
0 1920
1921 0
0 1922
1923 0
0 1924
1925 0
0 1926
1927 0
0 1928
1929 0
0 1930
1931 0
0 1932
1933 0
0 1934
1935 0
0 1936
1937 0
0 1938
1939 0
0 1940
1941 0
0 1942
1943 0
0 1944
1945 0
0 1946
1947 0
0 1948
1949 0
0 1950
1951 0
0 1952
1953 0
0 1954
1955 0
0 1956
1957 0
0 1958
1959 0
0 1960
1961 0
0 1962
1963 0
0 1964
1965 0
0 1966
1967 0
0 1968
1969 0
0 1970
1971 0
0 1972
1973 0
0 1974
1975 0
0 1976
1977 0
0 1978
1979 0
0 1980
1981 0
0 1982
1983 0
0 1984
1985 0
0 1986
1987 0
0 1988
1989 0
0 1990
1991 0
0 1992
1993 0
0 1994
1995 0
0 1996
1997 0
0 1998
1999 0
0 2000
1 0
0 2
3 0
0 4
5 0
0 6
7 0
0 8
9 0
0 10
11 0
0 12
13 0
0 14
15 0
0 16
17 0
0 18
19 0
0 20
21 0
0 22
23 0
0 24
25 0
0 26
27 0
0 28
29 0
0 30
31 0
0 32
33 0
0 34
35 0
0 36
37 0
0 38
39 0
0 40
41 0
0 42
43 0
0 44
45 0
0 46
47 0
0 48
49 0
0 50
51 0
0 52
53 0
0 54
55 0
0 56
57 0
0 58
59 0
0 60
61 0
0 62
63 0
0 64
65 0
0 66
67 0
0 68
69 0
0 70
71 0
0 72
73 0
0 74
75 0
0 76
77 0
0 78
79 0
0 80
81 0
0 82
83 0
0 84
85 0
0 86
87 0
0 88
89 0
0 90
91 0
0 92
93 0
0 94
95 0
0 96
97 0
0 98
99 0
0 100
101 0
0 102
103 0
0 104
105 0
0 106
107 0
0 108
109 0
0 110
111 0
0 112
113 0
0 114
115 0
0 116
117 0
0 118
119 0
0 120
121 0
0 122
123 0
0 124
125 0
0 126
127 0
0 128
129 0
0 130
131 0
0 132
133 0
0 134
135 0
0 136
137 0
0 138
139 0
0 140
141 0
0 142
143 0
0 144
145 0
0 146
147 0
0 148
149 0
0 150
151 0
0 152
153 0
0 154
155 0
0 156
157 0
0 158
159 0
0 160
161 0
0 162
163 0
0 164
165 0
0 166
167 0
0 168
169 0
0 170
171 0
0 172
173 0
0 174
175 0
0 176
177 0
0 178
179 0
0 180
181 0
0 182
183 0
0 184
185 0
0 186
187 0
0 188
189 0
0 190
191 0
0 192
193 0
0 194
195 0
0 196
197 0
0 198
199 0
0 200
201 0
0 202
203 0
0 204
205 0
0 206
207 0
0 208
209 0
0 210
211 0
0 212
213 0
0 214
215 0
0 216
217 0
0 218
219 0
0 220
221 0
0 222
223 0
0 224
225 0
0 226
227 0
0 228
229 0
0 230
231 0
0 232
233 0
0 234
235 0
0 236
237 0
0 238
239 0
0 240
241 0
0 242
243 0
0 244
245 0
0 246
247 0
0 248
249 0
0 250
251 0
0 252
253 0
0 254
255 0
0 256
257 0
0 258
259 0
0 260
261 0
0 262
263 0
0 264
265 0
0 266
267 0
0 268
269 0
0 270
271 0
0 272
273 0
0 274
275 0
0 276
277 0
0 278
279 0
0 280
281 0
0 282
283 0
0 284
285 0
0 286
287 0
0 288
289 0
0 290
291 0
0 292
293 0
0 294
295 0
0 296
297 0
0 298
299 0
0 300
301 0
0 302
303 0
0 304
305 0
0 306
307 0
0 308
309 0
0 310
311 0
0 312
313 0
0 314
315 0
0 316
317 0
0 318
319 0
0 320
321 0
0 322
323 0
0 324
325 0
0 326
327 0
0 328
329 0
0 330
331 0
0 332
333 0
0 334
335 0
0 336
337 0
0 338
339 0
0 340
341 0
0 342
343 0
0 344
345 0
0 346
347 0
0 348
349 0
0 350
351 0
0 352
353 0
0 354
355 0
0 356
357 0
0 358
359 0
0 360
361 0
0 362
363 0
0 364
365 0
0 366
367 0
0 368
369 0
0 370
371 0
0 372
373 0
0 374
375 0
0 376
377 0
0 378
379 0
0 380
381 0
0 382
383 0
0 384
385 0
0 386
387 0
0 388
389 0
0 390
391 0
0 392
393 0
0 394
395 0
0 396
397 0
0 398
399 0
0 400
401 0
0 402
403 0
0 404
405 0
0 406
407 0
0 408
409 0
0 410
411 0
0 412
413 0
0 414
415 0
0 416
417 0
0 418
419 0
0 420
421 0
0 422
423 0
0 424
425 0
0 426
427 0
0 428
429 0
0 430
431 0
0 432
433 0
0 434
435 0
0 436
437 0
0 438
439 0
0 440
441 0
0 442
443 0
0 444
445 0
0 446
447 0
0 448
449 0
0 450
451 0
0 452
453 0
0 454
455 0
0 456
457 0
0 458
459 0
0 460
461 0
0 462
463 0
0 464
465 0
0 466
467 0
0 468
469 0
0 470
471 0
0 472
473 0
0 474
475 0
0 476
477 0
0 478
479 0
0 480
481 0
0 482
483 0
0 484
485 0
0 486
487 0
0 488
489 0
0 490
491 0
0 492
493 0
0 494
495 0
0 496
497 0
0 498
499 0
0 500
501 0
0 502
503 0
0 504
505 0
0 506
507 0
0 508
509 0
0 510
511 0
0 512
513 0
0 514
515 0
0 516
517 0
0 518
519 0
0 520
521 0
0 522
523 0
0 524
525 0
0 526
527 0
0 528
529 0
0 530
531 0
0 532
533 0
0 534
535 0
0 536
537 0
0 538
539 0
0 540
541 0
0 542
543 0
0 544
545 0
0 546
547 0
0 548
549 0
0 550
551 0
0 552
553 0
0 554
555 0
0 556
557 0
0 558
559 0
0 560
561 0
0 562
563 0
0 564
565 0
0 566
567 0
0 568
569 0
0 570
571 0
0 572
573 0
0 574
575 0
0 576
577 0
0 578
579 0
0 580
581 0
0 582
583 0
0 584
585 0
0 586
587 0
0 588
589 0
0 590
591 0
0 592
593 0
0 594
595 0
0 596
597 0
0 598
599 0
0 600
601 0
0 602
603 0
0 604
605 0
0 606
607 0
0 608
609 0
0 610
611 0
0 612
613 0
0 614
615 0
0 616
617 0
0 618
619 0
0 620
621 0
0 622
623 0
0 624
625 0
0 626
627 0
0 628
629 0
0 630
631 0
0 632
633 0
0 634
635 0
0 636
637 0
0 638
639 0
0 640
641 0
0 642
643 0
0 644
645 0
0 646
647 0
0 648
649 0
0 650
651 0
0 652
653 0
0 654
655 0
0 656
657 0
0 658
659 0
0 660
661 0
0 662
663 0
0 664
665 0
0 666
667 0
0 668
669 0
0 670
671 0
0 672
673 0
0 674
675 0
0 676
677 0
0 678
679 0
0 680
681 0
0 682
683 0
0 684
685 0
0 686
687 0
0 688
689 0
0 690
691 0
0 692
693 0
0 694
695 0
0 696
697 0
0 698
699 0
0 700
701 0
0 702
703 0
0 704
705 0
0 706
707 0
0 708
709 0
0 710
711 0
0 712
713 0
0 714
715 0
0 716
717 0
0 718
719 0
0 720
721 0
0 722
723 0
0 724
725 0
0 726
727 0
0 728
729 0
0 730
731 0
0 732
733 0
0 734
735 0
0 736
737 0
0 738
739 0
0 740
741 0
0 742
743 0
0 744
745 0
0 746
747 0
0 748
749 0
0 750
751 0
0 752
753 0
0 754
755 0
0 756
757 0
0 758
759 0
0 760
761 0
0 762
763 0
0 764
765 0
0 766
767 0
0 768
769 0
0 770
771 0
0 772
773 0
0 774
775 0
0 776
777 0
0 778
779 0
0 780
781 0
0 782
783 0
0 784
785 0
0 786
787 0
0 788
789 0
0 790
791 0
0 792
793 0
0 794
795 0
0 796
797 0
0 798
799 0
0 800
801 0
0 802
803 0
0 804
805 0
0 806
807 0
0 808
809 0
0 810
811 0
0 812
813 0
0 814
815 0
0 816
817 0
0 818
819 0
0 820
821 0
0 822
823 0
0 824
825 0
0 826
827 0
0 828
829 0
0 830
831 0
0 832
833 0
0 834
835 0
0 836
837 0
0 838
839 0
0 840
841 0
0 842
843 0
0 844
845 0
0 846
847 0
0 848
849 0
0 850
851 0
0 852
853 0
0 854
855 0
0 856
857 0
0 858
859 0
0 860
861 0
0 862
863 0
0 864
865 0
0 866
867 0
0 868
869 0
0 870
871 0
0 872
873 0
0 874
875 0
0 876
877 0
0 878
879 0
0 880
881 0
0 882
883 0
0 884
885 0
0 886
887 0
0 888
889 0
0 890
891 0
0 892
893 0
0 894
895 0
0 896
897 0
0 898
899 0
0 900
901 0
0 902
903 0
0 904
905 0
0 906
907 0
0 908
909 0
0 910
911 0
0 912
913 0
0 914
915 0
0 916
917 0
0 918
919 0
0 920
921 0
0 922
923 0
0 924
925 0
0 926
927 0
0 928
929 0
0 930
931 0
0 932
933 0
0 934
935 0
0 936
937 0
0 938
939 0
0 940
941 0
0 942
943 0
0 944
945 0
0 946
947 0
0 948
949 0
0 950
951 0
0 952
953 0
0 954
955 0
0 956
957 0
0 958
959 0
0 960
961 0
0 962
963 0
0 964
965 0
0 966
967 0
0 968
969 0
0 970
971 0
0 972
973 0
0 974
975 0
0 976
977 0
0 978
979 0
0 980
981 0
0 982
983 0
0 984
985 0
0 986
987 0
0 988
989 0
0 990
991 0
0 992
993 0
0 994
995 0
0 996
997 0
0 998
999 0
0 1000
1001 0
0 1002
1003 0
0 1004
1005 0
0 1006
1007 0
0 1008
1009 0
0 1010
1011 0
0 1012
1013 0
0 1014
1015 0
0 1016
1017 0
0 1018
1019 0
0 1020
1021 0
0 1022
1023 0
0 1024
1025 0
0 1026
1027 0
0 1028
1029 0
0 1030
1031 0
0 1032
1033 0
0 1034
1035 0
0 1036
1037 0
0 1038
1039 0
0 1040
1041 0
0 1042
1043 0
0 1044
1045 0
0 1046
1047 0
0 1048
1049 0
0 1050
1051 0
0 1052
1053 0
0 1054
1055 0
0 1056
1057 0
0 1058
1059 0
0 1060
1061 0
0 1062
1063 0
0 1064
1065 0
0 1066
1067 0
0 1068
1069 0
0 1070
1071 0
0 1072
1073 0
0 1074
1075 0
0 1076
1077 0
0 1078
1079 0
0 1080
1081 0
0 1082
1083 0
0 1084
1085 0
0 1086
1087 0
0 1088
1089 0
0 1090
1091 0
0 1092
1093 0
0 1094
1095 0
0 1096
1097 0
0 1098
1099 0
0 1100
1101 0
0 1102
1103 0
0 1104
1105 0
0 1106
1107 0
0 1108
1109 0
0 1110
1111 0
0 1112
1113 0
0 1114
1115 0
0 1116
1117 0
0 1118
1119 0
0 1120
1121 0
0 1122
1123 0
0 1124
1125 0
0 1126
1127 0
0 1128
1129 0
0 1130
1131 0
0 1132
1133 0
0 1134
1135 0
0 1136
1137 0
0 1138
1139 0
0 1140
1141 0
0 1142
1143 0
0 1144
1145 0
0 1146
1147 0
0 1148
1149 0
0 1150
1151 0
0 1152
1153 0
0 1154
1155 0
0 1156
1157 0
0 1158
1159 0
0 1160
1161 0
0 1162
1163 0
0 1164
1165 0
0 1166
1167 0
0 1168
1169 0
0 1170
1171 0
0 1172
1173 0
0 1174
1175 0
0 1176
1177 0
0 1178
1179 0
0 1180
1181 0
0 1182
1183 0
0 1184
1185 0
0 1186
1187 0
0 1188
1189 0
0 1190
1191 0
0 1192
1193 0
0 1194
1195 0
0 1196
1197 0
0 1198
1199 0
0 1200
1201 0
0 1202
1203 0
0 1204
1205 0
0 1206
1207 0
0 1208
1209 0
0 1210
1211 0
0 1212
1213 0
0 1214
1215 0
0 1216
1217 0
0 1218
1219 0
0 1220
1221 0
0 1222
1223 0
0 1224
1225 0
0 1226
1227 0
0 1228
1229 0
0 1230
1231 0
0 1232
1233 0
0 1234
1235 0
0 1236
1237 0
0 1238
1239 0
0 1240
1241 0
0 1242
1243 0
0 1244
1245 0
0 1246
1247 0
0 1248
1249 0
0 1250
1251 0
0 1252
1253 0
0 1254
1255 0
0 1256
1257 0
0 1258
1259 0
0 1260
1261 0
0 1262
1263 0
0 1264
1265 0
0 1266
1267 0
0 1268
1269 0
0 1270
1271 0
0 1272
1273 0
0 1274
1275 0
0 1276
1277 0
0 1278
1279 0
0 1280
1281 0
0 1282
1283 0
0 1284
1285 0
0 1286
1287 0
0 1288
1289 0
0 1290
1291 0
0 1292
1293 0
0 1294
1295 0
0 1296
1297 0
0 1298
1299 0
0 1300
1301 0
0 1302
1303 0
0 1304
1305 0
0 1306
1307 0
0 1308
1309 0
0 1310
1311 0
0 1312
1313 0
0 1314
1315 0
0 1316
1317 0
0 1318
1319 0
0 1320
1321 0
0 1322
1323 0
0 1324
1325 0
0 1326
1327 0
0 1328
1329 0
0 1330
1331 0
0 1332
1333 0
0 1334
1335 0
0 1336
1337 0
0 1338
1339 0
0 1340
1341 0
0 1342
1343 0
0 1344
1345 0
0 1346
1347 0
0 1348
1349 0
0 1350
1351 0
0 1352
1353 0
0 1354
1355 0
0 1356
1357 0
0 1358
1359 0
0 1360
1361 0
0 1362
1363 0
0 1364
1365 0
0 1366
1367 0
0 1368
1369 0
0 1370
1371 0
0 1372
1373 0
0 1374
1375 0
0 1376
1377 0
0 1378
1379 0
0 1380
1381 0
0 1382
1383 0
0 1384
1385 0
0 1386
1387 0
0 1388
1389 0
0 1390
1391 0
0 1392
1393 0
0 1394
1395 0
0 1396
1397 0
0 1398
1399 0
0 1400
1401 0
0 1402
1403 0
0 1404
1405 0
0 1406
1407 0
0 1408
1409 0
0 1410
1411 0
0 1412
1413 0
0 1414
1415 0
0 1416
1417 0
0 1418
1419 0
0 1420
1421 0
0 1422
1423 0
0 1424
1425 0
0 1426
1427 0
0 1428
1429 0
0 1430
1431 0
0 1432
1433 0
0 1434
1435 0
0 1436
1437 0
0 1438
1439 0
0 1440
1441 0
0 1442
1443 0
0 1444
1445 0
0 1446
1447 0
0 1448
1449 0
0 1450
1451 0
0 1452
1453 0
0 1454
1455 0
0 1456
1457 0
0 1458
1459 0
0 1460
1461 0
0 1462
1463 0
0 1464
1465 0
0 1466
1467 0
0 1468
1469 0
0 1470
1471 0
0 1472
1473 0
0 1474
1475 0
0 1476
1477 0
0 1478
1479 0
0 1480
1481 0
0 1482
1483 0
0 1484
1485 0
0 1486
1487 0
0 1488
1489 0
0 1490
1491 0
0 1492
1493 0
0 1494
1495 0
0 1496
1497 0
0 1498
1499 0
0 1500
1501 0
0 1502
1503 0
0 1504
1505 0
0 1506
1507 0
0 1508
1509 0
0 1510
1511 0
0 1512
1513 0
0 1514
1515 0
0 1516
1517 0
0 1518
1519 0
0 1520
1521 0
0 1522
1523 0
0 1524
1525 0
0 1526
1527 0
0 1528
1529 0
0 1530
1531 0
0 1532
1533 0
0 1534
1535 0
0 1536
1537 0
0 1538
1539 0
0 1540
1541 0
0 1542
1543 0
0 1544
1545 0
0 1546
1547 0
0 1548
1549 0
0 1550
1551 0
0 1552
1553 0
0 1554
1555 0
0 1556
1557 0
0 1558
1559 0
0 1560
1561 0
0 1562
1563 0
0 1564
1565 0
0 1566
1567 0
0 1568
1569 0
0 1570
1571 0
0 1572
1573 0
0 1574
1575 0
0 1576
1577 0
0 1578
1579 0
0 1580
1581 0
0 1582
1583 0
0 1584
1585 0
0 1586
1587 0
0 1588
1589 0
0 1590
1591 0
0 1592
1593 0
0 1594
1595 0
0 1596
1597 0
0 1598
1599 0
0 1600
1601 0
0 1602
1603 0
0 1604
1605 0
0 1606
1607 0
0 1608
1609 0
0 1610
1611 0
0 1612
1613 0
0 1614
1615 0
0 1616
1617 0
0 1618
1619 0
0 1620
1621 0
0 1622
1623 0
0 1624
1625 0
0 1626
1627 0
0 1628
1629 0
0 1630
1631 0
0 1632
1633 0
0 1634
1635 0
0 1636
1637 0
0 1638
1639 0
0 1640
1641 0
0 1642
1643 0
0 1644
1645 0
0 1646
1647 0
0 1648
1649 0
0 1650
1651 0
0 1652
1653 0
0 1654
1655 0
0 1656
1657 0
0 1658
1659 0
0 1660
1661 0
0 1662
1663 0
0 1664
1665 0
0 1666
1667 0
0 1668
1669 0
0 1670
1671 0
0 1672
1673 0
0 1674
1675 0
0 1676
1677 0
0 1678
1679 0
0 1680
1681 0
0 1682
1683 0
0 1684
1685 0
0 1686
1687 0
0 1688
1689 0
0 1690
1691 0
0 1692
1693 0
0 1694
1695 0
0 1696
1697 0
0 1698
1699 0
0 1700
1701 0
0 1702
1703 0
0 1704
1705 0
0 1706
1707 0
0 1708
1709 0
0 1710
1711 0
0 1712
1713 0
0 1714
1715 0
0 1716
1717 0
0 1718
1719 0
0 1720
1721 0
0 1722
1723 0
0 1724
1725 0
0 1726
1727 0
0 1728
1729 0
0 1730
1731 0
0 1732
1733 0
0 1734
1735 0
0 1736
1737 0
0 1738
1739 0
0 1740
1741 0
0 1742
1743 0
0 1744
1745 0
0 1746
1747 0
0 1748
1749 0
0 1750
1751 0
0 1752
1753 0
0 1754
1755 0
0 1756
1757 0
0 1758
1759 0
0 1760
1761 0
0 1762
1763 0
0 1764
1765 0
0 1766
1767 0
0 1768
1769 0
0 1770
1771 0
0 1772
1773 0
0 1774
1775 0
0 1776
1777 0
0 1778
1779 0
0 1780
1781 0
0 1782
1783 0
0 1784
1785 0
0 1786
1787 0
0 1788
1789 0
0 1790
1791 0
0 1792
1793 0
0 1794
1795 0
0 1796
1797 0
0 1798
1799 0
0 1800
1801 0
0 1802
1803 0
0 1804
1805 0
0 1806
1807 0
0 1808
1809 0
0 1810
1811 0
0 1812
1813 0
0 1814
1815 0
0 1816
1817 0
0 1818
1819 0
0 1820
1821 0
0 1822
1823 0
0 1824
1825 0
0 1826
1827 0
0 1828
1829 0
0 1830
1831 0
0 1832
1833 0
0 1834
1835 0
0 1836
1837 0
0 1838
1839 0
0 1840
1841 0
0 1842
1843 0
0 1844
1845 0
0 1846
1847 0
0 1848
1849 0
0 1850
1851 0
0 1852
1853 0
0 1854
1855 0
0 1856
1857 0
0 1858
1859 0
0 1860
1861 0
0 1862
1863 0
0 1864
1865 0
0 1866
1867 0
0 1868
1869 0
0 1870
1871 0
0 1872
1873 0
0 1874
1875 0
0 1876
1877 0
0 1878
1879 0
0 1880
1881 0
0 1882
1883 0
0 1884
1885 0
0 1886
1887 0
0 1888
1889 0
0 1890
1891 0
0 1892
1893 0
0 1894
1895 0
0 1896
1897 0
0 1898
1899 0
0 1900
1901 0
0 1902
1903 0
0 1904
1905 0
0 1906
1907 0
0 1908
1909 0
0 1910
1911 0
0 1912
1913 0
0 1914
1915 0
0 1916
1917 0
0 1918
1919 0
0 1920
1921 0
0 1922
1923 0
0 1924
1925 0
0 1926
1927 0
0 1928
1929 0
0 1930
1931 0
0 1932
1933 0
0 1934
1935 0
0 1936
1937 0
0 1938
1939 0
0 1940
1941 0
0 1942
1943 0
0 1944
1945 0
0 1946
1947 0
0 1948
1949 0
0 1950
1951 0
0 1952
1953 0
0 1954
1955 0
0 1956
1957 0
0 1958
1959 0
0 1960
1961 0
0 1962
1963 0
0 1964
1965 0
0 1966
1967 0
0 1968
1969 0
0 1970
1971 0
0 1972
1973 0
0 1974
1975 0
0 1976
1977 0
0 1978
1979 0
0 1980
1981 0
0 1982
1983 0
0 1984
1985 0
0 1986
1987 0
0 1988
1989 0
0 1990
1991 0
0 1992
1993 0
0 1994
1995 0
0 1996
1997 0
0 1998
1999 0
0 2000
1 0
0 2
3 0
0 4
5 0
0 6
7 0
0 8
9 0
0 10
11 0
0 12
13 0
0 14
15 0
0 16
17 0
0 18
19 0
0 20
21 0
0 22
23 0
0 24
25 0
0 26
27 0
0 28
29 0
0 30
31 0
0 32
33 0
0 34
35 0
0 36
37 0
0 38
39 0
0 40
41 0
0 42
43 0
0 44
45 0
0 46
47 0
0 48
49 0
0 50
51 0
0 52
53 0
0 54
55 0
0 56
57 0
0 58
59 0
0 60
61 0
0 62
63 0
0 64
65 0
0 66
67 0
0 68
69 0
0 70
71 0
0 72
73 0
0 74
75 0
0 76
77 0
0 78
79 0
0 80
81 0
0 82
83 0
0 84
85 0
0 86
87 0
0 88
89 0
0 90
91 0
0 92
93 0
0 94
95 0
0 96
97 0
0 98
99 0
0 100
101 0
0 102
103 0
0 104
105 0
0 106
107 0
0 108
109 0
0 110
111 0
0 112
113 0
0 114
115 0
0 116
117 0
0 118
119 0
0 120
121 0
0 122
123 0
0 124
125 0
0 126
127 0
0 128
129 0
0 130
131 0
0 132
133 0
0 134
135 0
0 136
137 0
0 138
139 0
0 140
141 0
0 142
143 0
0 144
145 0
0 146
147 0
0 148
149 0
0 150
151 0
0 152
153 0
0 154
155 0
0 156
157 0
0 158
159 0
0 160
161 0
0 162
163 0
0 164
165 0
0 166
167 0
0 168
169 0
0 170
171 0
0 172
173 0
0 174
175 0
0 176
177 0
0 178
179 0
0 180
181 0
0 182
183 0
0 184
185 0
0 186
187 0
0 188
189 0
0 190
191 0
0 192
193 0
0 194
195 0
0 196
197 0
0 198
199 0
0 200
201 0
0 202
203 0
0 204
205 0
0 206
207 0
0 208
209 0
0 210
211 0
0 212
213 0
0 214
215 0
0 216
217 0
0 218
219 0
0 220
221 0
0 222
223 0
0 224
225 0
0 226
227 0
0 228
229 0
0 230
231 0
0 232
233 0
0 234
235 0
0 236
237 0
0 238
239 0
0 240
241 0
0 242
243 0
0 244
245 0
0 246
247 0
0 248
249 0
0 250
251 0
0 252
253 0
0 254
255 0
0 256
257 0
0 258
259 0
0 260
261 0
0 262
263 0
0 264
265 0
0 266
267 0
0 268
269 0
0 270
271 0
0 272
273 0
0 274
275 0
0 276
277 0
0 278
279 0
0 280
281 0
0 282
283 0
0 284
285 0
0 286
287 0
0 288
289 0
0 290
291 0
0 292
293 0
0 294
295 0
0 296
297 0
0 298
299 0
0 300
301 0
0 302
303 0
0 304
305 0
0 306
307 0
0 308
309 0
0 310
311 0
0 312
313 0
0 314
315 0
0 316
317 0
0 318
319 0
0 320
321 0
0 322
323 0
0 324
325 0
0 326
327 0
0 328
329 0
0 330
331 0
0 332
333 0
0 334
335 0
0 336
337 0
0 338
339 0
0 340
341 0
0 342
343 0
0 344
345 0
0 346
347 0
0 348
349 0
0 350
351 0
0 352
353 0
0 354
355 0
0 356
357 0
0 358
359 0
0 360
361 0
0 362
363 0
0 364
365 0
0 366
367 0
0 368
369 0
0 370
371 0
0 372
373 0
0 374
375 0
0 376
377 0
0 378
379 0
0 380
381 0
0 382
383 0
0 384
385 0
0 386
387 0
0 388
389 0
0 390
391 0
0 392
393 0
0 394
395 0
0 396
397 0
0 398
399 0
0 400
401 0
0 402
403 0
0 404
405 0
0 406
407 0
0 408
409 0
0 410
411 0
0 412
413 0
0 414
415 0
0 416
417 0
0 418
419 0
0 420
421 0
0 422
423 0
0 424
425 0
0 426
427 0
0 428
429 0
0 430
431 0
0 432
433 0
0 434
435 0
0 436
437 0
0 438
439 0
0 440
441 0
0 442
443 0
0 444
445 0
0 446
447 0
0 448
449 0
0 450
451 0
0 452
453 0
0 454
455 0
0 456
457 0
0 458
459 0
0 460
461 0
0 462
463 0
0 464
465 0
0 466
467 0
0 468
469 0
0 470
471 0
0 472
473 0
0 474
475 0
0 476
477 0
0 478
479 0
0 480
481 0
0 482
483 0
0 484
485 0
0 486
487 0
0 488
489 0
0 490
491 0
0 492
493 0
0 494
495 0
0 496
497 0
0 498
499 0
0 500
501 0
0 502
503 0
0 504
505 0
0 506
507 0
0 508
509 0
0 510
511 0
0 512
513 0
0 514
515 0
0 516
517 0
0 518
519 0
0 520
521 0
0 522
523 0
0 524
525 0
0 526
527 0
0 528
529 0
0 530
531 0
0 532
533 0
0 534
535 0
0 536
537 0
0 538
539 0
0 540
541 0
0 542
543 0
0 544
545 0
0 546
547 0
0 548
549 0
0 550
551 0
0 552
553 0
0 554
555 0
0 556
557 0
0 558
559 0
0 560
561 0
0 562
563 0
0 564
565 0
0 566
567 0
0 568
569 0
0 570
571 0
0 572
573 0
0 574
575 0
0 576
577 0
0 578
579 0
0 580
581 0
0 582
583 0
0 584
585 0
0 586
587 0
0 588
589 0
0 590
591 0
0 592
593 0
0 594
595 0
0 596
597 0
0 598
599 0
0 600
601 0
0 602
603 0
0 604
605 0
0 606
607 0
0 608
609 0
0 610
611 0
0 612
613 0
0 614
615 0
0 616
617 0
0 618
619 0
0 620
621 0
0 622
623 0
0 624
625 0
0 626
627 0
0 628
629 0
0 630
631 0
0 632
633 0
0 634
635 0
0 636
637 0
0 638
639 0
0 640
641 0
0 642
643 0
0 644
645 0
0 646
647 0
0 648
649 0
0 650
651 0
0 652
653 0
0 654
655 0
0 656
657 0
0 658
659 0
0 660
661 0
0 662
663 0
0 664
665 0
0 666
667 0
0 668
669 0
0 670
671 0
0 672
673 0
0 674
675 0
0 676
677 0
0 678
679 0
0 680
681 0
0 682
683 0
0 684
685 0
0 686
687 0
0 688
689 0
0 690
691 0
0 692
693 0
0 694
695 0
0 696
697 0
0 698
699 0
0 700
701 0
0 702
703 0
0 704
705 0
0 706
707 0
0 708
709 0
0 710
711 0
0 712
713 0
0 714
715 0
0 716
717 0
0 718
719 0
0 720
721 0
0 722
723 0
0 724
725 0
0 726
727 0
0 728
729 0
0 730
731 0
0 732
733 0
0 734
735 0
0 736
737 0
0 738
739 0
0 740
741 0
0 742
743 0
0 744
745 0
0 746
747 0
0 748
749 0
0 750
751 0
0 752
753 0
0 754
755 0
0 756
757 0
0 758
759 0
0 760
761 0
0 762
763 0
0 764
765 0
0 766
767 0
0 768
769 0
0 770
771 0
0 772
773 0
0 774
775 0
0 776
777 0
0 778
779 0
0 780
781 0
0 782
783 0
0 784
785 0
0 786
787 0
0 788
789 0
0 790
791 0
0 792
793 0
0 794
795 0
0 796
797 0
0 798
799 0
0 800
801 0
0 802
803 0
0 804
805 0
0 806
807 0
0 808
809 0
0 810
811 0
0 812
813 0
0 814
815 0
0 816
817 0
0 818
819 0
0 820
821 0
0 822
823 0
0 824
825 0
0 826
827 0
0 828
829 0
0 830
831 0
0 832
833 0
0 834
835 0
0 836
837 0
0 838
839 0
0 840
841 0
0 842
843 0
0 844
845 0
0 846
847 0
0 848
849 0
0 850
851 0
0 852
853 0
0 854
855 0
0 856
857 0
0 858
859 0
0 860
861 0
0 862
863 0
0 864
865 0
0 866
867 0
0 868
869 0
0 870
871 0
0 872
873 0
0 874
875 0
0 876
877 0
0 878
879 0
0 880
881 0
0 882
883 0
0 884
885 0
0 886
887 0
0 888
889 0
0 890
891 0
0 892
893 0
0 894
895 0
0 896
897 0
0 898
899 0
0 900
901 0
0 902
903 0
0 904
905 0
0 906
907 0
0 908
909 0
0 910
911 0
0 912
913 0
0 914
915 0
0 916
917 0
0 918
919 0
0 920
921 0
0 922
923 0
0 924
925 0
0 926
927 0
0 928
929 0
0 930
931 0
0 932
933 0
0 934
935 0
0 936
937 0
0 938
939 0
0 940
941 0
0 942
943 0
0 944
945 0
0 946
947 0
0 948
949 0
0 950
951 0
0 952
953 0
0 954
955 0
0 956
957 0
0 958
959 0
0 960
961 0
0 962
963 0
0 964
965 0
0 966
967 0
0 968
969 0
0 970
971 0
0 972
973 0
0 974
975 0
0 976
977 0
0 978
979 0
0 980
981 0
0 982
983 0
0 984
985 0
0 986
987 0
0 988
989 0
0 990
991 0
0 992
993 0
0 994
995 0
0 996
997 0
0 998
999 0
0 1000
1001 0
0 1002
1003 0
0 1004
1005 0
0 1006
1007 0
0 1008
1009 0
0 1010
1011 0
0 1012
1013 0
0 1014
1015 0
0 1016
1017 0
0 1018
1019 0
0 1020
1021 0
0 1022
1023 0
0 1024
1025 0
0 1026
1027 0
0 1028
1029 0
0 1030
1031 0
0 1032
1033 0
0 1034
1035 0
0 1036
1037 0
0 1038
1039 0
0 1040
1041 0
0 1042
1043 0
0 1044
1045 0
0 1046
1047 0
0 1048
1049 0
0 1050
1051 0
0 1052
1053 0
0 1054
1055 0
0 1056
1057 0
0 1058
1059 0
0 1060
1061 0
0 1062
1063 0
0 1064
1065 0
0 1066
1067 0
0 1068
1069 0
0 1070
1071 0
0 1072
1073 0
0 1074
1075 0
0 1076
1077 0
0 1078
1079 0
0 1080
1081 0
0 1082
1083 0
0 1084
1085 0
0 1086
1087 0
0 1088
1089 0
0 1090
1091 0
0 1092
1093 0
0 1094
1095 0
0 1096
1097 0
0 1098
1099 0
0 1100
1101 0
0 1102
1103 0
0 1104
1105 0
0 1106
1107 0
0 1108
1109 0
0 1110
1111 0
0 1112
1113 0
0 1114
1115 0
0 1116
1117 0
0 1118
1119 0
0 1120
1121 0
0 1122
1123 0
0 1124
1125 0
0 1126
1127 0
0 1128
1129 0
0 1130
1131 0
0 1132
1133 0
0 1134
1135 0
0 1136
1137 0
0 1138
1139 0
0 1140
1141 0
0 1142
1143 0
0 1144
1145 0
0 1146
1147 0
0 1148
1149 0
0 1150
1151 0
0 1152
1153 0
0 1154
1155 0
0 1156
1157 0
0 1158
1159 0
0 1160
1161 0
0 1162
1163 0
0 1164
1165 0
0 1166
1167 0
0 1168
1169 0
0 1170
1171 0
0 1172
1173 0
0 1174
1175 0
0 1176
1177 0
0 1178
1179 0
0 1180
1181 0
0 1182
1183 0
0 1184
1185 0
0 1186
1187 0
0 1188
1189 0
0 1190
1191 0
0 1192
1193 0
0 1194
1195 0
0 1196
1197 0
0 1198
1199 0
0 1200
1201 0
0 1202
1203 0
0 1204
1205 0
0 1206
1207 0
0 1208
1209 0
0 1210
1211 0
0 1212
1213 0
0 1214
1215 0
0 1216
1217 0
0 1218
1219 0
0 1220
1221 0
0 1222
1223 0
0 1224
1225 0
0 1226
1227 0
0 1228
1229 0
0 1230
1231 0
0 1232
1233 0
0 1234
1235 0
0 1236
1237 0
0 1238
1239 0
0 1240
1241 0
0 1242
1243 0
0 1244
1245 0
0 1246
1247 0
0 1248
1249 0
0 1250
1251 0
0 1252
1253 0
0 1254
1255 0
0 1256
1257 0
0 1258
1259 0
0 1260
1261 0
0 1262
1263 0
0 1264
1265 0
0 1266
1267 0
0 1268
1269 0
0 1270
1271 0
0 1272
1273 0
0 1274
1275 0
0 1276
1277 0
0 1278
1279 0
0 1280
1281 0
0 1282
1283 0
0 1284
1285 0
0 1286
1287 0
0 1288
1289 0
0 1290
1291 0
0 1292
1293 0
0 1294
1295 0
0 1296
1297 0
0 1298
1299 0
0 1300
1301 0
0 1302
1303 0
0 1304
1305 0
0 1306
1307 0
0 1308
1309 0
0 1310
1311 0
0 1312
1313 0
0 1314
1315 0
0 1316
1317 0
0 1318
1319 0
0 1320
1321 0
0 1322
1323 0
0 1324
1325 0
0 1326
1327 0
0 1328
1329 0
0 1330
1331 0
0 1332
1333 0
0 1334
1335 0
0 1336
1337 0
0 1338
1339 0
0 1340
1341 0
0 1342
1343 0
0 1344
1345 0
0 1346
1347 0
0 1348
1349 0
0 1350
1351 0
0 1352
1353 0
0 1354
1355 0
0 1356
1357 0
0 1358
1359 0
0 1360
1361 0
0 1362
1363 0
0 1364
1365 0
0 1366
1367 0
0 1368
1369 0
0 1370
1371 0
0 1372
1373 0
0 1374
1375 0
0 1376
1377 0
0 1378
1379 0
0 1380
1381 0
0 1382
1383 0
0 1384
1385 0
0 1386
1387 0
0 1388
1389 0
0 1390
1391 0
0 1392
1393 0
0 1394
1395 0
0 1396
1397 0
0 1398
1399 0
0 1400
1401 0
0 1402
1403 0
0 1404
1405 0
0 1406
1407 0
0 1408
1409 0
0 1410
1411 0
0 1412
1413 0
0 1414
1415 0
0 1416
1417 0
0 1418
1419 0
0 1420
1421 0
0 1422
1423 0
0 1424
1425 0
0 1426
1427 0
0 1428
1429 0
0 1430
1431 0
0 1432
1433 0
0 1434
1435 0
0 1436
1437 0
0 1438
1439 0
0 1440
1441 0
0 1442
1443 0
0 1444
1445 0
0 1446
1447 0
0 1448
1449 0
0 1450
1451 0
0 1452
1453 0
0 1454
1455 0
0 1456
1457 0
0 1458
1459 0
0 1460
1461 0
0 1462
1463 0
0 1464
1465 0
0 1466
1467 0
0 1468
1469 0
0 1470
1471 0
0 1472
1473 0
0 1474
1475 0
0 1476
1477 0
0 1478
1479 0
0 1480
1481 0
0 1482
1483 0
0 1484
1485 0
0 1486
1487 0
0 1488
1489 0
0 1490
1491 0
0 1492
1493 0
0 1494
1495 0
0 1496
1497 0
0 1498
1499 0
0 1500
1501 0
0 1502
1503 0
0 1504
1505 0
0 1506
1507 0
0 1508
1509 0
0 1510
1511 0
0 1512
1513 0
0 1514
1515 0
0 1516
1517 0
0 1518
1519 0
0 1520
1521 0
0 1522
1523 0
0 1524
1525 0
0 1526
1527 0
0 1528
1529 0
0 1530
1531 0
0 1532
1533 0
0 1534
1535 0
0 1536
1537 0
0 1538
1539 0
0 1540
1541 0
0 1542
1543 0
0 1544
1545 0
0 1546
1547 0
0 1548
1549 0
0 1550
1551 0
0 1552
1553 0
0 1554
1555 0
0 1556
1557 0
0 1558
1559 0
0 1560
1561 0
0 1562
1563 0
0 1564
1565 0
0 1566
1567 0
0 1568
1569 0
0 1570
1571 0
0 1572
1573 0
0 1574
1575 0
0 1576
1577 0
0 1578
1579 0
0 1580
1581 0
0 1582
1583 0
0 1584
1585 0
0 1586
1587 0
0 1588
1589 0
0 1590
1591 0
0 1592
1593 0
0 1594
1595 0
0 1596
1597 0
0 1598
1599 0
0 1600
1601 0
0 1602
1603 0
0 1604
1605 0
0 1606
1607 0
0 1608
1609 0
0 1610
1611 0
0 1612
1613 0
0 1614
1615 0
0 1616
1617 0
0 1618
1619 0
0 1620
1621 0
0 1622
1623 0
0 1624
1625 0
0 1626
1627 0
0 1628
1629 0
0 1630
1631 0
0 1632
1633 0
0 1634
1635 0
0 1636
1637 0
0 1638
1639 0
0 1640
1641 0
0 1642
1643 0
0 1644
1645 0
0 1646
1647 0
0 1648
1649 0
0 1650
1651 0
0 1652
1653 0
0 1654
1655 0
0 1656
1657 0
0 1658
1659 0
0 1660
1661 0
0 1662
1663 0
0 1664
1665 0
0 1666
1667 0
0 1668
1669 0
0 1670
1671 0
0 1672
1673 0
0 1674
1675 0
0 1676
1677 0
0 1678
1679 0
0 1680
1681 0
0 1682
1683 0
0 1684
1685 0
0 1686
1687 0
0 1688
1689 0
0 1690
1691 0
0 1692
1693 0
0 1694
1695 0
0 1696
1697 0
0 1698
1699 0
0 1700
1701 0
0 1702
1703 0
0 1704
1705 0
0 1706
1707 0
0 1708
1709 0
0 1710
1711 0
0 1712
1713 0
0 1714
1715 0
0 1716
1717 0
0 1718
1719 0
0 1720
1721 0
0 1722
1723 0
0 1724
1725 0
0 1726
1727 0
0 1728
1729 0
0 1730
1731 0
0 1732
1733 0
0 1734
1735 0
0 1736
1737 0
0 1738
1739 0
0 1740
1741 0
0 1742
1743 0
0 1744
1745 0
0 1746
1747 0
0 1748
1749 0
0 1750
1751 0
0 1752
1753 0
0 1754
1755 0
0 1756
1757 0
0 1758
1759 0
0 1760
1761 0
0 1762
1763 0
0 1764
1765 0
0 1766
1767 0
0 1768
1769 0
0 1770
1771 0
0 1772
1773 0
0 1774
1775 0
0 1776
1777 0
0 1778
1779 0
0 1780
1781 0
0 1782
1783 0
0 1784
1785 0
0 1786
1787 0
0 1788
1789 0
0 1790
1791 0
0 1792
1793 0
0 1794
1795 0
0 1796
1797 0
0 1798
1799 0
0 1800
1801 0
0 1802
1803 0
0 1804
1805 0
0 1806
1807 0
0 1808
1809 0
0 1810
1811 0
0 1812
1813 0
0 1814
1815 0
0 1816
1817 0
0 1818
1819 0
0 1820
1821 0
0 1822
1823 0
0 1824
1825 0
0 1826
1827 0
0 1828
1829 0
0 1830
1831 0
0 1832
1833 0
0 1834
1835 0
0 1836
1837 0
0 1838
1839 0
0 1840
1841 0
0 1842
1843 0
0 1844
1845 0
0 1846
1847 0
0 1848
1849 0
0 1850
1851 0
0 1852
1853 0
0 1854
1855 0
0 1856
1857 0
0 1858
1859 0
0 1860
1861 0
0 1862
1863 0
0 1864
1865 0
0 1866
1867 0
0 1868
1869 0
0 1870
1871 0
0 1872
1873 0
0 1874
1875 0
0 1876
1877 0
0 1878
1879 0
0 1880
1881 0
0 1882
1883 0
0 1884
1885 0
0 1886
1887 0
0 1888
1889 0
0 1890
1891 0
0 1892
1893 0
0 1894
1895 0
0 1896
1897 0
0 1898
1899 0
0 1900
1901 0
0 1902
1903 0
0 1904
1905 0
0 1906
1907 0
0 1908
1909 0
0 1910
1911 0
0 1912
1913 0
0 1914
1915 0
0 1916
1917 0
0 1918
1919 0
0 1920
1921 0
0 1922
1923 0
0 1924
1925 0
0 1926
1927 0
0 1928
1929 0
0 1930
1931 0
0 1932
1933 0
0 1934
1935 0
0 1936
1937 0
0 1938
1939 0
0 1940
1941 0
0 1942
1943 0
0 1944
1945 0
0 1946
1947 0
0 1948
1949 0
0 1950
1951 0
0 1952
1953 0
0 1954
1955 0
0 1956
1957 0
0 1958
1959 0
0 1960
1961 0
0 1962
1963 0
0 1964
1965 0
0 1966
1967 0
0 1968
1969 0
0 1970
1971 0
0 1972
1973 0
0 1974
1975 0
0 1976
1977 0
0 1978
1979 0
0 1980
1981 0
0 1982
1983 0
0 1984
1985 0
0 1986
1987 0
0 1988
1989 0
0 1990
1991 0
0 1992
1993 0
0 1994
1995 0
0 1996
1997 0
0 1998
1999 0
0 2000
1 0
0 2
3 0
0 4
5 0
0 6
7 0
0 8
9 0
0 10
11 0
0 12
13 0
0 14
15 0
0 16
17 0
0 18
19 0
0 20
21 0
0 22
23 0
0 24
25 0
0 26
27 0
0 28
29 0
0 30
31 0
0 32
33 0
0 34
35 0
0 36
37 0
0 38
39 0
0 40
41 0
0 42
43 0
0 44
45 0
0 46
47 0
0 48
49 0
0 50
51 0
0 52
53 0
0 54
55 0
0 56
57 0
0 58
59 0
0 60
61 0
0 62
63 0
0 64
65 0
0 66
67 0
0 68
69 0
0 70
71 0
0 72
73 0
0 74
75 0
0 76
77 0
0 78
79 0
0 80
81 0
0 82
83 0
0 84
85 0
0 86
87 0
0 88
89 0
0 90
91 0
0 92
93 0
0 94
95 0
0 96
97 0
0 98
99 0
0 100
101 0
0 102
103 0
0 104
105 0
0 106
107 0
0 108
109 0
0 110
111 0
0 112
113 0
0 114
115 0
0 116
117 0
0 118
119 0
0 120
121 0
0 122
123 0
0 124
125 0
0 126
127 0
0 128
129 0
0 130
131 0
0 132
133 0
0 134
135 0
0 136
137 0
0 138
139 0
0 140
141 0
0 142
143 0
0 144
145 0
0 146
147 0
0 148
149 0
0 150
151 0
0 152
153 0
0 154
155 0
0 156
157 0
0 158
159 0
0 160
161 0
0 162
163 0
0 164
165 0
0 166
167 0
0 168
169 0
0 170
171 0
0 172
173 0
0 174
175 0
0 176
177 0
0 178
179 0
0 180
181 0
0 182
183 0
0 184
185 0
0 186
187 0
0 188
189 0
0 190
191 0
0 192
193 0
0 194
195 0
0 196
197 0
0 198
199 0
0 200
201 0
0 202
203 0
0 204
205 0
0 206
207 0
0 208
209 0
0 210
211 0
0 212
213 0
0 214
215 0
0 216
217 0
0 218
219 0
0 220
221 0
0 222
223 0
0 224
225 0
0 226
227 0
0 228
229 0
0 230
231 0
0 232
233 0
0 234
235 0
0 236
237 0
0 238
239 0
0 240
241 0
0 242
243 0
0 244
245 0
0 246
247 0
0 248
249 0
0 250
251 0
0 252
253 0
0 254
255 0
0 256
257 0
0 258
259 0
0 260
261 0
0 262
263 0
0 264
265 0
0 266
267 0
0 268
269 0
0 270
271 0
0 272
273 0
0 274
275 0
0 276
277 0
0 278
279 0
0 280
281 0
0 282
283 0
0 284
285 0
0 286
287 0
0 288
289 0
0 290
291 0
0 292
293 0
0 294
295 0
0 296
297 0
0 298
299 0
0 300
301 0
0 302
303 0
0 304
305 0
0 306
307 0
0 308
309 0
0 310
311 0
0 312
313 0
0 314
315 0
0 316
317 0
0 318
319 0
0 320
321 0
0 322
323 0
0 324
325 0
0 326
327 0
0 328
329 0
0 330
331 0
0 332
333 0
0 334
335 0
0 336
337 0
0 338
339 0
0 340
341 0
0 342
343 0
0 344
345 0
0 346
347 0
0 348
349 0
0 350
351 0
0 352
353 0
0 354
355 0
0 356
357 0
0 358
359 0
0 360
361 0
0 362
363 0
0 364
365 0
0 366
367 0
0 368
369 0
0 370
371 0
0 372
373 0
0 374
375 0
0 376
377 0
0 378
379 0
0 380
381 0
0 382
383 0
0 384
385 0
0 386
387 0
0 388
389 0
0 390
391 0
0 392
393 0
0 394
395 0
0 396
397 0
0 398
399 0
0 400
401 0
0 402
403 0
0 404
405 0
0 406
407 0
0 408
409 0
0 410
411 0
0 412
413 0
0 414
415 0
0 416
417 0
0 418
419 0
0 420
421 0
0 422
423 0
0 424
425 0
0 426
427 0
0 428
429 0
0 430
431 0
0 432
433 0
0 434
435 0
0 436
437 0
0 438
439 0
0 440
441 0
0 442
443 0
0 444
445 0
0 446
447 0
0 448
449 0
0 450
451 0
0 452
453 0
0 454
455 0
0 456
457 0
0 458
459 0
0 460
461 0
0 462
463 0
0 464
465 0
0 466
467 0
0 468
469 0
0 470
471 0
0 472
473 0
0 474
475 0
0 476
477 0
0 478
479 0
0 480
481 0
0 482
483 0
0 484
485 0
0 486
487 0
0 488
489 0
0 490
491 0
0 492
493 0
0 494
495 0
0 496
497 0
0 498
499 0
0 500
501 0
0 502
503 0
0 504
505 0
0 506
507 0
0 508
509 0
0 510
511 0
0 512
513 0
0 514
515 0
0 516
517 0
0 518
519 0
0 520
521 0
0 522
523 0
0 524
525 0
0 526
527 0
0 528
529 0
0 530
531 0
0 532
533 0
0 534
535 0
0 536
537 0
0 538
539 0
0 540
541 0
0 542
543 0
0 544
545 0
0 546
547 0
0 548
549 0
0 550
551 0
0 552
553 0
0 554
555 0
0 556
557 0
0 558
559 0
0 560
561 0
0 562
563 0
0 564
565 0
0 566
567 0
0 568
569 0
0 570
571 0
0 572
573 0
0 574
575 0
0 576
577 0
0 578
579 0
0 580
581 0
0 582
583 0
0 584
585 0
0 586
587 0
0 588
589 0
0 590
591 0
0 592
593 0
0 594
595 0
0 596
597 0
0 598
599 0
0 600
601 0
0 602
603 0
0 604
605 0
0 606
607 0
0 608
609 0
0 610
611 0
0 612
613 0
0 614
615 0
0 616
617 0
0 618
619 0
0 620
621 0
0 622
623 0
0 624
625 0
0 626
627 0
0 628
629 0
0 630
631 0
0 632
633 0
0 634
635 0
0 636
637 0
0 638
639 0
0 640
641 0
0 642
643 0
0 644
645 0
0 646
647 0
0 648
649 0
0 650
651 0
0 652
653 0
0 654
655 0
0 656
657 0
0 658
659 0
0 660
661 0
0 662
663 0
0 664
665 0
0 666
667 0
0 668
669 0
0 670
671 0
0 672
673 0
0 674
675 0
0 676
677 0
0 678
679 0
0 680
681 0
0 682
683 0
0 684
685 0
0 686
687 0
0 688
689 0
0 690
691 0
0 692
693 0
0 694
695 0
0 696
697 0
0 698
699 0
0 700
701 0
0 702
703 0
0 704
705 0
0 706
707 0
0 708
709 0
0 710
711 0
0 712
713 0
0 714
715 0
0 716
717 0
0 718
719 0
0 720
721 0
0 722
723 0
0 724
725 0
0 726
727 0
0 728
729 0
0 730
731 0
0 732
733 0
0 734
735 0
0 736
737 0
0 738
739 0
0 740
741 0
0 742
743 0
0 744
745 0
0 746
747 0
0 748
749 0
0 750
751 0
0 752
753 0
0 754
755 0
0 756
757 0
0 758
759 0
0 760
761 0
0 762
763 0
0 764
765 0
0 766
767 0
0 768
769 0
0 770
771 0
0 772
773 0
0 774
775 0
0 776
777 0
0 778
779 0
0 780
781 0
0 782
783 0
0 784
785 0
0 786
787 0
0 788
789 0
0 790
791 0
0 792
793 0
0 794
795 0
0 796
797 0
0 798
799 0
0 800
801 0
0 802
803 0
0 804
805 0
0 806
807 0
0 808
809 0
0 810
811 0
0 812
813 0
0 814
815 0
0 816
817 0
0 818
819 0
0 820
821 0
0 822
823 0
0 824
825 0
0 826
827 0
0 828
829 0
0 830
831 0
0 832
833 0
0 834
835 0
0 836
837 0
0 838
839 0
0 840
841 0
0 842
843 0
0 844
845 0
0 846
847 0
0 848
849 0
0 850
851 0
0 852
853 0
0 854
855 0
0 856
857 0
0 858
859 0
0 860
861 0
0 862
863 0
0 864
865 0
0 866
867 0
0 868
869 0
0 870
871 0
0 872
873 0
0 874
875 0
0 876
877 0
0 878
879 0
0 880
881 0
0 882
883 0
0 884
885 0
0 886
887 0
0 888
889 0
0 890
891 0
0 892
893 0
0 894
895 0
0 896
897 0
0 898
899 0
0 900
901 0
0 902
903 0
0 904
905 0
0 906
907 0
0 908
909 0
0 910
911 0
0 912
913 0
0 914
915 0
0 916
917 0
0 918
919 0
0 920
921 0
0 922
923 0
0 924
925 0
0 926
927 0
0 928
929 0
0 930
931 0
0 932
933 0
0 934
935 0
0 936
937 0
0 938
939 0
0 940
941 0
0 942
943 0
0 944
945 0
0 946
947 0
0 948
949 0
0 950
951 0
0 952
953 0
0 954
955 0
0 956
957 0
0 958
959 0
0 960
961 0
0 962
963 0
0 964
965 0
0 966
967 0
0 968
969 0
0 970
971 0
0 972
973 0
0 974
975 0
0 976
977 0
0 978
979 0
0 980
981 0
0 982
983 0
0 984
985 0
0 986
987 0
0 988
989 0
0 990
991 0
0 992
993 0
0 994
995 0
0 996
997 0
0 998
999 0
0 1000
1001 0
0 1002
1003 0
0 1004
1005 0
0 1006
1007 0
0 1008
1009 0
0 1010
1011 0
0 1012
1013 0
0 1014
1015 0
0 1016
1017 0
0 1018
1019 0
0 1020
1021 0
0 1022
1023 0
0 1024
1025 0
0 1026
1027 0
0 1028
1029 0
0 1030
1031 0
0 1032
1033 0
0 1034
1035 0
0 1036
1037 0
0 1038
1039 0
0 1040
1041 0
0 1042
1043 0
0 1044
1045 0
0 1046
1047 0
0 1048
1049 0
0 1050
1051 0
0 1052
1053 0
0 1054
1055 0
0 1056
1057 0
0 1058
1059 0
0 1060
1061 0
0 1062
1063 0
0 1064
1065 0
0 1066
1067 0
0 1068
1069 0
0 1070
1071 0
0 1072
1073 0
0 1074
1075 0
0 1076
1077 0
0 1078
1079 0
0 1080
1081 0
0 1082
1083 0
0 1084
1085 0
0 1086
1087 0
0 1088
1089 0
0 1090
1091 0
0 1092
1093 0
0 1094
1095 0
0 1096
1097 0
0 1098
1099 0
0 1100
1101 0
0 1102
1103 0
0 1104
1105 0
0 1106
1107 0
0 1108
1109 0
0 1110
1111 0
0 1112
1113 0
0 1114
1115 0
0 1116
1117 0
0 1118
1119 0
0 1120
1121 0
0 1122
1123 0
0 1124
1125 0
0 1126
1127 0
0 1128
1129 0
0 1130
1131 0
0 1132
1133 0
0 1134
1135 0
0 1136
1137 0
0 1138
1139 0
0 1140
1141 0
0 1142
1143 0
0 1144
1145 0
0 1146
1147 0
0 1148
1149 0
0 1150
1151 0
0 1152
1153 0
0 1154
1155 0
0 1156
1157 0
0 1158
1159 0
0 1160
1161 0
0 1162
1163 0
0 1164
1165 0
0 1166
1167 0
0 1168
1169 0
0 1170
1171 0
0 1172
1173 0
0 1174
1175 0
0 1176
1177 0
0 1178
1179 0
0 1180
1181 0
0 1182
1183 0
0 1184
1185 0
0 1186
1187 0
0 1188
1189 0
0 1190
1191 0
0 1192
1193 0
0 1194
1195 0
0 1196
1197 0
0 1198
1199 0
0 1200
1201 0
0 1202
1203 0
0 1204
1205 0
0 1206
1207 0
0 1208
1209 0
0 1210
1211 0
0 1212
1213 0
0 1214
1215 0
0 1216
1217 0
0 1218
1219 0
0 1220
1221 0
0 1222
1223 0
0 1224
1225 0
0 1226
1227 0
0 1228
1229 0
0 1230
1231 0
0 1232
1233 0
0 1234
1235 0
0 1236
1237 0
0 1238
1239 0
0 1240
1241 0
0 1242
1243 0
0 1244
1245 0
0 1246
1247 0
0 1248
1249 0
0 1250
1251 0
0 1252
1253 0
0 1254
1255 0
0 1256
1257 0
0 1258
1259 0
0 1260
1261 0
0 1262
1263 0
0 1264
1265 0
0 1266
1267 0
0 1268
1269 0
0 1270
1271 0
0 1272
1273 0
0 1274
1275 0
0 1276
1277 0
0 1278
1279 0
0 1280
1281 0
0 1282
1283 0
0 1284
1285 0
0 1286
1287 0
0 1288
1289 0
0 1290
1291 0
0 1292
1293 0
0 1294
1295 0
0 1296
1297 0
0 1298
1299 0
0 1300
1301 0
0 1302
1303 0
0 1304
1305 0
0 1306
1307 0
0 1308
1309 0
0 1310
1311 0
0 1312
1313 0
0 1314
1315 0
0 1316
1317 0
0 1318
1319 0
0 1320
1321 0
0 1322
1323 0
0 1324
1325 0
0 1326
1327 0
0 1328
1329 0
0 1330
1331 0
0 1332
1333 0
0 1334
1335 0
0 1336
1337 0
0 1338
1339 0
0 1340
1341 0
0 1342
1343 0
0 1344
1345 0
0 1346
1347 0
0 1348
1349 0
0 1350
1351 0
0 1352
1353 0
0 1354
1355 0
0 1356
1357 0
0 1358
1359 0
0 1360
1361 0
0 1362
1363 0
0 1364
1365 0
0 1366
1367 0
0 1368
1369 0
0 1370
1371 0
0 1372
1373 0
0 1374
1375 0
0 1376
1377 0
0 1378
1379 0
0 1380
1381 0
0 1382
1383 0
0 1384
1385 0
0 1386
1387 0
0 1388
1389 0
0 1390
1391 0
0 1392
1393 0
0 1394
1395 0
0 1396
1397 0
0 1398
1399 0
0 1400
1401 0
0 1402
1403 0
0 1404
1405 0
0 1406
1407 0
0 1408
1409 0
0 1410
1411 0
0 1412
1413 0
0 1414
1415 0
0 1416
1417 0
0 1418
1419 0
0 1420
1421 0
0 1422
1423 0
0 1424
1425 0
0 1426
1427 0
0 1428
1429 0
0 1430
1431 0
0 1432
1433 0
0 1434
1435 0
0 1436
1437 0
0 1438
1439 0
0 1440
1441 0
0 1442
1443 0
0 1444
1445 0
0 1446
1447 0
0 1448
1449 0
0 1450
1451 0
0 1452
1453 0
0 1454
1455 0
0 1456
1457 0
0 1458
1459 0
0 1460
1461 0
0 1462
1463 0
0 1464
1465 0
0 1466
1467 0
0 1468
1469 0
0 1470
1471 0
0 1472
1473 0
0 1474
1475 0
0 1476
1477 0
0 1478
1479 0
0 1480
1481 0
0 1482
1483 0
0 1484
1485 0
0 1486
1487 0
0 1488
1489 0
0 1490
1491 0
0 1492
1493 0
0 1494
1495 0
0 1496
1497 0
0 1498
1499 0
0 1500
1501 0
0 1502
1503 0
0 1504
1505 0
0 1506
1507 0
0 1508
1509 0
0 1510
1511 0
0 1512
1513 0
0 1514
1515 0
0 1516
1517 0
0 1518
1519 0
0 1520
1521 0
0 1522
1523 0
0 1524
1525 0
0 1526
1527 0
0 1528
1529 0
0 1530
1531 0
0 1532
1533 0
0 1534
1535 0
0 1536
1537 0
0 1538
1539 0
0 1540
1541 0
0 1542
1543 0
0 1544
1545 0
0 1546
1547 0
0 1548
1549 0
0 1550
1551 0
0 1552
1553 0
0 1554
1555 0
0 1556
1557 0
0 1558
1559 0
0 1560
1561 0
0 1562
1563 0
0 1564
1565 0
0 1566
1567 0
0 1568
1569 0
0 1570
1571 0
0 1572
1573 0
0 1574
1575 0
0 1576
1577 0
0 1578
1579 0
0 1580
1581 0
0 1582
1583 0
0 1584
1585 0
0 1586
1587 0
0 1588
1589 0
0 1590
1591 0
0 1592
1593 0
0 1594
1595 0
0 1596
1597 0
0 1598
1599 0
0 1600
1601 0
0 1602
1603 0
0 1604
1605 0
0 1606
1607 0
0 1608
1609 0
0 1610
1611 0
0 1612
1613 0
0 1614
1615 0
0 1616
1617 0
0 1618
1619 0
0 1620
1621 0
0 1622
1623 0
0 1624
1625 0
0 1626
1627 0
0 1628
1629 0
0 1630
1631 0
0 1632
1633 0
0 1634
1635 0
0 1636
1637 0
0 1638
1639 0
0 1640
1641 0
0 1642
1643 0
0 1644
1645 0
0 1646
1647 0
0 1648
1649 0
0 1650
1651 0
0 1652
1653 0
0 1654
1655 0
0 1656
1657 0
0 1658
1659 0
0 1660
1661 0
0 1662
1663 0
0 1664
1665 0
0 1666
1667 0
0 1668
1669 0
0 1670
1671 0
0 1672
1673 0
0 1674
1675 0
0 1676
1677 0
0 1678
1679 0
0 1680
1681 0
0 1682
1683 0
0 1684
1685 0
0 1686
1687 0
0 1688
1689 0
0 1690
1691 0
0 1692
1693 0
0 1694
1695 0
0 1696
1697 0
0 1698
1699 0
0 1700
1701 0
0 1702
1703 0
0 1704
1705 0
0 1706
1707 0
0 1708
1709 0
0 1710
1711 0
0 1712
1713 0
0 1714
1715 0
0 1716
1717 0
0 1718
1719 0
0 1720
1721 0
0 1722
1723 0
0 1724
1725 0
0 1726
1727 0
0 1728
1729 0
0 1730
1731 0
0 1732
1733 0
0 1734
1735 0
0 1736
1737 0
0 1738
1739 0
0 1740
1741 0
0 1742
1743 0
0 1744
1745 0
0 1746
1747 0
0 1748
1749 0
0 1750
1751 0
0 1752
1753 0
0 1754
1755 0
0 1756
1757 0
0 1758
1759 0
0 1760
1761 0
0 1762
1763 0
0 1764
1765 0
0 1766
1767 0
0 1768
1769 0
0 1770
1771 0
0 1772
1773 0
0 1774
1775 0
0 1776
1777 0
0 1778
1779 0
0 1780
1781 0
0 1782
1783 0
0 1784
1785 0
0 1786
1787 0
0 1788
1789 0
0 1790
1791 0
0 1792
1793 0
0 1794
1795 0
0 1796
1797 0
0 1798
1799 0
0 1800
1801 0
0 1802
1803 0
0 1804
1805 0
0 1806
1807 0
0 1808
1809 0
0 1810
1811 0
0 1812
1813 0
0 1814
1815 0
0 1816
1817 0
0 1818
1819 0
0 1820
1821 0
0 1822
1823 0
0 1824
1825 0
0 1826
1827 0
0 1828
1829 0
0 1830
1831 0
0 1832
1833 0
0 1834
1835 0
0 1836
1837 0
0 1838
1839 0
0 1840
1841 0
0 1842
1843 0
0 1844
1845 0
0 1846
1847 0
0 1848
1849 0
0 1850
1851 0
0 1852
1853 0
0 1854
1855 0
0 1856
1857 0
0 1858
1859 0
0 1860
1861 0
0 1862
1863 0
0 1864
1865 0
0 1866
1867 0
0 1868
1869 0
0 1870
1871 0
0 1872
1873 0
0 1874
1875 0
0 1876
1877 0
0 1878
1879 0
0 1880
1881 0
0 1882
1883 0
0 1884
1885 0
0 1886
1887 0
0 1888
1889 0
0 1890
1891 0
0 1892
1893 0
0 1894
1895 0
0 1896
1897 0
0 1898
1899 0
0 1900
1901 0
0 1902
1903 0
0 1904
1905 0
0 1906
1907 0
0 1908
1909 0
0 1910
1911 0
0 1912
1913 0
0 1914
1915 0
0 1916
1917 0
0 1918
1919 0
0 1920
1921 0
0 1922
1923 0
0 1924
1925 0
0 1926
1927 0
0 1928
1929 0
0 1930
1931 0
0 1932
1933 0
0 1934
1935 0
0 1936
1937 0
0 1938
1939 0
0 1940
1941 0
0 1942
1943 0
0 1944
1945 0
0 1946
1947 0
0 1948
1949 0
0 1950
1951 0
0 1952
1953 0
0 1954
1955 0
0 1956
1957 0
0 1958
1959 0
0 1960
1961 0
0 1962
1963 0
0 1964
1965 0
0 1966
1967 0
0 1968
1969 0
0 1970
1971 0
0 1972
1973 0
0 1974
1975 0
0 1976
1977 0
0 1978
1979 0
0 1980
1981 0
0 1982
1983 0
0 1984
1985 0
0 1986
1987 0
0 1988
1989 0
0 1990
1991 0
0 1992
1993 0
0 1994
1995 0
0 1996
1997 0
0 1998
1999 0
0 2000
1 0
0 2
3 0
0 4
5 0
0 6
7 0
0 8
9 0
0 10
11 0
0 12
13 0
0 14
15 0
0 16
17 0
0 18
19 0
0 20
21 0
0 22
23 0
0 24
25 0
0 26
27 0
0 28
29 0
0 30
31 0
0 32
33 0
0 34
35 0
0 36
37 0
0 38
39 0
0 40
41 0
0 42
43 0
0 44
45 0
0 46
47 0
0 48
49 0
0 50
51 0
0 52
53 0
0 54
55 0
0 56
57 0
0 58
59 0
0 60
61 0
0 62
63 0
0 64
65 0
0 66
67 0
0 68
69 0
0 70
71 0
0 72
73 0
0 74
75 0
0 76
77 0
0 78
79 0
0 80
81 0
0 82
83 0
0 84
85 0
0 86
87 0
0 88
89 0
0 90
91 0
0 92
93 0
0 94
95 0
0 96
97 0
0 98
99 0
0 100
101 0
0 102
103 0
0 104
105 0
0 106
107 0
0 108
109 0
0 110
111 0
0 112
113 0
0 114
115 0
0 116
117 0
0 118
119 0
0 120
121 0
0 122
123 0
0 124
125 0
0 126
127 0
0 128
129 0
0 130
131 0
0 132
133 0
0 134
135 0
0 136
137 0
0 138
139 0
0 140
141 0
0 142
143 0
0 144
145 0
0 146
147 0
0 148
149 0
0 150
151 0
0 152
153 0
0 154
155 0
0 156
157 0
0 158
159 0
0 160
161 0
0 162
163 0
0 164
165 0
0 166
167 0
0 168
169 0
0 170
171 0
0 172
173 0
0 174
175 0
0 176
177 0
0 178
179 0
0 180
181 0
0 182
183 0
0 184
185 0
0 186
187 0
0 188
189 0
0 190
191 0
0 192
193 0
0 194
195 0
0 196
197 0
0 198
199 0
0 200
201 0
0 202
203 0
0 204
205 0
0 206
207 0
0 208
209 0
0 210
211 0
0 212
213 0
0 214
215 0
0 216
217 0
0 218
219 0
0 220
221 0
0 222
223 0
0 224
225 0
0 226
227 0
0 228
229 0
0 230
231 0
0 232
233 0
0 234
235 0
0 236
237 0
0 238
239 0
0 240
241 0
0 242
243 0
0 244
245 0
0 246
247 0
0 248
249 0
0 250
251 0
0 252
253 0
0 254
255 0
0 256
257 0
0 258
259 0
0 260
261 0
0 262
263 0
0 264
265 0
0 266
267 0
0 268
269 0
0 270
271 0
0 272
273 0
0 274
275 0
0 276
277 0
0 278
279 0
0 280
281 0
0 282
283 0
0 284
285 0
0 286
287 0
0 288
289 0
0 290
291 0
0 292
293 0
0 294
295 0
0 296
297 0
0 298
299 0
0 300
301 0
0 302
303 0
0 304
305 0
0 306
307 0
0 308
309 0
0 310
311 0
0 312
313 0
0 314
315 0
0 316
317 0
0 318
319 0
0 320
321 0
0 322
323 0
0 324
325 0
0 326
327 0
0 328
329 0
0 330
331 0
0 332
333 0
0 334
335 0
0 336
337 0
0 338
339 0
0 340
341 0
0 342
343 0
0 344
345 0
0 346
347 0
0 348
349 0
0 350
351 0
0 352
353 0
0 354
355 0
0 356
357 0
0 358
359 0
0 360
361 0
0 362
363 0
0 364
365 0
0 366
367 0
0 368
369 0
0 370
371 0
0 372
373 0
0 374
375 0
0 376
377 0
0 378
379 0
0 380
381 0
0 382
383 0
0 384
385 0
0 386
387 0
0 388
389 0
0 390
391 0
0 392
393 0
0 394
395 0
0 396
397 0
0 398
399 0
0 400
401 0
0 402
403 0
0 404
405 0
0 406
407 0
0 408
409 0
0 410
411 0
0 412
413 0
0 414
415 0
0 416
417 0
0 418
419 0
0 420
421 0
0 422
423 0
0 424
425 0
0 426
427 0
0 428
429 0
0 430
431 0
0 432
433 0
0 434
435 0
0 436
437 0
0 438
439 0
0 440
441 0
0 442
443 0
0 444
445 0
0 446
447 0
0 448
449 0
0 450
451 0
0 452
453 0
0 454
455 0
0 456
457 0
0 458
459 0
0 460
461 0
0 462
463 0
0 464
465 0
0 466
467 0
0 468
469 0
0 470
471 0
0 472
473 0
0 474
475 0
0 476
477 0
0 478
479 0
0 480
481 0
0 482
483 0
0 484
485 0
0 486
487 0
0 488
489 0
0 490
491 0
0 492
493 0
0 494
495 0
0 496
497 0
0 498
499 0
0 500
501 0
0 502
503 0
0 504
505 0
0 506
507 0
0 508
509 0
0 510
511 0
0 512
513 0
0 514
515 0
0 516
517 0
0 518
519 0
0 520
521 0
0 522
523 0
0 524
525 0
0 526
527 0
0 528
529 0
0 530
531 0
0 532
533 0
0 534
535 0
0 536
537 0
0 538
539 0
0 540
541 0
0 542
543 0
0 544
545 0
0 546
547 0
0 548
549 0
0 550
551 0
0 552
553 0
0 554
555 0
0 556
557 0
0 558
559 0
0 560
561 0
0 562
563 0
0 564
565 0
0 566
567 0
0 568
569 0
0 570
571 0
0 572
573 0
0 574
575 0
0 576
577 0
0 578
579 0
0 580
581 0
0 582
583 0
0 584
585 0
0 586
587 0
0 588
589 0
0 590
591 0
0 592
593 0
0 594
595 0
0 596
597 0
0 598
599 0
0 600
601 0
0 602
603 0
0 604
605 0
0 606
607 0
0 608
609 0
0 610
611 0
0 612
613 0
0 614
615 0
0 616
617 0
0 618
619 0
0 620
621 0
0 622
623 0
0 624
625 0
0 626
627 0
0 628
629 0
0 630
631 0
0 632
633 0
0 634
635 0
0 636
637 0
0 638
639 0
0 640
641 0
0 642
643 0
0 644
645 0
0 646
647 0
0 648
649 0
0 650
651 0
0 652
653 0
0 654
655 0
0 656
657 0
0 658
659 0
0 660
661 0
0 662
663 0
0 664
665 0
0 666
667 0
0 668
669 0
0 670
671 0
0 672
673 0
0 674
675 0
0 676
677 0
0 678
679 0
0 680
681 0
0 682
683 0
0 684
685 0
0 686
687 0
0 688
689 0
0 690
691 0
0 692
693 0
0 694
695 0
0 696
697 0
0 698
699 0
0 700
701 0
0 702
703 0
0 704
705 0
0 706
707 0
0 708
709 0
0 710
711 0
0 712
713 0
0 714
715 0
0 716
717 0
0 718
719 0
0 720
721 0
0 722
723 0
0 724
725 0
0 726
727 0
0 728
729 0
0 730
731 0
0 732
733 0
0 734
735 0
0 736
737 0
0 738
739 0
0 740
741 0
0 742
743 0
0 744
745 0
0 746
747 0
0 748
749 0
0 750
751 0
0 752
753 0
0 754
755 0
0 756
757 0
0 758
759 0
0 760
761 0
0 762
763 0
0 764
765 0
0 766
767 0
0 768
769 0
0 770
771 0
0 772
773 0
0 774
775 0
0 776
777 0
0 778
779 0
0 780
781 0
0 782
783 0
0 784
785 0
0 786
787 0
0 788
789 0
0 790
791 0
0 792
793 0
0 794
795 0
0 796
797 0
0 798
799 0
0 800
801 0
0 802
803 0
0 804
805 0
0 806
807 0
0 808
809 0
0 810
811 0
0 812
813 0
0 814
815 0
0 816
817 0
0 818
819 0
0 820
821 0
0 822
823 0
0 824
825 0
0 826
827 0
0 828
829 0
0 830
831 0
0 832
833 0
0 834
835 0
0 836
837 0
0 838
839 0
0 840
841 0
0 842
843 0
0 844
845 0
0 846
847 0
0 848
849 0
0 850
851 0
0 852
853 0
0 854
855 0
0 856
857 0
0 858
859 0
0 860
861 0
0 862
863 0
0 864
865 0
0 866
867 0
0 868
869 0
0 870
871 0
0 872
873 0
0 874
875 0
0 876
877 0
0 878
879 0
0 880
881 0
0 882
883 0
0 884
885 0
0 886
887 0
0 888
889 0
0 890
891 0
0 892
893 0
0 894
895 0
0 896
897 0
0 898
899 0
0 900
901 0
0 902
903 0
0 904
905 0
0 906
907 0
0 908
909 0
0 910
911 0
0 912
913 0
0 914
915 0
0 916
917 0
0 918
919 0
0 920
921 0
0 922
923 0
0 924
925 0
0 926
927 0
0 928
929 0
0 930
931 0
0 932
933 0
0 934
935 0
0 936
937 0
0 938
939 0
0 940
941 0
0 942
943 0
0 944
945 0
0 946
947 0
0 948
949 0
0 950
951 0
0 952
953 0
0 954
955 0
0 956
957 0
0 958
959 0
0 960
961 0
0 962
963 0
0 964
965 0
0 966
967 0
0 968
969 0
0 970
971 0
0 972
973 0
0 974
975 0
0 976
977 0
0 978
979 0
0 980
981 0
0 982
983 0
0 984
985 0
0 986
987 0
0 988
989 0
0 990
991 0
0 992
993 0
0 994
995 0
0 996
997 0
0 998
999 0
0 1000
1001 0
0 1002
1003 0
0 1004
1005 0
0 1006
1007 0
0 1008
1009 0
0 1010
1011 0
0 1012
1013 0
0 1014
1015 0
0 1016
1017 0
0 1018
1019 0
0 1020
1021 0
0 1022
1023 0
0 1024
1025 0
0 1026
1027 0
0 1028
1029 0
0 1030
1031 0
0 1032
1033 0
0 1034
1035 0
0 1036
1037 0
0 1038
1039 0
0 1040
1041 0
0 1042
1043 0
0 1044
1045 0
0 1046
1047 0
0 1048
1049 0
0 1050
1051 0
0 1052
1053 0
0 1054
1055 0
0 1056
1057 0
0 1058
1059 0
0 1060
1061 0
0 1062
1063 0
0 1064
1065 0
0 1066
1067 0
0 1068
1069 0
0 1070
1071 0
0 1072
1073 0
0 1074
1075 0
0 1076
1077 0
0 1078
1079 0
0 1080
1081 0
0 1082
1083 0
0 1084
1085 0
0 1086
1087 0
0 1088
1089 0
0 1090
1091 0
0 1092
1093 0
0 1094
1095 0
0 1096
1097 0
0 1098
1099 0
0 1100
1101 0
0 1102
1103 0
0 1104
1105 0
0 1106
1107 0
0 1108
1109 0
0 1110
1111 0
0 1112
1113 0
0 1114
1115 0
0 1116
1117 0
0 1118
1119 0
0 1120
1121 0
0 1122
1123 0
0 1124
1125 0
0 1126
1127 0
0 1128
1129 0
0 1130
1131 0
0 1132
1133 0
0 1134
1135 0
0 1136
1137 0
0 1138
1139 0
0 1140
1141 0
0 1142
1143 0
0 1144
1145 0
0 1146
1147 0
0 1148
1149 0
0 1150
1151 0
0 1152
1153 0
0 1154
1155 0
0 1156
1157 0
0 1158
1159 0
0 1160
1161 0
0 1162
1163 0
0 1164
1165 0
0 1166
1167 0
0 1168
1169 0
0 1170
1171 0
0 1172
1173 0
0 1174
1175 0
0 1176
1177 0
0 1178
1179 0
0 1180
1181 0
0 1182
1183 0
0 1184
1185 0
0 1186
1187 0
0 1188
1189 0
0 1190
1191 0
0 1192
1193 0
0 1194
1195 0
0 1196
1197 0
0 1198
1199 0
0 1200
1201 0
0 1202
1203 0
0 1204
1205 0
0 1206
1207 0
0 1208
1209 0
0 1210
1211 0
0 1212
1213 0
0 1214
1215 0
0 1216
1217 0
0 1218
1219 0
0 1220
1221 0
0 1222
1223 0
0 1224
1225 0
0 1226
1227 0
0 1228
1229 0
0 1230
1231 0
0 1232
1233 0
0 1234
1235 0
0 1236
1237 0
0 1238
1239 0
0 1240
1241 0
0 1242
1243 0
0 1244
1245 0
0 1246
1247 0
0 1248
1249 0
0 1250
1251 0
0 1252
1253 0
0 1254
1255 0
0 1256
1257 0
0 1258
1259 0
0 1260
1261 0
0 1262
1263 0
0 1264
1265 0
0 1266
1267 0
0 1268
1269 0
0 1270
1271 0
0 1272
1273 0
0 1274
1275 0
0 1276
1277 0
0 1278
1279 0
0 1280
1281 0
0 1282
1283 0
0 1284
1285 0
0 1286
1287 0
0 1288
1289 0
0 1290
1291 0
0 1292
1293 0
0 1294
1295 0
0 1296
1297 0
0 1298
1299 0
0 1300
1301 0
0 1302
1303 0
0 1304
1305 0
0 1306
1307 0
0 1308
1309 0
0 1310
1311 0
0 1312
1313 0
0 1314
1315 0
0 1316
1317 0
0 1318
1319 0
0 1320
1321 0
0 1322
1323 0
0 1324
1325 0
0 1326
1327 0
0 1328
1329 0
0 1330
1331 0
0 1332
1333 0
0 1334
1335 0
0 1336
1337 0
0 1338
1339 0
0 1340
1341 0
0 1342
1343 0
0 1344
1345 0
0 1346
1347 0
0 1348
1349 0
0 1350
1351 0
0 1352
1353 0
0 1354
1355 0
0 1356
1357 0
0 1358
1359 0
0 1360
1361 0
0 1362
1363 0
0 1364
1365 0
0 1366
1367 0
0 1368
1369 0
0 1370
1371 0
0 1372
1373 0
0 1374
1375 0
0 1376
1377 0
0 1378
1379 0
0 1380
1381 0
0 1382
1383 0
0 1384
1385 0
0 1386
1387 0
0 1388
1389 0
0 1390
1391 0
0 1392
1393 0
0 1394
1395 0
0 1396
1397 0
0 1398
1399 0
0 1400
1401 0
0 1402
1403 0
0 1404
1405 0
0 1406
1407 0
0 1408
1409 0
0 1410
1411 0
0 1412
1413 0
0 1414
1415 0
0 1416
1417 0
0 1418
1419 0
0 1420
1421 0
0 1422
1423 0
0 1424
1425 0
0 1426
1427 0
0 1428
1429 0
0 1430
1431 0
0 1432
1433 0
0 1434
1435 0
0 1436
1437 0
0 1438
1439 0
0 1440
1441 0
0 1442
1443 0
0 1444
1445 0
0 1446
1447 0
0 1448
1449 0
0 1450
1451 0
0 1452
1453 0
0 1454
1455 0
0 1456
1457 0
0 1458
1459 0
0 1460
1461 0
0 1462
1463 0
0 1464
1465 0
0 1466
1467 0
0 1468
1469 0
0 1470
1471 0
0 1472
1473 0
0 1474
1475 0
0 1476
1477 0
0 1478
1479 0
0 1480
1481 0
0 1482
1483 0
0 1484
1485 0
0 1486
1487 0
0 1488
1489 0
0 1490
1491 0
0 1492
1493 0
0 1494
1495 0
0 1496
1497 0
0 1498
1499 0
0 1500
1501 0
0 1502
1503 0
0 1504
1505 0
0 1506
1507 0
0 1508
1509 0
0 1510
1511 0
0 1512
1513 0
0 1514
1515 0
0 1516
1517 0
0 1518
1519 0
0 1520
1521 0
0 1522
1523 0
0 1524
1525 0
0 1526
1527 0
0 1528
1529 0
0 1530
1531 0
0 1532
1533 0
0 1534
1535 0
0 1536
1537 0
0 1538
1539 0
0 1540
1541 0
0 1542
1543 0
0 1544
1545 0
0 1546
1547 0
0 1548
1549 0
0 1550
1551 0
0 1552
1553 0
0 1554
1555 0
0 1556
1557 0
0 1558
1559 0
0 1560
1561 0
0 1562
1563 0
0 1564
1565 0
0 1566
1567 0
0 1568
1569 0
0 1570
1571 0
0 1572
1573 0
0 1574
1575 0
0 1576
1577 0
0 1578
1579 0
0 1580
1581 0
0 1582
1583 0
0 1584
1585 0
0 1586
1587 0
0 1588
1589 0
0 1590
1591 0
0 1592
1593 0
0 1594
1595 0
0 1596
1597 0
0 1598
1599 0
0 1600
1601 0
0 1602
1603 0
0 1604
1605 0
0 1606
1607 0
0 1608
1609 0
0 1610
1611 0
0 1612
1613 0
0 1614
1615 0
0 1616
1617 0
0 1618
1619 0
0 1620
1621 0
0 1622
1623 0
0 1624
1625 0
0 1626
1627 0
0 1628
1629 0
0 1630
1631 0
0 1632
1633 0
0 1634
1635 0
0 1636
1637 0
0 1638
1639 0
0 1640
1641 0
0 1642
1643 0
0 1644
1645 0
0 1646
1647 0
0 1648
1649 0
0 1650
1651 0
0 1652
1653 0
0 1654
1655 0
0 1656
1657 0
0 1658
1659 0
0 1660
1661 0
0 1662
1663 0
0 1664
1665 0
0 1666
1667 0
0 1668
1669 0
0 1670
1671 0
0 1672
1673 0
0 1674
1675 0
0 1676
1677 0
0 1678
1679 0
0 1680
1681 0
0 1682
1683 0
0 1684
1685 0
0 1686
1687 0
0 1688
1689 0
0 1690
1691 0
0 1692
1693 0
0 1694
1695 0
0 1696
1697 0
0 1698
1699 0
0 1700
1701 0
0 1702
1703 0
0 1704
1705 0
0 1706
1707 0
0 1708
1709 0
0 1710
1711 0
0 1712
1713 0
0 1714
1715 0
0 1716
1717 0
0 1718
1719 0
0 1720
1721 0
0 1722
1723 0
0 1724
1725 0
0 1726
1727 0
0 1728
1729 0
0 1730
1731 0
0 1732
1733 0
0 1734
1735 0
0 1736
1737 0
0 1738
1739 0
0 1740
1741 0
0 1742
1743 0
0 1744
1745 0
0 1746
1747 0
0 1748
1749 0
0 1750
1751 0
0 1752
1753 0
0 1754
1755 0
0 1756
1757 0
0 1758
1759 0
0 1760
1761 0
0 1762
1763 0
0 1764
1765 0
0 1766
1767 0
0 1768
1769 0
0 1770
1771 0
0 1772
1773 0
0 1774
1775 0
0 1776
1777 0
0 1778
1779 0
0 1780
1781 0
0 1782
1783 0
0 1784
1785 0
0 1786
1787 0
0 1788
1789 0
0 1790
1791 0
0 1792
1793 0
0 1794
1795 0
0 1796
1797 0
0 1798
1799 0
0 1800
1801 0
0 1802
1803 0
0 1804
1805 0
0 1806
1807 0
0 1808
1809 0
0 1810
1811 0
0 1812
1813 0
0 1814
1815 0
0 1816
1817 0
0 1818
1819 0
0 1820
1821 0
0 1822
1823 0
0 1824
1825 0
0 1826
1827 0
0 1828
1829 0
0 1830
1831 0
0 1832
1833 0
0 1834
1835 0
0 1836
1837 0
0 1838
1839 0
0 1840
1841 0
0 1842
1843 0
0 1844
1845 0
0 1846
1847 0
0 1848
1849 0
0 1850
1851 0
0 1852
1853 0
0 1854
1855 0
0 1856
1857 0
0 1858
1859 0
0 1860
1861 0
0 1862
1863 0
0 1864
1865 0
0 1866
1867 0
0 1868
1869 0
0 1870
1871 0
0 1872
1873 0
0 1874
1875 0
0 1876
1877 0
0 1878
1879 0
0 1880
1881 0
0 1882
1883 0
0 1884
1885 0
0 1886
1887 0
0 1888
1889 0
0 1890
1891 0
0 1892
1893 0
0 1894
1895 0
0 1896
1897 0
0 1898
1899 0
0 1900
1901 0
0 1902
1903 0
0 1904
1905 0
0 1906
1907 0
0 1908
1909 0
0 1910
1911 0
0 1912
1913 0
0 1914
1915 0
0 1916
1917 0
0 1918
1919 0
0 1920
1921 0
0 1922
1923 0
0 1924
1925 0
0 1926
1927 0
0 1928
1929 0
0 1930
1931 0
0 1932
1933 0
0 1934
1935 0
0 1936
1937 0
0 1938
1939 0
0 1940
1941 0
0 1942
1943 0
0 1944
1945 0
0 1946
1947 0
0 1948
1949 0
0 1950
1951 0
0 1952
1953 0
0 1954
1955 0
0 1956
1957 0
0 1958
1959 0
0 1960
1961 0
0 1962
1963 0
0 1964
1965 0
0 1966
1967 0
0 1968
1969 0
0 1970
1971 0
0 1972
1973 0
0 1974
1975 0
0 1976
1977 0
0 1978
1979 0
0 1980
1981 0
0 1982
1983 0
0 1984
1985 0
0 1986
1987 0
0 1988
1989 0
0 1990
1991 0
0 1992
1993 0
0 1994
1995 0
0 1996
1997 0
0 1998
1999 0
0 2000
1 0
0 2
3 0
0 4
5 0
0 6
7 0
0 8
9 0
0 10
11 0
0 12
13 0
0 14
15 0
0 16
17 0
0 18
19 0
0 20
21 0
0 22
23 0
0 24
25 0
0 26
27 0
0 28
29 0
0 30
31 0
0 32
33 0
0 34
35 0
0 36
37 0
0 38
39 0
0 40
41 0
0 42
43 0
0 44
45 0
0 46
47 0
0 48
49 0
0 50
51 0
0 52
53 0
0 54
55 0
0 56
57 0
0 58
59 0
0 60
61 0
0 62
63 0
0 64
65 0
0 66
67 0
0 68
69 0
0 70
71 0
0 72
73 0
0 74
75 0
0 76
77 0
0 78
79 0
0 80
81 0
0 82
83 0
0 84
85 0
0 86
87 0
0 88
89 0
0 90
91 0
0 92
93 0
0 94
95 0
0 96
97 0
0 98
99 0
0 100
101 0
0 102
103 0
0 104
105 0
0 106
107 0
0 108
109 0
0 110
111 0
0 112
113 0
0 114
115 0
0 116
117 0
0 118
119 0
0 120
121 0
0 122
123 0
0 124
125 0
0 126
127 0
0 128
129 0
0 130
131 0
0 132
133 0
0 134
135 0
0 136
137 0
0 138
139 0
0 140
141 0
0 142
143 0
0 144
145 0
0 146
147 0
0 148
149 0
0 150
151 0
0 152
153 0
0 154
155 0
0 156
157 0
0 158
159 0
0 160
161 0
0 162
163 0
0 164
165 0
0 166
167 0
0 168
169 0
0 170
171 0
0 172
173 0
0 174
175 0
0 176
177 0
0 178
179 0
0 180
181 0
0 182
183 0
0 184
185 0
0 186
187 0
0 188
189 0
0 190
191 0
0 192
193 0
0 194
195 0
0 196
197 0
0 198
199 0
0 200
201 0
0 202
203 0
0 204
205 0
0 206
207 0
0 208
209 0
0 210
211 0
0 212
213 0
0 214
215 0
0 216
217 0
0 218
219 0
0 220
221 0
0 222
223 0
0 224
225 0
0 226
227 0
0 228
229 0
0 230
231 0
0 232
233 0
0 234
235 0
0 236
237 0
0 238
239 0
0 240
241 0
0 242
243 0
0 244
245 0
0 246
247 0
0 248
249 0
0 250
251 0
0 252
253 0
0 254
255 0
0 256
257 0
0 258
259 0
0 260
261 0
0 262
263 0
0 264
265 0
0 266
267 0
0 268
269 0
0 270
271 0
0 272
273 0
0 274
275 0
0 276
277 0
0 278
279 0
0 280
281 0
0 282
283 0
0 284
285 0
0 286
287 0
0 288
289 0
0 290
291 0
0 292
293 0
0 294
295 0
0 296
297 0
0 298
299 0
0 300
301 0
0 302
303 0
0 304
305 0
0 306
307 0
0 308
309 0
0 310
311 0
0 312
313 0
0 314
315 0
0 316
317 0
0 318
319 0
0 320
321 0
0 322
323 0
0 324
325 0
0 326
327 0
0 328
329 0
0 330
331 0
0 332
333 0
0 334
335 0
0 336
337 0
0 338
339 0
0 340
341 0
0 342
343 0
0 344
345 0
0 346
347 0
0 348
349 0
0 350
351 0
0 352
353 0
0 354
355 0
0 356
357 0
0 358
359 0
0 360
361 0
0 362
363 0
0 364
365 0
0 366
367 0
0 368
369 0
0 370
371 0
0 372
373 0
0 374
375 0
0 376
377 0
0 378
379 0
0 380
381 0
0 382
383 0
0 384
385 0
0 386
387 0
0 388
389 0
0 390
391 0
0 392
393 0
0 394
395 0
0 396
397 0
0 398
399 0
0 400
401 0
0 402
403 0
0 404
405 0
0 406
407 0
0 408
409 0
0 410
411 0
0 412
413 0
0 414
415 0
0 416
417 0
0 418
419 0
0 420
421 0
0 422
423 0
0 424
425 0
0 426
427 0
0 428
429 0
0 430
431 0
0 432
433 0
0 434
435 0
0 436
437 0
0 438
439 0
0 440
441 0
0 442
443 0
0 444
445 0
0 446
447 0
0 448
449 0
0 450
451 0
0 452
453 0
0 454
455 0
0 456
457 0
0 458
459 0
0 460
461 0
0 462
463 0
0 464
465 0
0 466
467 0
0 468
469 0
0 470
471 0
0 472
473 0
0 474
475 0
0 476
477 0
0 478
479 0
0 480
481 0
0 482
483 0
0 484
485 0
0 486
487 0
0 488
489 0
0 490
491 0
0 492
493 0
0 494
495 0
0 496
497 0
0 498
499 0
0 500
501 0
0 502
503 0
0 504
505 0
0 506
507 0
0 508
509 0
0 510
511 0
0 512
513 0
0 514
515 0
0 516
517 0
0 518
519 0
0 520
521 0
0 522
523 0
0 524
525 0
0 526
527 0
0 528
529 0
0 530
531 0
0 532
533 0
0 534
535 0
0 536
537 0
0 538
539 0
0 540
541 0
0 542
543 0
0 544
545 0
0 546
547 0
0 548
549 0
0 550
551 0
0 552
553 0
0 554
555 0
0 556
557 0
0 558
559 0
0 560
561 0
0 562
563 0
0 564
565 0
0 566
567 0
0 568
569 0
0 570
571 0
0 572
573 0
0 574
575 0
0 576
577 0
0 578
579 0
0 580
581 0
0 582
583 0
0 584
585 0
0 586
587 0
0 588
589 0
0 590
591 0
0 592
593 0
0 594
595 0
0 596
597 0
0 598
599 0
0 600
601 0
0 602
603 0
0 604
605 0
0 606
607 0
0 608
609 0
0 610
611 0
0 612
613 0
0 614
615 0
0 616
617 0
0 618
619 0
0 620
621 0
0 622
623 0
0 624
625 0
0 626
627 0
0 628
629 0
0 630
631 0
0 632
633 0
0 634
635 0
0 636
637 0
0 638
639 0
0 640
641 0
0 642
643 0
0 644
645 0
0 646
647 0
0 648
649 0
0 650
651 0
0 652
653 0
0 654
655 0
0 656
657 0
0 658
659 0
0 660
661 0
0 662
663 0
0 664
665 0
0 666
667 0
0 668
669 0
0 670
671 0
0 672
673 0
0 674
675 0
0 676
677 0
0 678
679 0
0 680
681 0
0 682
683 0
0 684
685 0
0 686
687 0
0 688
689 0
0 690
691 0
0 692
693 0
0 694
695 0
0 696
697 0
0 698
699 0
0 700
701 0
0 702
703 0
0 704
705 0
0 706
707 0
0 708
709 0
0 710
711 0
0 712
713 0
0 714
715 0
0 716
717 0
0 718
719 0
0 720
721 0
0 722
723 0
0 724
725 0
0 726
727 0
0 728
729 0
0 730
731 0
0 732
733 0
0 734
735 0
0 736
737 0
0 738
739 0
0 740
741 0
0 742
743 0
0 744
745 0
0 746
747 0
0 748
749 0
0 750
751 0
0 752
753 0
0 754
755 0
0 756
757 0
0 758
759 0
0 760
761 0
0 762
763 0
0 764
765 0
0 766
767 0
0 768
769 0
0 770
771 0
0 772
773 0
0 774
775 0
0 776
777 0
0 778
779 0
0 780
781 0
0 782
783 0
0 784
785 0
0 786
787 0
0 788
789 0
0 790
791 0
0 792
793 0
0 794
795 0
0 796
797 0
0 798
799 0
0 800
801 0
0 802
803 0
0 804
805 0
0 806
807 0
0 808
809 0
0 810
811 0
0 812
813 0
0 814
815 0
0 816
817 0
0 818
819 0
0 820
821 0
0 822
823 0
0 824
825 0
0 826
827 0
0 828
829 0
0 830
831 0
0 832
833 0
0 834
835 0
0 836
837 0
0 838
839 0
0 840
841 0
0 842
843 0
0 844
845 0
0 846
847 0
0 848
849 0
0 850
851 0
0 852
853 0
0 854
855 0
0 856
857 0
0 858
859 0
0 860
861 0
0 862
863 0
0 864
865 0
0 866
867 0
0 868
869 0
0 870
871 0
0 872
873 0
0 874
875 0
0 876
877 0
0 878
879 0
0 880
881 0
0 882
883 0
0 884
885 0
0 886
887 0
0 888
889 0
0 890
891 0
0 892
893 0
0 894
895 0
0 896
897 0
0 898
899 0
0 900
901 0
0 902
903 0
0 904
905 0
0 906
907 0
0 908
909 0
0 910
911 0
0 912
913 0
0 914
915 0
0 916
917 0
0 918
919 0
0 920
921 0
0 922
923 0
0 924
925 0
0 926
927 0
0 928
929 0
0 930
931 0
0 932
933 0
0 934
935 0
0 936
937 0
0 938
939 0
0 940
941 0
0 942
943 0
0 944
945 0
0 946
947 0
0 948
949 0
0 950
951 0
0 952
953 0
0 954
955 0
0 956
957 0
0 958
959 0
0 960
961 0
0 962
963 0
0 964
965 0
0 966
967 0
0 968
969 0
0 970
971 0
0 972
973 0
0 974
975 0
0 976
977 0
0 978
979 0
0 980
981 0
0 982
983 0
0 984
985 0
0 986
987 0
0 988
989 0
0 990
991 0
0 992
993 0
0 994
995 0
0 996
997 0
0 998
999 0
0 1000
1001 0
0 1002
1003 0
0 1004
1005 0
0 1006
1007 0
0 1008
1009 0
0 1010
1011 0
0 1012
1013 0
0 1014
1015 0
0 1016
1017 0
0 1018
1019 0
0 1020
1021 0
0 1022
1023 0
0 1024
1025 0
0 1026
1027 0
0 1028
1029 0
0 1030
1031 0
0 1032
1033 0
0 1034
1035 0
0 1036
1037 0
0 1038
1039 0
0 1040
1041 0
0 1042
1043 0
0 1044
1045 0
0 1046
1047 0
0 1048
1049 0
0 1050
1051 0
0 1052
1053 0
0 1054
1055 0
0 1056
1057 0
0 1058
1059 0
0 1060
1061 0
0 1062
1063 0
0 1064
1065 0
0 1066
1067 0
0 1068
1069 0
0 1070
1071 0
0 1072
1073 0
0 1074
1075 0
0 1076
1077 0
0 1078
1079 0
0 1080
1081 0
0 1082
1083 0
0 1084
1085 0
0 1086
1087 0
0 1088
1089 0
0 1090
1091 0
0 1092
1093 0
0 1094
1095 0
0 1096
1097 0
0 1098
1099 0
0 1100
1101 0
0 1102
1103 0
0 1104
1105 0
0 1106
1107 0
0 1108
1109 0
0 1110
1111 0
0 1112
1113 0
0 1114
1115 0
0 1116
1117 0
0 1118
1119 0
0 1120
1121 0
0 1122
1123 0
0 1124
1125 0
0 1126
1127 0
0 1128
1129 0
0 1130
1131 0
0 1132
1133 0
0 1134
1135 0
0 1136
1137 0
0 1138
1139 0
0 1140
1141 0
0 1142
1143 0
0 1144
1145 0
0 1146
1147 0
0 1148
1149 0
0 1150
1151 0
0 1152
1153 0
0 1154
1155 0
0 1156
1157 0
0 1158
1159 0
0 1160
1161 0
0 1162
1163 0
0 1164
1165 0
0 1166
1167 0
0 1168
1169 0
0 1170
1171 0
0 1172
1173 0
0 1174
1175 0
0 1176
1177 0
0 1178
1179 0
0 1180
1181 0
0 1182
1183 0
0 1184
1185 0
0 1186
1187 0
0 1188
1189 0
0 1190
1191 0
0 1192
1193 0
0 1194
1195 0
0 1196
1197 0
0 1198
1199 0
0 1200
1201 0
0 1202
1203 0
0 1204
1205 0
0 1206
1207 0
0 1208
1209 0
0 1210
1211 0
0 1212
1213 0
0 1214
1215 0
0 1216
1217 0
0 1218
1219 0
0 1220
1221 0
0 1222
1223 0
0 1224
1225 0
0 1226
1227 0
0 1228
1229 0
0 1230
1231 0
0 1232
1233 0
0 1234
1235 0
0 1236
1237 0
0 1238
1239 0
0 1240
1241 0
0 1242
1243 0
0 1244
1245 0
0 1246
1247 0
0 1248
1249 0
0 1250
1251 0
0 1252
1253 0
0 1254
1255 0
0 1256
1257 0
0 1258
1259 0
0 1260
1261 0
0 1262
1263 0
0 1264
1265 0
0 1266
1267 0
0 1268
1269 0
0 1270
1271 0
0 1272
1273 0
0 1274
1275 0
0 1276
1277 0
0 1278
1279 0
0 1280
1281 0
0 1282
1283 0
0 1284
1285 0
0 1286
1287 0
0 1288
1289 0
0 1290
1291 0
0 1292
1293 0
0 1294
1295 0
0 1296
1297 0
0 1298
1299 0
0 1300
1301 0
0 1302
1303 0
0 1304
1305 0
0 1306
1307 0
0 1308
1309 0
0 1310
1311 0
0 1312
1313 0
0 1314
1315 0
0 1316
1317 0
0 1318
1319 0
0 1320
1321 0
0 1322
1323 0
0 1324
1325 0
0 1326
1327 0
0 1328
1329 0
0 1330
1331 0
0 1332
1333 0
0 1334
1335 0
0 1336
1337 0
0 1338
1339 0
0 1340
1341 0
0 1342
1343 0
0 1344
1345 0
0 1346
1347 0
0 1348
1349 0
0 1350
1351 0
0 1352
1353 0
0 1354
1355 0
0 1356
1357 0
0 1358
1359 0
0 1360
1361 0
0 1362
1363 0
0 1364
1365 0
0 1366
1367 0
0 1368
1369 0
0 1370
1371 0
0 1372
1373 0
0 1374
1375 0
0 1376
1377 0
0 1378
1379 0
0 1380
1381 0
0 1382
1383 0
0 1384
1385 0
0 1386
1387 0
0 1388
1389 0
0 1390
1391 0
0 1392
1393 0
0 1394
1395 0
0 1396
1397 0
0 1398
1399 0
0 1400
1401 0
0 1402
1403 0
0 1404
1405 0
0 1406
1407 0
0 1408
1409 0
0 1410
1411 0
0 1412
1413 0
0 1414
1415 0
0 1416
1417 0
0 1418
1419 0
0 1420
1421 0
0 1422
1423 0
0 1424
1425 0
0 1426
1427 0
0 1428
1429 0
0 1430
1431 0
0 1432
1433 0
0 1434
1435 0
0 1436
1437 0
0 1438
1439 0
0 1440
1441 0
0 1442
1443 0
0 1444
1445 0
0 1446
1447 0
0 1448
1449 0
0 1450
1451 0
0 1452
1453 0
0 1454
1455 0
0 1456
1457 0
0 1458
1459 0
0 1460
1461 0
0 1462
1463 0
0 1464
1465 0
0 1466
1467 0
0 1468
1469 0
0 1470
1471 0
0 1472
1473 0
0 1474
1475 0
0 1476
1477 0
0 1478
1479 0
0 1480
1481 0
0 1482
1483 0
0 1484
1485 0
0 1486
1487 0
0 1488
1489 0
0 1490
1491 0
0 1492
1493 0
0 1494
1495 0
0 1496
1497 0
0 1498
1499 0
0 1500
1501 0
0 1502
1503 0
0 1504
1505 0
0 1506
1507 0
0 1508
1509 0
0 1510
1511 0
0 1512
1513 0
0 1514
1515 0
0 1516
1517 0
0 1518
1519 0
0 1520
1521 0
0 1522
1523 0
0 1524
1525 0
0 1526
1527 0
0 1528
1529 0
0 1530
1531 0
0 1532
1533 0
0 1534
1535 0
0 1536
1537 0
0 1538
1539 0
0 1540
1541 0
0 1542
1543 0
0 1544
1545 0
0 1546
1547 0
0 1548
1549 0
0 1550
1551 0
0 1552
1553 0
0 1554
1555 0
0 1556
1557 0
0 1558
1559 0
0 1560
1561 0
0 1562
1563 0
0 1564
1565 0
0 1566
1567 0
0 1568
1569 0
0 1570
1571 0
0 1572
1573 0
0 1574
1575 0
0 1576
1577 0
0 1578
1579 0
0 1580
1581 0
0 1582
1583 0
0 1584
1585 0
0 1586
1587 0
0 1588
1589 0
0 1590
1591 0
0 1592
1593 0
0 1594
1595 0
0 1596
1597 0
0 1598
1599 0
0 1600
1601 0
0 1602
1603 0
0 1604
1605 0
0 1606
1607 0
0 1608
1609 0
0 1610
1611 0
0 1612
1613 0
0 1614
1615 0
0 1616
1617 0
0 1618
1619 0
0 1620
1621 0
0 1622
1623 0
0 1624
1625 0
0 1626
1627 0
0 1628
1629 0
0 1630
1631 0
0 1632
1633 0
0 1634
1635 0
0 1636
1637 0
0 1638
1639 0
0 1640
1641 0
0 1642
1643 0
0 1644
1645 0
0 1646
1647 0
0 1648
1649 0
0 1650
1651 0
0 1652
1653 0
0 1654
1655 0
0 1656
1657 0
0 1658
1659 0
0 1660
1661 0
0 1662
1663 0
0 1664
1665 0
0 1666
1667 0
0 1668
1669 0
0 1670
1671 0
0 1672
1673 0
0 1674
1675 0
0 1676
1677 0
0 1678
1679 0
0 1680
1681 0
0 1682
1683 0
0 1684
1685 0
0 1686
1687 0
0 1688
1689 0
0 1690
1691 0
0 1692
1693 0
0 1694
1695 0
0 1696
1697 0
0 1698
1699 0
0 1700
1701 0
0 1702
1703 0
0 1704
1705 0
0 1706
1707 0
0 1708
1709 0
0 1710
1711 0
0 1712
1713 0
0 1714
1715 0
0 1716
1717 0
0 1718
1719 0
0 1720
1721 0
0 1722
1723 0
0 1724
1725 0
0 1726
1727 0
0 1728
1729 0
0 1730
1731 0
0 1732
1733 0
0 1734
1735 0
0 1736
1737 0
0 1738
1739 0
0 1740
1741 0
0 1742
1743 0
0 1744
1745 0
0 1746
1747 0
0 1748
1749 0
0 1750
1751 0
0 1752
1753 0
0 1754
1755 0
0 1756
1757 0
0 1758
1759 0
0 1760
1761 0
0 1762
1763 0
0 1764
1765 0
0 1766
1767 0
0 1768
1769 0
0 1770
1771 0
0 1772
1773 0
0 1774
1775 0
0 1776
1777 0
0 1778
1779 0
0 1780
1781 0
0 1782
1783 0
0 1784
1785 0
0 1786
1787 0
0 1788
1789 0
0 1790
1791 0
0 1792
1793 0
0 1794
1795 0
0 1796
1797 0
0 1798
1799 0
0 1800
1801 0
0 1802
1803 0
0 1804
1805 0
0 1806
1807 0
0 1808
1809 0
0 1810
1811 0
0 1812
1813 0
0 1814
1815 0
0 1816
1817 0
0 1818
1819 0
0 1820
1821 0
0 1822
1823 0
0 1824
1825 0
0 1826
1827 0
0 1828
1829 0
0 1830
1831 0
0 1832
1833 0
0 1834
1835 0
0 1836
1837 0
0 1838
1839 0
0 1840
1841 0
0 1842
1843 0
0 1844
1845 0
0 1846
1847 0
0 1848
1849 0
0 1850
1851 0
0 1852
1853 0
0 1854
1855 0
0 1856
1857 0
0 1858
1859 0
0 1860
1861 0
0 1862
1863 0
0 1864
1865 0
0 1866
1867 0
0 1868
1869 0
0 1870
1871 0
0 1872
1873 0
0 1874
1875 0
0 1876
1877 0
0 1878
1879 0
0 1880
1881 0
0 1882
1883 0
0 1884
1885 0
0 1886
1887 0
0 1888
1889 0
0 1890
1891 0
0 1892
1893 0
0 1894
1895 0
0 1896
1897 0
0 1898
1899 0
0 1900
1901 0
0 1902
1903 0
0 1904
1905 0
0 1906
1907 0
0 1908
1909 0
0 1910
1911 0
0 1912
1913 0
0 1914
1915 0
0 1916
1917 0
0 1918
1919 0
0 1920
1921 0
0 1922
1923 0
0 1924
1925 0
0 1926
1927 0
0 1928
1929 0
0 1930
1931 0
0 1932
1933 0
0 1934
1935 0
0 1936
1937 0
0 1938
1939 0
0 1940
1941 0
0 1942
1943 0
0 1944
1945 0
0 1946
1947 0
0 1948
1949 0
0 1950
1951 0
0 1952
1953 0
0 1954
1955 0
0 1956
1957 0
0 1958
1959 0
0 1960
1961 0
0 1962
1963 0
0 1964
1965 0
0 1966
1967 0
0 1968
1969 0
0 1970
1971 0
0 1972
1973 0
0 1974
1975 0
0 1976
1977 0
0 1978
1979 0
0 1980
1981 0
0 1982
1983 0
0 1984
1985 0
0 1986
1987 0
0 1988
1989 0
0 1990
1991 0
0 1992
1993 0
0 1994
1995 0
0 1996
1997 0
0 1998
1999 0
0 2000
1 0
0 2
3 0
0 4
5 0
0 6
7 0
0 8
9 0
0 10
11 0
0 12
13 0
0 14
15 0
0 16
17 0
0 18
19 0
0 20
21 0
0 22
23 0
0 24
25 0
0 26
27 0
0 28
29 0
0 30
31 0
0 32
33 0
0 34
35 0
0 36
37 0
0 38
39 0
0 40
41 0
0 42
43 0
0 44
45 0
0 46
47 0
0 48
49 0
0 50
51 0
0 52
53 0
0 54
55 0
0 56
57 0
0 58
59 0
0 60
61 0
0 62
63 0
0 64
65 0
0 66
67 0
0 68
69 0
0 70
71 0
0 72
73 0
0 74
75 0
0 76
77 0
0 78
79 0
0 80
81 0
0 82
83 0
0 84
85 0
0 86
87 0
0 88
89 0
0 90
91 0
0 92
93 0
0 94
95 0
0 96
97 0
0 98
99 0
0 100
101 0
0 102
103 0
0 104
105 0
0 106
107 0
0 108
109 0
0 110
111 0
0 112
113 0
0 114
115 0
0 116
117 0
0 118
119 0
0 120
121 0
0 122
123 0
0 124
125 0
0 126
127 0
0 128
129 0
0 130
131 0
0 132
133 0
0 134
135 0
0 136
137 0
0 138
139 0
0 140
141 0
0 142
143 0
0 144
145 0
0 146
147 0
0 148
149 0
0 150
151 0
0 152
153 0
0 154
155 0
0 156
157 0
0 158
159 0
0 160
161 0
0 162
163 0
0 164
165 0
0 166
167 0
0 168
169 0
0 170
171 0
0 172
173 0
0 174
175 0
0 176
177 0
0 178
179 0
0 180
181 0
0 182
183 0
0 184
185 0
0 186
187 0
0 188
189 0
0 190
191 0
0 192
193 0
0 194
195 0
0 196
197 0
0 198
199 0
0 200
201 0
0 202
203 0
0 204
205 0
0 206
207 0
0 208
209 0
0 210
211 0
0 212
213 0
0 214
215 0
0 216
217 0
0 218
219 0
0 220
221 0
0 222
223 0
0 224
225 0
0 226
227 0
0 228
229 0
0 230
231 0
0 232
233 0
0 234
235 0
0 236
237 0
0 238
239 0
0 240
241 0
0 242
243 0
0 244
245 0
0 246
247 0
0 248
249 0
0 250
251 0
0 252
253 0
0 254
255 0
0 256
257 0
0 258
259 0
0 260
261 0
0 262
263 0
0 264
265 0
0 266
267 0
0 268
269 0
0 270
271 0
0 272
273 0
0 274
275 0
0 276
277 0
0 278
279 0
0 280
281 0
0 282
283 0
0 284
285 0
0 286
287 0
0 288
289 0
0 290
291 0
0 292
293 0
0 294
295 0
0 296
297 0
0 298
299 0
0 300
301 0
0 302
303 0
0 304
305 0
0 306
307 0
0 308
309 0
0 310
311 0
0 312
313 0
0 314
315 0
0 316
317 0
0 318
319 0
0 320
321 0
0 322
323 0
0 324
325 0
0 326
327 0
0 328
329 0
0 330
331 0
0 332
333 0
0 334
335 0
0 336
337 0
0 338
339 0
0 340
341 0
0 342
343 0
0 344
345 0
0 346
347 0
0 348
349 0
0 350
351 0
0 352
353 0
0 354
355 0
0 356
357 0
0 358
359 0
0 360
361 0
0 362
363 0
0 364
365 0
0 366
367 0
0 368
369 0
0 370
371 0
0 372
373 0
0 374
375 0
0 376
377 0
0 378
379 0
0 380
381 0
0 382
383 0
0 384
385 0
0 386
387 0
0 388
389 0
0 390
391 0
0 392
393 0
0 394
395 0
0 396
397 0
0 398
399 0
0 400
401 0
0 402
403 0
0 404
405 0
0 406
407 0
0 408
409 0
0 410
411 0
0 412
413 0
0 414
415 0
0 416
417 0
0 418
419 0
0 420
421 0
0 422
423 0
0 424
425 0
0 426
427 0
0 428
429 0
0 430
431 0
0 432
433 0
0 434
435 0
0 436
437 0
0 438
439 0
0 440
441 0
0 442
443 0
0 444
445 0
0 446
447 0
0 448
449 0
0 450
451 0
0 452
453 0
0 454
455 0
0 456
457 0
0 458
459 0
0 460
461 0
0 462
463 0
0 464
465 0
0 466
467 0
0 468
469 0
0 470
471 0
0 472
473 0
0 474
475 0
0 476
477 0
0 478
479 0
0 480
481 0
0 482
483 0
0 484
485 0
0 486
487 0
0 488
489 0
0 490
491 0
0 492
493 0
0 494
495 0
0 496
497 0
0 498
499 0
0 500
501 0
0 502
503 0
0 504
505 0
0 506
507 0
0 508
509 0
0 510
511 0
0 512
513 0
0 514
515 0
0 516
517 0
0 518
519 0
0 520
521 0
0 522
523 0
0 524
525 0
0 526
527 0
0 528
529 0
0 530
531 0
0 532
533 0
0 534
535 0
0 536
537 0
0 538
539 0
0 540
541 0
0 542
543 0
0 544
545 0
0 546
547 0
0 548
549 0
0 550
551 0
0 552
553 0
0 554
555 0
0 556
557 0
0 558
559 0
0 560
561 0
0 562
563 0
0 564
565 0
0 566
567 0
0 568
569 0
0 570
571 0
0 572
573 0
0 574
575 0
0 576
577 0
0 578
579 0
0 580
581 0
0 582
583 0
0 584
585 0
0 586
587 0
0 588
589 0
0 590
591 0
0 592
593 0
0 594
595 0
0 596
597 0
0 598
599 0
0 600
601 0
0 602
603 0
0 604
605 0
0 606
607 0
0 608
609 0
0 610
611 0
0 612
613 0
0 614
615 0
0 616
617 0
0 618
619 0
0 620
621 0
0 622
623 0
0 624
625 0
0 626
627 0
0 628
629 0
0 630
631 0
0 632
633 0
0 634
635 0
0 636
637 0
0 638
639 0
0 640
641 0
0 642
643 0
0 644
645 0
0 646
647 0
0 648
649 0
0 650
651 0
0 652
653 0
0 654
655 0
0 656
657 0
0 658
659 0
0 660
661 0
0 662
663 0
0 664
665 0
0 666
667 0
0 668
669 0
0 670
671 0
0 672
673 0
0 674
675 0
0 676
677 0
0 678
679 0
0 680
681 0
0 682
683 0
0 684
685 0
0 686
687 0
0 688
689 0
0 690
691 0
0 692
693 0
0 694
695 0
0 696
697 0
0 698
699 0
0 700
701 0
0 702
703 0
0 704
705 0
0 706
707 0
0 708
709 0
0 710
711 0
0 712
713 0
0 714
715 0
0 716
717 0
0 718
719 0
0 720
721 0
0 722
723 0
0 724
725 0
0 726
727 0
0 728
729 0
0 730
731 0
0 732
733 0
0 734
735 0
0 736
737 0
0 738
739 0
0 740
741 0
0 742
743 0
0 744
745 0
0 746
747 0
0 748
749 0
0 750
751 0
0 752
753 0
0 754
755 0
0 756
757 0
0 758
759 0
0 760
761 0
0 762
763 0
0 764
765 0
0 766
767 0
0 768
769 0
0 770
771 0
0 772
773 0
0 774
775 0
0 776
777 0
0 778
779 0
0 780
781 0
0 782
783 0
0 784
785 0
0 786
787 0
0 788
789 0
0 790
791 0
0 792
793 0
0 794
795 0
0 796
797 0
0 798
799 0
0 800
801 0
0 802
803 0
0 804
805 0
0 806
807 0
0 808
809 0
0 810
811 0
0 812
813 0
0 814
815 0
0 816
817 0
0 818
819 0
0 820
821 0
0 822
823 0
0 824
825 0
0 826
827 0
0 828
829 0
0 830
831 0
0 832
833 0
0 834
835 0
0 836
837 0
0 838
839 0
0 840
841 0
0 842
843 0
0 844
845 0
0 846
847 0
0 848
849 0
0 850
851 0
0 852
853 0
0 854
855 0
0 856
857 0
0 858
859 0
0 860
861 0
0 862
863 0
0 864
865 0
0 866
867 0
0 868
869 0
0 870
871 0
0 872
873 0
0 874
875 0
0 876
877 0
0 878
879 0
0 880
881 0
0 882
883 0
0 884
885 0
0 886
887 0
0 888
889 0
0 890
891 0
0 892
893 0
0 894
895 0
0 896
897 0
0 898
899 0
0 900
901 0
0 902
903 0
0 904
905 0
0 906
907 0
0 908
909 0
0 910
911 0
0 912
913 0
0 914
915 0
0 916
917 0
0 918
919 0
0 920
921 0
0 922
923 0
0 924
925 0
0 926
927 0
0 928
929 0
0 930
931 0
0 932
933 0
0 934
935 0
0 936
937 0
0 938
939 0
0 940
941 0
0 942
943 0
0 944
945 0
0 946
947 0
0 948
949 0
0 950
951 0
0 952
953 0
0 954
955 0
0 956
957 0
0 958
959 0
0 960
961 0
0 962
963 0
0 964
965 0
0 966
967 0
0 968
969 0
0 970
971 0
0 972
973 0
0 974
975 0
0 976
977 0
0 978
979 0
0 980
981 0
0 982
983 0
0 984
985 0
0 986
987 0
0 988
989 0
0 990
991 0
0 992
993 0
0 994
995 0
0 996
997 0
0 998
999 0
0 1000
1001 0
0 1002
1003 0
0 1004
1005 0
0 1006
1007 0
0 1008
1009 0
0 1010
1011 0
0 1012
1013 0
0 1014
1015 0
0 1016
1017 0
0 1018
1019 0
0 1020
1021 0
0 1022
1023 0
0 1024
1025 0
0 1026
1027 0
0 1028
1029 0
0 1030
1031 0
0 1032
1033 0
0 1034
1035 0
0 1036
1037 0
0 1038
1039 0
0 1040
1041 0
0 1042
1043 0
0 1044
1045 0
0 1046
1047 0
0 1048
1049 0
0 1050
1051 0
0 1052
1053 0
0 1054
1055 0
0 1056
1057 0
0 1058
1059 0
0 1060
1061 0
0 1062
1063 0
0 1064
1065 0
0 1066
1067 0
0 1068
1069 0
0 1070
1071 0
0 1072
1073 0
0 1074
1075 0
0 1076
1077 0
0 1078
1079 0
0 1080
1081 0
0 1082
1083 0
0 1084
1085 0
0 1086
1087 0
0 1088
1089 0
0 1090
1091 0
0 1092
1093 0
0 1094
1095 0
0 1096
1097 0
0 1098
1099 0
0 1100
1101 0
0 1102
1103 0
0 1104
1105 0
0 1106
1107 0
0 1108
1109 0
0 1110
1111 0
0 1112
1113 0
0 1114
1115 0
0 1116
1117 0
0 1118
1119 0
0 1120
1121 0
0 1122
1123 0
0 1124
1125 0
0 1126
1127 0
0 1128
1129 0
0 1130
1131 0
0 1132
1133 0
0 1134
1135 0
0 1136
1137 0
0 1138
1139 0
0 1140
1141 0
0 1142
1143 0
0 1144
1145 0
0 1146
1147 0
0 1148
1149 0
0 1150
1151 0
0 1152
1153 0
0 1154
1155 0
0 1156
1157 0
0 1158
1159 0
0 1160
1161 0
0 1162
1163 0
0 1164
1165 0
0 1166
1167 0
0 1168
1169 0
0 1170
1171 0
0 1172
1173 0
0 1174
1175 0
0 1176
1177 0
0 1178
1179 0
0 1180
1181 0
0 1182
1183 0
0 1184
1185 0
0 1186
1187 0
0 1188
1189 0
0 1190
1191 0
0 1192
1193 0
0 1194
1195 0
0 1196
1197 0
0 1198
1199 0
0 1200
1201 0
0 1202
1203 0
0 1204
1205 0
0 1206
1207 0
0 1208
1209 0
0 1210
1211 0
0 1212
1213 0
0 1214
1215 0
0 1216
1217 0
0 1218
1219 0
0 1220
1221 0
0 1222
1223 0
0 1224
1225 0
0 1226
1227 0
0 1228
1229 0
0 1230
1231 0
0 1232
1233 0
0 1234
1235 0
0 1236
1237 0
0 1238
1239 0
0 1240
1241 0
0 1242
1243 0
0 1244
1245 0
0 1246
1247 0
0 1248
1249 0
0 1250
1251 0
0 1252
1253 0
0 1254
1255 0
0 1256
1257 0
0 1258
1259 0
0 1260
1261 0
0 1262
1263 0
0 1264
1265 0
0 1266
1267 0
0 1268
1269 0
0 1270
1271 0
0 1272
1273 0
0 1274
1275 0
0 1276
1277 0
0 1278
1279 0
0 1280
1281 0
0 1282
1283 0
0 1284
1285 0
0 1286
1287 0
0 1288
1289 0
0 1290
1291 0
0 1292
1293 0
0 1294
1295 0
0 1296
1297 0
0 1298
1299 0
0 1300
1301 0
0 1302
1303 0
0 1304
1305 0
0 1306
1307 0
0 1308
1309 0
0 1310
1311 0
0 1312
1313 0
0 1314
1315 0
0 1316
1317 0
0 1318
1319 0
0 1320
1321 0
0 1322
1323 0
0 1324
1325 0
0 1326
1327 0
0 1328
1329 0
0 1330
1331 0
0 1332
1333 0
0 1334
1335 0
0 1336
1337 0
0 1338
1339 0
0 1340
1341 0
0 1342
1343 0
0 1344
1345 0
0 1346
1347 0
0 1348
1349 0
0 1350
1351 0
0 1352
1353 0
0 1354
1355 0
0 1356
1357 0
0 1358
1359 0
0 1360
1361 0
0 1362
1363 0
0 1364
1365 0
0 1366
1367 0
0 1368
1369 0
0 1370
1371 0
0 1372
1373 0
0 1374
1375 0
0 1376
1377 0
0 1378
1379 0
0 1380
1381 0
0 1382
1383 0
0 1384
1385 0
0 1386
1387 0
0 1388
1389 0
0 1390
1391 0
0 1392
1393 0
0 1394
1395 0
0 1396
1397 0
0 1398
1399 0
0 1400
1401 0
0 1402
1403 0
0 1404
1405 0
0 1406
1407 0
0 1408
1409 0
0 1410
1411 0
0 1412
1413 0
0 1414
1415 0
0 1416
1417 0
0 1418
1419 0
0 1420
1421 0
0 1422
1423 0
0 1424
1425 0
0 1426
1427 0
0 1428
1429 0
0 1430
1431 0
0 1432
1433 0
0 1434
1435 0
0 1436
1437 0
0 1438
1439 0
0 1440
1441 0
0 1442
1443 0
0 1444
1445 0
0 1446
1447 0
0 1448
1449 0
0 1450
1451 0
0 1452
1453 0
0 1454
1455 0
0 1456
1457 0
0 1458
1459 0
0 1460
1461 0
0 1462
1463 0
0 1464
1465 0
0 1466
1467 0
0 1468
1469 0
0 1470
1471 0
0 1472
1473 0
0 1474
1475 0
0 1476
1477 0
0 1478
1479 0
0 1480
1481 0
0 1482
1483 0
0 1484
1485 0
0 1486
1487 0
0 1488
1489 0
0 1490
1491 0
0 1492
1493 0
0 1494
1495 0
0 1496
1497 0
0 1498
1499 0
0 1500
1501 0
0 1502
1503 0
0 1504
1505 0
0 1506
1507 0
0 1508
1509 0
0 1510
1511 0
0 1512
1513 0
0 1514
1515 0
0 1516
1517 0
0 1518
1519 0
0 1520
1521 0
0 1522
1523 0
0 1524
1525 0
0 1526
1527 0
0 1528
1529 0
0 1530
1531 0
0 1532
1533 0
0 1534
1535 0
0 1536
1537 0
0 1538
1539 0
0 1540
1541 0
0 1542
1543 0
0 1544
1545 0
0 1546
1547 0
0 1548
1549 0
0 1550
1551 0
0 1552
1553 0
0 1554
1555 0
0 1556
1557 0
0 1558
1559 0
0 1560
1561 0
0 1562
1563 0
0 1564
1565 0
0 1566
1567 0
0 1568
1569 0
0 1570
1571 0
0 1572
1573 0
0 1574
1575 0
0 1576
1577 0
0 1578
1579 0
0 1580
1581 0
0 1582
1583 0
0 1584
1585 0
0 1586
1587 0
0 1588
1589 0
0 1590
1591 0
0 1592
1593 0
0 1594
1595 0
0 1596
1597 0
0 1598
1599 0
0 1600
1601 0
0 1602
1603 0
0 1604
1605 0
0 1606
1607 0
0 1608
1609 0
0 1610
1611 0
0 1612
1613 0
0 1614
1615 0
0 1616
1617 0
0 1618
1619 0
0 1620
1621 0
0 1622
1623 0
0 1624
1625 0
0 1626
1627 0
0 1628
1629 0
0 1630
1631 0
0 1632
1633 0
0 1634
1635 0
0 1636
1637 0
0 1638
1639 0
0 1640
1641 0
0 1642
1643 0
0 1644
1645 0
0 1646
1647 0
0 1648
1649 0
0 1650
1651 0
0 1652
1653 0
0 1654
1655 0
0 1656
1657 0
0 1658
1659 0
0 1660
1661 0
0 1662
1663 0
0 1664
1665 0
0 1666
1667 0
0 1668
1669 0
0 1670
1671 0
0 1672
1673 0
0 1674
1675 0
0 1676
1677 0
0 1678
1679 0
0 1680
1681 0
0 1682
1683 0
0 1684
1685 0
0 1686
1687 0
0 1688
1689 0
0 1690
1691 0
0 1692
1693 0
0 1694
1695 0
0 1696
1697 0
0 1698
1699 0
0 1700
1701 0
0 1702
1703 0
0 1704
1705 0
0 1706
1707 0
0 1708
1709 0
0 1710
1711 0
0 1712
1713 0
0 1714
1715 0
0 1716
1717 0
0 1718
1719 0
0 1720
1721 0
0 1722
1723 0
0 1724
1725 0
0 1726
1727 0
0 1728
1729 0
0 1730
1731 0
0 1732
1733 0
0 1734
1735 0
0 1736
1737 0
0 1738
1739 0
0 1740
1741 0
0 1742
1743 0
0 1744
1745 0
0 1746
1747 0
0 1748
1749 0
0 1750
1751 0
0 1752
1753 0
0 1754
1755 0
0 1756
1757 0
0 1758
1759 0
0 1760
1761 0
0 1762
1763 0
0 1764
1765 0
0 1766
1767 0
0 1768
1769 0
0 1770
1771 0
0 1772
1773 0
0 1774
1775 0
0 1776
1777 0
0 1778
1779 0
0 1780
1781 0
0 1782
1783 0
0 1784
1785 0
0 1786
1787 0
0 1788
1789 0
0 1790
1791 0
0 1792
1793 0
0 1794
1795 0
0 1796
1797 0
0 1798
1799 0
0 1800
1801 0
0 1802
1803 0
0 1804
1805 0
0 1806
1807 0
0 1808
1809 0
0 1810
1811 0
0 1812
1813 0
0 1814
1815 0
0 1816
1817 0
0 1818
1819 0
0 1820
1821 0
0 1822
1823 0
0 1824
1825 0
0 1826
1827 0
0 1828
1829 0
0 1830
1831 0
0 1832
1833 0
0 1834
1835 0
0 1836
1837 0
0 1838
1839 0
0 1840
1841 0
0 1842
1843 0
0 1844
1845 0
0 1846
1847 0
0 1848
1849 0
0 1850
1851 0
0 1852
1853 0
0 1854
1855 0
0 1856
1857 0
0 1858
1859 0
0 1860
1861 0
0 1862
1863 0
0 1864
1865 0
0 1866
1867 0
0 1868
1869 0
0 1870
1871 0
0 1872
1873 0
0 1874
1875 0
0 1876
1877 0
0 1878
1879 0
0 1880
1881 0
0 1882
1883 0
0 1884
1885 0
0 1886
1887 0
0 1888
1889 0
0 1890
1891 0
0 1892
1893 0
0 1894
1895 0
0 1896
1897 0
0 1898
1899 0
0 1900
1901 0
0 1902
1903 0
0 1904
1905 0
0 1906
1907 0
0 1908
1909 0
0 1910
1911 0
0 1912
1913 0
0 1914
1915 0
0 1916
1917 0
0 1918
1919 0
0 1920
1921 0
0 1922
1923 0
0 1924
1925 0
0 1926
1927 0
0 1928
1929 0
0 1930
1931 0
0 1932
1933 0
0 1934
1935 0
0 1936
1937 0
0 1938
1939 0
0 1940
1941 0
0 1942
1943 0
0 1944
1945 0
0 1946
1947 0
0 1948
1949 0
0 1950
1951 0
0 1952
1953 0
0 1954
1955 0
0 1956
1957 0
0 1958
1959 0
0 1960
1961 0
0 1962
1963 0
0 1964
1965 0
0 1966
1967 0
0 1968
1969 0
0 1970
1971 0
0 1972
1973 0
0 1974
1975 0
0 1976
1977 0
0 1978
1979 0
0 1980
1981 0
0 1982
1983 0
0 1984
1985 0
0 1986
1987 0
0 1988
1989 0
0 1990
1991 0
0 1992
1993 0
0 1994
1995 0
0 1996
1997 0
0 1998
1999 0
0 2000
1 0
0 2
3 0
0 4
5 0
0 6
7 0
0 8
9 0
0 10
11 0
0 12
13 0
0 14
15 0
0 16
17 0
0 18
19 0
0 20
21 0
0 22
23 0
0 24
25 0
0 26
27 0
0 28
29 0
0 30
31 0
0 32
33 0
0 34
35 0
0 36
37 0
0 38
39 0
0 40
41 0
0 42
43 0
0 44
45 0
0 46
47 0
0 48
49 0
0 50
51 0
0 52
53 0
0 54
55 0
0 56
57 0
0 58
59 0
0 60
61 0
0 62
63 0
0 64
65 0
0 66
67 0
0 68
69 0
0 70
71 0
0 72
73 0
0 74
75 0
0 76
77 0
0 78
79 0
0 80
81 0
0 82
83 0
0 84
85 0
0 86
87 0
0 88
89 0
0 90
91 0
0 92
93 0
0 94
95 0
0 96
97 0
0 98
99 0
0 100
101 0
0 102
103 0
0 104
105 0
0 106
107 0
0 108
109 0
0 110
111 0
0 112
113 0
0 114
115 0
0 116
117 0
0 118
119 0
0 120
121 0
0 122
123 0
0 124
125 0
0 126
127 0
0 128
129 0
0 130
131 0
0 132
133 0
0 134
135 0
0 136
137 0
0 138
139 0
0 140
141 0
0 142
143 0
0 144
145 0
0 146
147 0
0 148
149 0
0 150
151 0
0 152
153 0
0 154
155 0
0 156
157 0
0 158
159 0
0 160
161 0
0 162
163 0
0 164
165 0
0 166
167 0
0 168
169 0
0 170
171 0
0 172
173 0
0 174
175 0
0 176
177 0
0 178
179 0
0 180
181 0
0 182
183 0
0 184
185 0
0 186
187 0
0 188
189 0
0 190
191 0
0 192
193 0
0 194
195 0
0 196
197 0
0 198
199 0
0 200
201 0
0 202
203 0
0 204
205 0
0 206
207 0
0 208
209 0
0 210
211 0
0 212
213 0
0 214
215 0
0 216
217 0
0 218
219 0
0 220
221 0
0 222
223 0
0 224
225 0
0 226
227 0
0 228
229 0
0 230
231 0
0 232
233 0
0 234
235 0
0 236
237 0
0 238
239 0
0 240
241 0
0 242
243 0
0 244
245 0
0 246
247 0
0 248
249 0
0 250
251 0
0 252
253 0
0 254
255 0
0 256
257 0
0 258
259 0
0 260
261 0
0 262
263 0
0 264
265 0
0 266
267 0
0 268
269 0
0 270
271 0
0 272
273 0
0 274
275 0
0 276
277 0
0 278
279 0
0 280
281 0
0 282
283 0
0 284
285 0
0 286
287 0
0 288
289 0
0 290
291 0
0 292
293 0
0 294
295 0
0 296
297 0
0 298
299 0
0 300
301 0
0 302
303 0
0 304
305 0
0 306
307 0
0 308
309 0
0 310
311 0
0 312
313 0
0 314
315 0
0 316
317 0
0 318
319 0
0 320
321 0
0 322
323 0
0 324
325 0
0 326
327 0
0 328
329 0
0 330
331 0
0 332
333 0
0 334
335 0
0 336
337 0
0 338
339 0
0 340
341 0
0 342
343 0
0 344
345 0
0 346
347 0
0 348
349 0
0 350
351 0
0 352
353 0
0 354
355 0
0 356
357 0
0 358
359 0
0 360
361 0
0 362
363 0
0 364
365 0
0 366
367 0
0 368
369 0
0 370
371 0
0 372
373 0
0 374
375 0
0 376
377 0
0 378
379 0
0 380
381 0
0 382
383 0
0 384
385 0
0 386
387 0
0 388
389 0
0 390
391 0
0 392
393 0
0 394
395 0
0 396
397 0
0 398
399 0
0 400
401 0
0 402
403 0
0 404
405 0
0 406
407 0
0 408
409 0
0 410
411 0
0 412
413 0
0 414
415 0
0 416
417 0
0 418
419 0
0 420
421 0
0 422
423 0
0 424
425 0
0 426
427 0
0 428
429 0
0 430
431 0
0 432
433 0
0 434
435 0
0 436
437 0
0 438
439 0
0 440
441 0
0 442
443 0
0 444
445 0
0 446
447 0
0 448
449 0
0 450
451 0
0 452
453 0
0 454
455 0
0 456
457 0
0 458
459 0
0 460
461 0
0 462
463 0
0 464
465 0
0 466
467 0
0 468
469 0
0 470
471 0
0 472
473 0
0 474
475 0
0 476
477 0
0 478
479 0
0 480
481 0
0 482
483 0
0 484
485 0
0 486
487 0
0 488
489 0
0 490
491 0
0 492
493 0
0 494
495 0
0 496
497 0
0 498
499 0
0 500
501 0
0 502
503 0
0 504
505 0
0 506
507 0
0 508
509 0
0 510
511 0
0 512
513 0
0 514
515 0
0 516
517 0
0 518
519 0
0 520
521 0
0 522
523 0
0 524
525 0
0 526
527 0
0 528
529 0
0 530
531 0
0 532
533 0
0 534
535 0
0 536
537 0
0 538
539 0
0 540
541 0
0 542
543 0
0 544
545 0
0 546
547 0
0 548
549 0
0 550
551 0
0 552
553 0
0 554
555 0
0 556
557 0
0 558
559 0
0 560
561 0
0 562
563 0
0 564
565 0
0 566
567 0
0 568
569 0
0 570
571 0
0 572
573 0
0 574
575 0
0 576
577 0
0 578
579 0
0 580
581 0
0 582
583 0
0 584
585 0
0 586
587 0
0 588
589 0
0 590
591 0
0 592
593 0
0 594
595 0
0 596
597 0
0 598
599 0
0 600
601 0
0 602
603 0
0 604
605 0
0 606
607 0
0 608
609 0
0 610
611 0
0 612
613 0
0 614
615 0
0 616
617 0
0 618
619 0
0 620
621 0
0 622
623 0
0 624
625 0
0 626
627 0
0 628
629 0
0 630
631 0
0 632
633 0
0 634
635 0
0 636
637 0
0 638
639 0
0 640
641 0
0 642
643 0
0 644
645 0
0 646
647 0
0 648
649 0
0 650
651 0
0 652
653 0
0 654
655 0
0 656
657 0
0 658
659 0
0 660
661 0
0 662
663 0
0 664
665 0
0 666
667 0
0 668
669 0
0 670
671 0
0 672
673 0
0 674
675 0
0 676
677 0
0 678
679 0
0 680
681 0
0 682
683 0
0 684
685 0
0 686
687 0
0 688
689 0
0 690
691 0
0 692
693 0
0 694
695 0
0 696
697 0
0 698
699 0
0 700
701 0
0 702
703 0
0 704
705 0
0 706
707 0
0 708
709 0
0 710
711 0
0 712
713 0
0 714
715 0
0 716
717 0
0 718
719 0
0 720
721 0
0 722
723 0
0 724
725 0
0 726
727 0
0 728
729 0
0 730
731 0
0 732
733 0
0 734
735 0
0 736
737 0
0 738
739 0
0 740
741 0
0 742
743 0
0 744
745 0
0 746
747 0
0 748
749 0
0 750
751 0
0 752
753 0
0 754
755 0
0 756
757 0
0 758
759 0
0 760
761 0
0 762
763 0
0 764
765 0
0 766
767 0
0 768
769 0
0 770
771 0
0 772
773 0
0 774
775 0
0 776
777 0
0 778
779 0
0 780
781 0
0 782
783 0
0 784
785 0
0 786
787 0
0 788
789 0
0 790
791 0
0 792
793 0
0 794
795 0
0 796
797 0
0 798
799 0
0 800
801 0
0 802
803 0
0 804
805 0
0 806
807 0
0 808
809 0
0 810
811 0
0 812
813 0
0 814
815 0
0 816
817 0
0 818
819 0
0 820
821 0
0 822
823 0
0 824
825 0
0 826
827 0
0 828
829 0
0 830
831 0
0 832
833 0
0 834
835 0
0 836
837 0
0 838
839 0
0 840
841 0
0 842
843 0
0 844
845 0
0 846
847 0
0 848
849 0
0 850
851 0
0 852
853 0
0 854
855 0
0 856
857 0
0 858
859 0
0 860
861 0
0 862
863 0
0 864
865 0
0 866
867 0
0 868
869 0
0 870
871 0
0 872
873 0
0 874
875 0
0 876
877 0
0 878
879 0
0 880
881 0
0 882
883 0
0 884
885 0
0 886
887 0
0 888
889 0
0 890
891 0
0 892
893 0
0 894
895 0
0 896
897 0
0 898
899 0
0 900
901 0
0 902
903 0
0 904
905 0
0 906
907 0
0 908
909 0
0 910
911 0
0 912
913 0
0 914
915 0
0 916
917 0
0 918
919 0
0 920
921 0
0 922
923 0
0 924
925 0
0 926
927 0
0 928
929 0
0 930
931 0
0 932
933 0
0 934
935 0
0 936
937 0
0 938
939 0
0 940
941 0
0 942
943 0
0 944
945 0
0 946
947 0
0 948
949 0
0 950
951 0
0 952
953 0
0 954
955 0
0 956
957 0
0 958
959 0
0 960
961 0
0 962
963 0
0 964
965 0
0 966
967 0
0 968
969 0
0 970
971 0
0 972
973 0
0 974
975 0
0 976
977 0
0 978
979 0
0 980
981 0
0 982
983 0
0 984
985 0
0 986
987 0
0 988
989 0
0 990
991 0
0 992
993 0
0 994
995 0
0 996
997 0
0 998
999 0
0 1000
1001 0
0 1002
1003 0
0 1004
1005 0
0 1006
1007 0
0 1008
1009 0
0 1010
1011 0
0 1012
1013 0
0 1014
1015 0
0 1016
1017 0
0 1018
1019 0
0 1020
1021 0
0 1022
1023 0
0 1024
1025 0
0 1026
1027 0
0 1028
1029 0
0 1030
1031 0
0 1032
1033 0
0 1034
1035 0
0 1036
1037 0
0 1038
1039 0
0 1040
1041 0
0 1042
1043 0
0 1044
1045 0
0 1046
1047 0
0 1048
1049 0
0 1050
1051 0
0 1052
1053 0
0 1054
1055 0
0 1056
1057 0
0 1058
1059 0
0 1060
1061 0
0 1062
1063 0
0 1064
1065 0
0 1066
1067 0
0 1068
1069 0
0 1070
1071 0
0 1072
1073 0
0 1074
1075 0
0 1076
1077 0
0 1078
1079 0
0 1080
1081 0
0 1082
1083 0
0 1084
1085 0
0 1086
1087 0
0 1088
1089 0
0 1090
1091 0
0 1092
1093 0
0 1094
1095 0
0 1096
1097 0
0 1098
1099 0
0 1100
1101 0
0 1102
1103 0
0 1104
1105 0
0 1106
1107 0
0 1108
1109 0
0 1110
1111 0
0 1112
1113 0
0 1114
1115 0
0 1116
1117 0
0 1118
1119 0
0 1120
1121 0
0 1122
1123 0
0 1124
1125 0
0 1126
1127 0
0 1128
1129 0
0 1130
1131 0
0 1132
1133 0
0 1134
1135 0
0 1136
1137 0
0 1138
1139 0
0 1140
1141 0
0 1142
1143 0
0 1144
1145 0
0 1146
1147 0
0 1148
1149 0
0 1150
1151 0
0 1152
1153 0
0 1154
1155 0
0 1156
1157 0
0 1158
1159 0
0 1160
1161 0
0 1162
1163 0
0 1164
1165 0
0 1166
1167 0
0 1168
1169 0
0 1170
1171 0
0 1172
1173 0
0 1174
1175 0
0 1176
1177 0
0 1178
1179 0
0 1180
1181 0
0 1182
1183 0
0 1184
1185 0
0 1186
1187 0
0 1188
1189 0
0 1190
1191 0
0 1192
1193 0
0 1194
1195 0
0 1196
1197 0
0 1198
1199 0
0 1200
1201 0
0 1202
1203 0
0 1204
1205 0
0 1206
1207 0
0 1208
1209 0
0 1210
1211 0
0 1212
1213 0
0 1214
1215 0
0 1216
1217 0
0 1218
1219 0
0 1220
1221 0
0 1222
1223 0
0 1224
1225 0
0 1226
1227 0
0 1228
1229 0
0 1230
1231 0
0 1232
1233 0
0 1234
1235 0
0 1236
1237 0
0 1238
1239 0
0 1240
1241 0
0 1242
1243 0
0 1244
1245 0
0 1246
1247 0
0 1248
1249 0
0 1250
1251 0
0 1252
1253 0
0 1254
1255 0
0 1256
1257 0
0 1258
1259 0
0 1260
1261 0
0 1262
1263 0
0 1264
1265 0
0 1266
1267 0
0 1268
1269 0
0 1270
1271 0
0 1272
1273 0
0 1274
1275 0
0 1276
1277 0
0 1278
1279 0
0 1280
1281 0
0 1282
1283 0
0 1284
1285 0
0 1286
1287 0
0 1288
1289 0
0 1290
1291 0
0 1292
1293 0
0 1294
1295 0
0 1296
1297 0
0 1298
1299 0
0 1300
1301 0
0 1302
1303 0
0 1304
1305 0
0 1306
1307 0
0 1308
1309 0
0 1310
1311 0
0 1312
1313 0
0 1314
1315 0
0 1316
1317 0
0 1318
1319 0
0 1320
1321 0
0 1322
1323 0
0 1324
1325 0
0 1326
1327 0
0 1328
1329 0
0 1330
1331 0
0 1332
1333 0
0 1334
1335 0
0 1336
1337 0
0 1338
1339 0
0 1340
1341 0
0 1342
1343 0
0 1344
1345 0
0 1346
1347 0
0 1348
1349 0
0 1350
1351 0
0 1352
1353 0
0 1354
1355 0
0 1356
1357 0
0 1358
1359 0
0 1360
1361 0
0 1362
1363 0
0 1364
1365 0
0 1366
1367 0
0 1368
1369 0
0 1370
1371 0
0 1372
1373 0
0 1374
1375 0
0 1376
1377 0
0 1378
1379 0
0 1380
1381 0
0 1382
1383 0
0 1384
1385 0
0 1386
1387 0
0 1388
1389 0
0 1390
1391 0
0 1392
1393 0
0 1394
1395 0
0 1396
1397 0
0 1398
1399 0
0 1400
1401 0
0 1402
1403 0
0 1404
1405 0
0 1406
1407 0
0 1408
1409 0
0 1410
1411 0
0 1412
1413 0
0 1414
1415 0
0 1416
1417 0
0 1418
1419 0
0 1420
1421 0
0 1422
1423 0
0 1424
1425 0
0 1426
1427 0
0 1428
1429 0
0 1430
1431 0
0 1432
1433 0
0 1434
1435 0
0 1436
1437 0
0 1438
1439 0
0 1440
1441 0
0 1442
1443 0
0 1444
1445 0
0 1446
1447 0
0 1448
1449 0
0 1450
1451 0
0 1452
1453 0
0 1454
1455 0
0 1456
1457 0
0 1458
1459 0
0 1460
1461 0
0 1462
1463 0
0 1464
1465 0
0 1466
1467 0
0 1468
1469 0
0 1470
1471 0
0 1472
1473 0
0 1474
1475 0
0 1476
1477 0
0 1478
1479 0
0 1480
1481 0
0 1482
1483 0
0 1484
1485 0
0 1486
1487 0
0 1488
1489 0
0 1490
1491 0
0 1492
1493 0
0 1494
1495 0
0 1496
1497 0
0 1498
1499 0
0 1500
1501 0
0 1502
1503 0
0 1504
1505 0
0 1506
1507 0
0 1508
1509 0
0 1510
1511 0
0 1512
1513 0
0 1514
1515 0
0 1516
1517 0
0 1518
1519 0
0 1520
1521 0
0 1522
1523 0
0 1524
1525 0
0 1526
1527 0
0 1528
1529 0
0 1530
1531 0
0 1532
1533 0
0 1534
1535 0
0 1536
1537 0
0 1538
1539 0
0 1540
1541 0
0 1542
1543 0
0 1544
1545 0
0 1546
1547 0
0 1548
1549 0
0 1550
1551 0
0 1552
1553 0
0 1554
1555 0
0 1556
1557 0
0 1558
1559 0
0 1560
1561 0
0 1562
1563 0
0 1564
1565 0
0 1566
1567 0
0 1568
1569 0
0 1570
1571 0
0 1572
1573 0
0 1574
1575 0
0 1576
1577 0
0 1578
1579 0
0 1580
1581 0
0 1582
1583 0
0 1584
1585 0
0 1586
1587 0
0 1588
1589 0
0 1590
1591 0
0 1592
1593 0
0 1594
1595 0
0 1596
1597 0
0 1598
1599 0
0 1600
1601 0
0 1602
1603 0
0 1604
1605 0
0 1606
1607 0
0 1608
1609 0
0 1610
1611 0
0 1612
1613 0
0 1614
1615 0
0 1616
1617 0
0 1618
1619 0
0 1620
1621 0
0 1622
1623 0
0 1624
1625 0
0 1626
1627 0
0 1628
1629 0
0 1630
1631 0
0 1632
1633 0
0 1634
1635 0
0 1636
1637 0
0 1638
1639 0
0 1640
1641 0
0 1642
1643 0
0 1644
1645 0
0 1646
1647 0
0 1648
1649 0
0 1650
1651 0
0 1652
1653 0
0 1654
1655 0
0 1656
1657 0
0 1658
1659 0
0 1660
1661 0
0 1662
1663 0
0 1664
1665 0
0 1666
1667 0
0 1668
1669 0
0 1670
1671 0
0 1672
1673 0
0 1674
1675 0
0 1676
1677 0
0 1678
1679 0
0 1680
1681 0
0 1682
1683 0
0 1684
1685 0
0 1686
1687 0
0 1688
1689 0
0 1690
1691 0
0 1692
1693 0
0 1694
1695 0
0 1696
1697 0
0 1698
1699 0
0 1700
1701 0
0 1702
1703 0
0 1704
1705 0
0 1706
1707 0
0 1708
1709 0
0 1710
1711 0
0 1712
1713 0
0 1714
1715 0
0 1716
1717 0
0 1718
1719 0
0 1720
1721 0
0 1722
1723 0
0 1724
1725 0
0 1726
1727 0
0 1728
1729 0
0 1730
1731 0
0 1732
1733 0
0 1734
1735 0
0 1736
1737 0
0 1738
1739 0
0 1740
1741 0
0 1742
1743 0
0 1744
1745 0
0 1746
1747 0
0 1748
1749 0
0 1750
1751 0
0 1752
1753 0
0 1754
1755 0
0 1756
1757 0
0 1758
1759 0
0 1760
1761 0
0 1762
1763 0
0 1764
1765 0
0 1766
1767 0
0 1768
1769 0
0 1770
1771 0
0 1772
1773 0
0 1774
1775 0
0 1776
1777 0
0 1778
1779 0
0 1780
1781 0
0 1782
1783 0
0 1784
1785 0
0 1786
1787 0
0 1788
1789 0
0 1790
1791 0
0 1792
1793 0
0 1794
1795 0
0 1796
1797 0
0 1798
1799 0
0 1800
1801 0
0 1802
1803 0
0 1804
1805 0
0 1806
1807 0
0 1808
1809 0
0 1810
1811 0
0 1812
1813 0
0 1814
1815 0
0 1816
1817 0
0 1818
1819 0
0 1820
1821 0
0 1822
1823 0
0 1824
1825 0
0 1826
1827 0
0 1828
1829 0
0 1830
1831 0
0 1832
1833 0
0 1834
1835 0
0 1836
1837 0
0 1838
1839 0
0 1840
1841 0
0 1842
1843 0
0 1844
1845 0
0 1846
1847 0
0 1848
1849 0
0 1850
1851 0
0 1852
1853 0
0 1854
1855 0
0 1856
1857 0
0 1858
1859 0
0 1860
1861 0
0 1862
1863 0
0 1864
1865 0
0 1866
1867 0
0 1868
1869 0
0 1870
1871 0
0 1872
1873 0
0 1874
1875 0
0 1876
1877 0
0 1878
1879 0
0 1880
1881 0
0 1882
1883 0
0 1884
1885 0
0 1886
1887 0
0 1888
1889 0
0 1890
1891 0
0 1892
1893 0
0 1894
1895 0
0 1896
1897 0
0 1898
1899 0
0 1900
1901 0
0 1902
1903 0
0 1904
1905 0
0 1906
1907 0
0 1908
1909 0
0 1910
1911 0
0 1912
1913 0
0 1914
1915 0
0 1916
1917 0
0 1918
1919 0
0 1920
1921 0
0 1922
1923 0
0 1924
1925 0
0 1926
1927 0
0 1928
1929 0
0 1930
1931 0
0 1932
1933 0
0 1934
1935 0
0 1936
1937 0
0 1938
1939 0
0 1940
1941 0
0 1942
1943 0
0 1944
1945 0
0 1946
1947 0
0 1948
1949 0
0 1950
1951 0
0 1952
1953 0
0 1954
1955 0
0 1956
1957 0
0 1958
1959 0
0 1960
1961 0
0 1962
1963 0
0 1964
1965 0
0 1966
1967 0
0 1968
1969 0
0 1970
1971 0
0 1972
1973 0
0 1974
1975 0
0 1976
1977 0
0 1978
1979 0
0 1980
1981 0
0 1982
1983 0
0 1984
1985 0
0 1986
1987 0
0 1988
1989 0
0 1990
1991 0
0 1992
1993 0
0 1994
1995 0
0 1996
1997 0
0 1998
1999 0
0 2000
1 0
0 2
3 0
0 4
5 0
0 6
7 0
0 8
9 0
0 10
11 0
0 12
13 0
0 14
15 0
0 16
17 0
0 18
19 0
0 20
21 0
0 22
23 0
0 24
25 0
0 26
27 0
0 28
29 0
0 30
31 0
0 32
33 0
0 34
35 0
0 36
37 0
0 38
39 0
0 40
41 0
0 42
43 0
0 44
45 0
0 46
47 0
0 48
49 0
0 50
51 0
0 52
53 0
0 54
55 0
0 56
57 0
0 58
59 0
0 60
61 0
0 62
63 0
0 64
65 0
0 66
67 0
0 68
69 0
0 70
71 0
0 72
73 0
0 74
75 0
0 76
77 0
0 78
79 0
0 80
81 0
0 82
83 0
0 84
85 0
0 86
87 0
0 88
89 0
0 90
91 0
0 92
93 0
0 94
95 0
0 96
97 0
0 98
99 0
0 100
101 0
0 102
103 0
0 104
105 0
0 106
107 0
0 108
109 0
0 110
111 0
0 112
113 0
0 114
115 0
0 116
117 0
0 118
119 0
0 120
121 0
0 122
123 0
0 124
125 0
0 126
127 0
0 128
129 0
0 130
131 0
0 132
133 0
0 134
135 0
0 136
137 0
0 138
139 0
0 140
141 0
0 142
143 0
0 144
145 0
0 146
147 0
0 148
149 0
0 150
151 0
0 152
153 0
0 154
155 0
0 156
157 0
0 158
159 0
0 160
161 0
0 162
163 0
0 164
165 0
0 166
167 0
0 168
169 0
0 170
171 0
0 172
173 0
0 174
175 0
0 176
177 0
0 178
179 0
0 180
181 0
0 182
183 0
0 184
185 0
0 186
187 0
0 188
189 0
0 190
191 0
0 192
193 0
0 194
195 0
0 196
197 0
0 198
199 0
0 200
201 0
0 202
203 0
0 204
205 0
0 206
207 0
0 208
209 0
0 210
211 0
0 212
213 0
0 214
215 0
0 216
217 0
0 218
219 0
0 220
221 0
0 222
223 0
0 224
225 0
0 226
227 0
0 228
229 0
0 230
231 0
0 232
233 0
0 234
235 0
0 236
237 0
0 238
239 0
0 240
241 0
0 242
243 0
0 244
245 0
0 246
247 0
0 248
249 0
0 250
251 0
0 252
253 0
0 254
255 0
0 256
257 0
0 258
259 0
0 260
261 0
0 262
263 0
0 264
265 0
0 266
267 0
0 268
269 0
0 270
271 0
0 272
273 0
0 274
275 0
0 276
277 0
0 278
279 0
0 280
281 0
0 282
283 0
0 284
285 0
0 286
287 0
0 288
289 0
0 290
291 0
0 292
293 0
0 294
295 0
0 296
297 0
0 298
299 0
0 300
301 0
0 302
303 0
0 304
305 0
0 306
307 0
0 308
309 0
0 310
311 0
0 312
313 0
0 314
315 0
0 316
317 0
0 318
319 0
0 320
321 0
0 322
323 0
0 324
325 0
0 326
327 0
0 328
329 0
0 330
331 0
0 332
333 0
0 334
335 0
0 336
337 0
0 338
339 0
0 340
341 0
0 342
343 0
0 344
345 0
0 346
347 0
0 348
349 0
0 350
351 0
0 352
353 0
0 354
355 0
0 356
357 0
0 358
359 0
0 360
361 0
0 362
363 0
0 364
365 0
0 366
367 0
0 368
369 0
0 370
371 0
0 372
373 0
0 374
375 0
0 376
377 0
0 378
379 0
0 380
381 0
0 382
383 0
0 384
385 0
0 386
387 0
0 388
389 0
0 390
391 0
0 392
393 0
0 394
395 0
0 396
397 0
0 398
399 0
0 400
401 0
0 402
403 0
0 404
405 0
0 406
407 0
0 408
409 0
0 410
411 0
0 412
413 0
0 414
415 0
0 416
417 0
0 418
419 0
0 420
421 0
0 422
423 0
0 424
425 0
0 426
427 0
0 428
429 0
0 430
431 0
0 432
433 0
0 434
435 0
0 436
437 0
0 438
439 0
0 440
441 0
0 442
443 0
0 444
445 0
0 446
447 0
0 448
449 0
0 450
451 0
0 452
453 0
0 454
455 0
0 456
457 0
0 458
459 0
0 460
461 0
0 462
463 0
0 464
465 0
0 466
467 0
0 468
469 0
0 470
471 0
0 472
473 0
0 474
475 0
0 476
477 0
0 478
479 0
0 480
481 0
0 482
483 0
0 484
485 0
0 486
487 0
0 488
489 0
0 490
491 0
0 492
493 0
0 494
495 0
0 496
497 0
0 498
499 0
0 500
501 0
0 502
503 0
0 504
505 0
0 506
507 0
0 508
509 0
0 510
511 0
0 512
513 0
0 514
515 0
0 516
517 0
0 518
519 0
0 520
521 0
0 522
523 0
0 524
525 0
0 526
527 0
0 528
529 0
0 530
531 0
0 532
533 0
0 534
535 0
0 536
537 0
0 538
539 0
0 540
541 0
0 542
543 0
0 544
545 0
0 546
547 0
0 548
549 0
0 550
551 0
0 552
553 0
0 554
555 0
0 556
557 0
0 558
559 0
0 560
561 0
0 562
563 0
0 564
565 0
0 566
567 0
0 568
569 0
0 570
571 0
0 572
573 0
0 574
575 0
0 576
577 0
0 578
579 0
0 580
581 0
0 582
583 0
0 584
585 0
0 586
587 0
0 588
589 0
0 590
591 0
0 592
593 0
0 594
595 0
0 596
597 0
0 598
599 0
0 600
601 0
0 602
603 0
0 604
605 0
0 606
607 0
0 608
609 0
0 610
611 0
0 612
613 0
0 614
615 0
0 616
617 0
0 618
619 0
0 620
621 0
0 622
623 0
0 624
625 0
0 626
627 0
0 628
629 0
0 630
631 0
0 632
633 0
0 634
635 0
0 636
637 0
0 638
639 0
0 640
641 0
0 642
643 0
0 644
645 0
0 646
647 0
0 648
649 0
0 650
651 0
0 652
653 0
0 654
655 0
0 656
657 0
0 658
659 0
0 660
661 0
0 662
663 0
0 664
665 0
0 666
667 0
0 668
669 0
0 670
671 0
0 672
673 0
0 674
675 0
0 676
677 0
0 678
679 0
0 680
681 0
0 682
683 0
0 684
685 0
0 686
687 0
0 688
689 0
0 690
691 0
0 692
693 0
0 694
695 0
0 696
697 0
0 698
699 0
0 700
701 0
0 702
703 0
0 704
705 0
0 706
707 0
0 708
709 0
0 710
711 0
0 712
713 0
0 714
715 0
0 716
717 0
0 718
719 0
0 720
721 0
0 722
723 0
0 724
725 0
0 726
727 0
0 728
729 0
0 730
731 0
0 732
733 0
0 734
735 0
0 736
737 0
0 738
739 0
0 740
741 0
0 742
743 0
0 744
745 0
0 746
747 0
0 748
749 0
0 750
751 0
0 752
753 0
0 754
755 0
0 756
757 0
0 758
759 0
0 760
761 0
0 762
763 0
0 764
765 0
0 766
767 0
0 768
769 0
0 770
771 0
0 772
773 0
0 774
775 0
0 776
777 0
0 778
779 0
0 780
781 0
0 782
783 0
0 784
785 0
0 786
787 0
0 788
789 0
0 790
791 0
0 792
793 0
0 794
795 0
0 796
797 0
0 798
799 0
0 800
801 0
0 802
803 0
0 804
805 0
0 806
807 0
0 808
809 0
0 810
811 0
0 812
813 0
0 814
815 0
0 816
817 0
0 818
819 0
0 820
821 0
0 822
823 0
0 824
825 0
0 826
827 0
0 828
829 0
0 830
831 0
0 832
833 0
0 834
835 0
0 836
837 0
0 838
839 0
0 840
841 0
0 842
843 0
0 844
845 0
0 846
847 0
0 848
849 0
0 850
851 0
0 852
853 0
0 854
855 0
0 856
857 0
0 858
859 0
0 860
861 0
0 862
863 0
0 864
865 0
0 866
867 0
0 868
869 0
0 870
871 0
0 872
873 0
0 874
875 0
0 876
877 0
0 878
879 0
0 880
881 0
0 882
883 0
0 884
885 0
0 886
887 0
0 888
889 0
0 890
891 0
0 892
893 0
0 894
895 0
0 896
897 0
0 898
899 0
0 900
901 0
0 902
903 0
0 904
905 0
0 906
907 0
0 908
909 0
0 910
911 0
0 912
913 0
0 914
915 0
0 916
917 0
0 918
919 0
0 920
921 0
0 922
923 0
0 924
925 0
0 926
927 0
0 928
929 0
0 930
931 0
0 932
933 0
0 934
935 0
0 936
937 0
0 938
939 0
0 940
941 0
0 942
943 0
0 944
945 0
0 946
947 0
0 948
949 0
0 950
951 0
0 952
953 0
0 954
955 0
0 956
957 0
0 958
959 0
0 960
961 0
0 962
963 0
0 964
965 0
0 966
967 0
0 968
969 0
0 970
971 0
0 972
973 0
0 974
975 0
0 976
977 0
0 978
979 0
0 980
981 0
0 982
983 0
0 984
985 0
0 986
987 0
0 988
989 0
0 990
991 0
0 992
993 0
0 994
995 0
0 996
997 0
0 998
999 0
0 1000
1001 0
0 1002
1003 0
0 1004
1005 0
0 1006
1007 0
0 1008
1009 0
0 1010
1011 0
0 1012
1013 0
0 1014
1015 0
0 1016
1017 0
0 1018
1019 0
0 1020
1021 0
0 1022
1023 0
0 1024
1025 0
0 1026
1027 0
0 1028
1029 0
0 1030
1031 0
0 1032
1033 0
0 1034
1035 0
0 1036
1037 0
0 1038
1039 0
0 1040
1041 0
0 1042
1043 0
0 1044
1045 0
0 1046
1047 0
0 1048
1049 0
0 1050
1051 0
0 1052
1053 0
0 1054
1055 0
0 1056
1057 0
0 1058
1059 0
0 1060
1061 0
0 1062
1063 0
0 1064
1065 0
0 1066
1067 0
0 1068
1069 0
0 1070
1071 0
0 1072
1073 0
0 1074
1075 0
0 1076
1077 0
0 1078
1079 0
0 1080
1081 0
0 1082
1083 0
0 1084
1085 0
0 1086
1087 0
0 1088
1089 0
0 1090
1091 0
0 1092
1093 0
0 1094
1095 0
0 1096
1097 0
0 1098
1099 0
0 1100
1101 0
0 1102
1103 0
0 1104
1105 0
0 1106
1107 0
0 1108
1109 0
0 1110
1111 0
0 1112
1113 0
0 1114
1115 0
0 1116
1117 0
0 1118
1119 0
0 1120
1121 0
0 1122
1123 0
0 1124
1125 0
0 1126
1127 0
0 1128
1129 0
0 1130
1131 0
0 1132
1133 0
0 1134
1135 0
0 1136
1137 0
0 1138
1139 0
0 1140
1141 0
0 1142
1143 0
0 1144
1145 0
0 1146
1147 0
0 1148
1149 0
0 1150
1151 0
0 1152
1153 0
0 1154
1155 0
0 1156
1157 0
0 1158
1159 0
0 1160
1161 0
0 1162
1163 0
0 1164
1165 0
0 1166
1167 0
0 1168
1169 0
0 1170
1171 0
0 1172
1173 0
0 1174
1175 0
0 1176
1177 0
0 1178
1179 0
0 1180
1181 0
0 1182
1183 0
0 1184
1185 0
0 1186
1187 0
0 1188
1189 0
0 1190
1191 0
0 1192
1193 0
0 1194
1195 0
0 1196
1197 0
0 1198
1199 0
0 1200
1201 0
0 1202
1203 0
0 1204
1205 0
0 1206
1207 0
0 1208
1209 0
0 1210
1211 0
0 1212
1213 0
0 1214
1215 0
0 1216
1217 0
0 1218
1219 0
0 1220
1221 0
0 1222
1223 0
0 1224
1225 0
0 1226
1227 0
0 1228
1229 0
0 1230
1231 0
0 1232
1233 0
0 1234
1235 0
0 1236
1237 0
0 1238
1239 0
0 1240
1241 0
0 1242
1243 0
0 1244
1245 0
0 1246
1247 0
0 1248
1249 0
0 1250
1251 0
0 1252
1253 0
0 1254
1255 0
0 1256
1257 0
0 1258
1259 0
0 1260
1261 0
0 1262
1263 0
0 1264
1265 0
0 1266
1267 0
0 1268
1269 0
0 1270
1271 0
0 1272
1273 0
0 1274
1275 0
0 1276
1277 0
0 1278
1279 0
0 1280
1281 0
0 1282
1283 0
0 1284
1285 0
0 1286
1287 0
0 1288
1289 0
0 1290
1291 0
0 1292
1293 0
0 1294
1295 0
0 1296
1297 0
0 1298
1299 0
0 1300
1301 0
0 1302
1303 0
0 1304
1305 0
0 1306
1307 0
0 1308
1309 0
0 1310
1311 0
0 1312
1313 0
0 1314
1315 0
0 1316
1317 0
0 1318
1319 0
0 1320
1321 0
0 1322
1323 0
0 1324
1325 0
0 1326
1327 0
0 1328
1329 0
0 1330
1331 0
0 1332
1333 0
0 1334
1335 0
0 1336
1337 0
0 1338
1339 0
0 1340
1341 0
0 1342
1343 0
0 1344
1345 0
0 1346
1347 0
0 1348
1349 0
0 1350
1351 0
0 1352
1353 0
0 1354
1355 0
0 1356
1357 0
0 1358
1359 0
0 1360
1361 0
0 1362
1363 0
0 1364
1365 0
0 1366
1367 0
0 1368
1369 0
0 1370
1371 0
0 1372
1373 0
0 1374
1375 0
0 1376
1377 0
0 1378
1379 0
0 1380
1381 0
0 1382
1383 0
0 1384
1385 0
0 1386
1387 0
0 1388
1389 0
0 1390
1391 0
0 1392
1393 0
0 1394
1395 0
0 1396
1397 0
0 1398
1399 0
0 1400
1401 0
0 1402
1403 0
0 1404
1405 0
0 1406
1407 0
0 1408
1409 0
0 1410
1411 0
0 1412
1413 0
0 1414
1415 0
0 1416
1417 0
0 1418
1419 0
0 1420
1421 0
0 1422
1423 0
0 1424
1425 0
0 1426
1427 0
0 1428
1429 0
0 1430
1431 0
0 1432
1433 0
0 1434
1435 0
0 1436
1437 0
0 1438
1439 0
0 1440
1441 0
0 1442
1443 0
0 1444
1445 0
0 1446
1447 0
0 1448
1449 0
0 1450
1451 0
0 1452
1453 0
0 1454
1455 0
0 1456
1457 0
0 1458
1459 0
0 1460
1461 0
0 1462
1463 0
0 1464
1465 0
0 1466
1467 0
0 1468
1469 0
0 1470
1471 0
0 1472
1473 0
0 1474
1475 0
0 1476
1477 0
0 1478
1479 0
0 1480
1481 0
0 1482
1483 0
0 1484
1485 0
0 1486
1487 0
0 1488
1489 0
0 1490
1491 0
0 1492
1493 0
0 1494
1495 0
0 1496
1497 0
0 1498
1499 0
0 1500
1501 0
0 1502
1503 0
0 1504
1505 0
0 1506
1507 0
0 1508
1509 0
0 1510
1511 0
0 1512
1513 0
0 1514
1515 0
0 1516
1517 0
0 1518
1519 0
0 1520
1521 0
0 1522
1523 0
0 1524
1525 0
0 1526
1527 0
0 1528
1529 0
0 1530
1531 0
0 1532
1533 0
0 1534
1535 0
0 1536
1537 0
0 1538
1539 0
0 1540
1541 0
0 1542
1543 0
0 1544
1545 0
0 1546
1547 0
0 1548
1549 0
0 1550
1551 0
0 1552
1553 0
0 1554
1555 0
0 1556
1557 0
0 1558
1559 0
0 1560
1561 0
0 1562
1563 0
0 1564
1565 0
0 1566
1567 0
0 1568
1569 0
0 1570
1571 0
0 1572
1573 0
0 1574
1575 0
0 1576
1577 0
0 1578
1579 0
0 1580
1581 0
0 1582
1583 0
0 1584
1585 0
0 1586
1587 0
0 1588
1589 0
0 1590
1591 0
0 1592
1593 0
0 1594
1595 0
0 1596
1597 0
0 1598
1599 0
0 1600
1601 0
0 1602
1603 0
0 1604
1605 0
0 1606
1607 0
0 1608
1609 0
0 1610
1611 0
0 1612
1613 0
0 1614
1615 0
0 1616
1617 0
0 1618
1619 0
0 1620
1621 0
0 1622
1623 0
0 1624
1625 0
0 1626
1627 0
0 1628
1629 0
0 1630
1631 0
0 1632
1633 0
0 1634
1635 0
0 1636
1637 0
0 1638
1639 0
0 1640
1641 0
0 1642
1643 0
0 1644
1645 0
0 1646
1647 0
0 1648
1649 0
0 1650
1651 0
0 1652
1653 0
0 1654
1655 0
0 1656
1657 0
0 1658
1659 0
0 1660
1661 0
0 1662
1663 0
0 1664
1665 0
0 1666
1667 0
0 1668
1669 0
0 1670
1671 0
0 1672
1673 0
0 1674
1675 0
0 1676
1677 0
0 1678
1679 0
0 1680
1681 0
0 1682
1683 0
0 1684
1685 0
0 1686
1687 0
0 1688
1689 0
0 1690
1691 0
0 1692
1693 0
0 1694
1695 0
0 1696
1697 0
0 1698
1699 0
0 1700
1701 0
0 1702
1703 0
0 1704
1705 0
0 1706
1707 0
0 1708
1709 0
0 1710
1711 0
0 1712
1713 0
0 1714
1715 0
0 1716
1717 0
0 1718
1719 0
0 1720
1721 0
0 1722
1723 0
0 1724
1725 0
0 1726
1727 0
0 1728
1729 0
0 1730
1731 0
0 1732
1733 0
0 1734
1735 0
0 1736
1737 0
0 1738
1739 0
0 1740
1741 0
0 1742
1743 0
0 1744
1745 0
0 1746
1747 0
0 1748
1749 0
0 1750
1751 0
0 1752
1753 0
0 1754
1755 0
0 1756
1757 0
0 1758
1759 0
0 1760
1761 0
0 1762
1763 0
0 1764
1765 0
0 1766
1767 0
0 1768
1769 0
0 1770
1771 0
0 1772
1773 0
0 1774
1775 0
0 1776
1777 0
0 1778
1779 0
0 1780
1781 0
0 1782
1783 0
0 1784
1785 0
0 1786
1787 0
0 1788
1789 0
0 1790
1791 0
0 1792
1793 0
0 1794
1795 0
0 1796
1797 0
0 1798
1799 0
0 1800
1801 0
0 1802
1803 0
0 1804
1805 0
0 1806
1807 0
0 1808
1809 0
0 1810
1811 0
0 1812
1813 0
0 1814
1815 0
0 1816
1817 0
0 1818
1819 0
0 1820
1821 0
0 1822
1823 0
0 1824
1825 0
0 1826
1827 0
0 1828
1829 0
0 1830
1831 0
0 1832
1833 0
0 1834
1835 0
0 1836
1837 0
0 1838
1839 0
0 1840
1841 0
0 1842
1843 0
0 1844
1845 0
0 1846
1847 0
0 1848
1849 0
0 1850
1851 0
0 1852
1853 0
0 1854
1855 0
0 1856
1857 0
0 1858
1859 0
0 1860
1861 0
0 1862
1863 0
0 1864
1865 0
0 1866
1867 0
0 1868
1869 0
0 1870
1871 0
0 1872
1873 0
0 1874
1875 0
0 1876
1877 0
0 1878
1879 0
0 1880
1881 0
0 1882
1883 0
0 1884
1885 0
0 1886
1887 0
0 1888
1889 0
0 1890
1891 0
0 1892
1893 0
0 1894
1895 0
0 1896
1897 0
0 1898
1899 0
0 1900
1901 0
0 1902
1903 0
0 1904
1905 0
0 1906
1907 0
0 1908
1909 0
0 1910
1911 0
0 1912
1913 0
0 1914
1915 0
0 1916
1917 0
0 1918
1919 0
0 1920
1921 0
0 1922
1923 0
0 1924
1925 0
0 1926
1927 0
0 1928
1929 0
0 1930
1931 0
0 1932
1933 0
0 1934
1935 0
0 1936
1937 0
0 1938
1939 0
0 1940
1941 0
0 1942
1943 0
0 1944
1945 0
0 1946
1947 0
0 1948
1949 0
0 1950
1951 0
0 1952
1953 0
0 1954
1955 0
0 1956
1957 0
0 1958
1959 0
0 1960
1961 0
0 1962
1963 0
0 1964
1965 0
0 1966
1967 0
0 1968
1969 0
0 1970
1971 0
0 1972
1973 0
0 1974
1975 0
0 1976
1977 0
0 1978
1979 0
0 1980
1981 0
0 1982
1983 0
0 1984
1985 0
0 1986
1987 0
0 1988
1989 0
0 1990
1991 0
0 1992
1993 0
0 1994
1995 0
0 1996
1997 0
0 1998
1999 0
0 2000
1 0
0 2
3 0
0 4
5 0
0 6
7 0
0 8
9 0
0 10
11 0
0 12
13 0
0 14
15 0
0 16
17 0
0 18
19 0
0 20
21 0
0 22
23 0
0 24
25 0
0 26
27 0
0 28
29 0
0 30
31 0
0 32
33 0
0 34
35 0
0 36
37 0
0 38
39 0
0 40
41 0
0 42
43 0
0 44
45 0
0 46
47 0
0 48
49 0
0 50
51 0
0 52
53 0
0 54
55 0
0 56
57 0
0 58
59 0
0 60
61 0
0 62
63 0
0 64
65 0
0 66
67 0
0 68
69 0
0 70
71 0
0 72
73 0
0 74
75 0
0 76
77 0
0 78
79 0
0 80
81 0
0 82
83 0
0 84
85 0
0 86
87 0
0 88
89 0
0 90
91 0
0 92
93 0
0 94
95 0
0 96
97 0
0 98
99 0
0 100
101 0
0 102
103 0
0 104
105 0
0 106
107 0
0 108
109 0
0 110
111 0
0 112
113 0
0 114
115 0
0 116
117 0
0 118
119 0
0 120
121 0
0 122
123 0
0 124
125 0
0 126
127 0
0 128
129 0
0 130
131 0
0 132
133 0
0 134
135 0
0 136
137 0
0 138
139 0
0 140
141 0
0 142
143 0
0 144
145 0
0 146
147 0
0 148
149 0
0 150
151 0
0 152
153 0
0 154
155 0
0 156
157 0
0 158
159 0
0 160
161 0
0 162
163 0
0 164
165 0
0 166
167 0
0 168
169 0
0 170
171 0
0 172
173 0
0 174
175 0
0 176
177 0
0 178
179 0
0 180
181 0
0 182
183 0
0 184
185 0
0 186
187 0
0 188
189 0
0 190
191 0
0 192
193 0
0 194
195 0
0 196
197 0
0 198
199 0
0 200
201 0
0 202
203 0
0 204
205 0
0 206
207 0
0 208
209 0
0 210
211 0
0 212
213 0
0 214
215 0
0 216
217 0
0 218
219 0
0 220
221 0
0 222
223 0
0 224
225 0
0 226
227 0
0 228
229 0
0 230
231 0
0 232
233 0
0 234
235 0
0 236
237 0
0 238
239 0
0 240
241 0
0 242
243 0
0 244
245 0
0 246
247 0
0 248
249 0
0 250
251 0
0 252
253 0
0 254
255 0
0 256
257 0
0 258
259 0
0 260
261 0
0 262
263 0
0 264
265 0
0 266
267 0
0 268
269 0
0 270
271 0
0 272
273 0
0 274
275 0
0 276
277 0
0 278
279 0
0 280
281 0
0 282
283 0
0 284
285 0
0 286
287 0
0 288
289 0
0 290
291 0
0 292
293 0
0 294
295 0
0 296
297 0
0 298
299 0
0 300
301 0
0 302
303 0
0 304
305 0
0 306
307 0
0 308
309 0
0 310
311 0
0 312
313 0
0 314
315 0
0 316
317 0
0 318
319 0
0 320
321 0
0 322
323 0
0 324
325 0
0 326
327 0
0 328
329 0
0 330
331 0
0 332
333 0
0 334
335 0
0 336
337 0
0 338
339 0
0 340
341 0
0 342
343 0
0 344
345 0
0 346
347 0
0 348
349 0
0 350
351 0
0 352
353 0
0 354
355 0
0 356
357 0
0 358
359 0
0 360
361 0
0 362
363 0
0 364
365 0
0 366
367 0
0 368
369 0
0 370
371 0
0 372
373 0
0 374
375 0
0 376
377 0
0 378
379 0
0 380
381 0
0 382
383 0
0 384
385 0
0 386
387 0
0 388
389 0
0 390
391 0
0 392
393 0
0 394
395 0
0 396
397 0
0 398
399 0
0 400
401 0
0 402
403 0
0 404
405 0
0 406
407 0
0 408
409 0
0 410
411 0
0 412
413 0
0 414
415 0
0 416
417 0
0 418
419 0
0 420
421 0
0 422
423 0
0 424
425 0
0 426
427 0
0 428
429 0
0 430
431 0
0 432
433 0
0 434
435 0
0 436
437 0
0 438
439 0
0 440
441 0
0 442
443 0
0 444
445 0
0 446
447 0
0 448
449 0
0 450
451 0
0 452
453 0
0 454
455 0
0 456
457 0
0 458
459 0
0 460
461 0
0 462
463 0
0 464
465 0
0 466
467 0
0 468
469 0
0 470
471 0
0 472
473 0
0 474
475 0
0 476
477 0
0 478
479 0
0 480
481 0
0 482
483 0
0 484
485 0
0 486
487 0
0 488
489 0
0 490
491 0
0 492
493 0
0 494
495 0
0 496
497 0
0 498
499 0
0 500
501 0
0 502
503 0
0 504
505 0
0 506
507 0
0 508
509 0
0 510
511 0
0 512
513 0
0 514
515 0
0 516
517 0
0 518
519 0
0 520
521 0
0 522
523 0
0 524
525 0
0 526
527 0
0 528
529 0
0 530
531 0
0 532
533 0
0 534
535 0
0 536
537 0
0 538
539 0
0 540
541 0
0 542
543 0
0 544
545 0
0 546
547 0
0 548
549 0
0 550
551 0
0 552
553 0
0 554
555 0
0 556
557 0
0 558
559 0
0 560
561 0
0 562
563 0
0 564
565 0
0 566
567 0
0 568
569 0
0 570
571 0
0 572
573 0
0 574
575 0
0 576
577 0
0 578
579 0
0 580
581 0
0 582
583 0
0 584
585 0
0 586
587 0
0 588
589 0
0 590
591 0
0 592
593 0
0 594
595 0
0 596
597 0
0 598
599 0
0 600
601 0
0 602
603 0
0 604
605 0
0 606
607 0
0 608
609 0
0 610
611 0
0 612
613 0
0 614
615 0
0 616
617 0
0 618
619 0
0 620
621 0
0 622
623 0
0 624
625 0
0 626
627 0
0 628
629 0
0 630
631 0
0 632
633 0
0 634
635 0
0 636
637 0
0 638
639 0
0 640
641 0
0 642
643 0
0 644
645 0
0 646
647 0
0 648
649 0
0 650
651 0
0 652
653 0
0 654
655 0
0 656
657 0
0 658
659 0
0 660
661 0
0 662
663 0
0 664
665 0
0 666
667 0
0 668
669 0
0 670
671 0
0 672
673 0
0 674
675 0
0 676
677 0
0 678
679 0
0 680
681 0
0 682
683 0
0 684
685 0
0 686
687 0
0 688
689 0
0 690
691 0
0 692
693 0
0 694
695 0
0 696
697 0
0 698
699 0
0 700
701 0
0 702
703 0
0 704
705 0
0 706
707 0
0 708
709 0
0 710
711 0
0 712
713 0
0 714
715 0
0 716
717 0
0 718
719 0
0 720
721 0
0 722
723 0
0 724
725 0
0 726
727 0
0 728
729 0
0 730
731 0
0 732
733 0
0 734
735 0
0 736
737 0
0 738
739 0
0 740
741 0
0 742
743 0
0 744
745 0
0 746
747 0
0 748
749 0
0 750
751 0
0 752
753 0
0 754
755 0
0 756
757 0
0 758
759 0
0 760
761 0
0 762
763 0
0 764
765 0
0 766
767 0
0 768
769 0
0 770
771 0
0 772
773 0
0 774
775 0
0 776
777 0
0 778
779 0
0 780
781 0
0 782
783 0
0 784
785 0
0 786
787 0
0 788
789 0
0 790
791 0
0 792
793 0
0 794
795 0
0 796
797 0
0 798
799 0
0 800
801 0
0 802
803 0
0 804
805 0
0 806
807 0
0 808
809 0
0 810
811 0
0 812
813 0
0 814
815 0
0 816
817 0
0 818
819 0
0 820
821 0
0 822
823 0
0 824
825 0
0 826
827 0
0 828
829 0
0 830
831 0
0 832
833 0
0 834
835 0
0 836
837 0
0 838
839 0
0 840
841 0
0 842
843 0
0 844
845 0
0 846
847 0
0 848
849 0
0 850
851 0
0 852
853 0
0 854
855 0
0 856
857 0
0 858
859 0
0 860
861 0
0 862
863 0
0 864
865 0
0 866
867 0
0 868
869 0
0 870
871 0
0 872
873 0
0 874
875 0
0 876
877 0
0 878
879 0
0 880
881 0
0 882
883 0
0 884
885 0
0 886
887 0
0 888
889 0
0 890
891 0
0 892
893 0
0 894
895 0
0 896
897 0
0 898
899 0
0 900
901 0
0 902
903 0
0 904
905 0
0 906
907 0
0 908
909 0
0 910
911 0
0 912
913 0
0 914
915 0
0 916
917 0
0 918
919 0
0 920
921 0
0 922
923 0
0 924
925 0
0 926
927 0
0 928
929 0
0 930
931 0
0 932
933 0
0 934
935 0
0 936
937 0
0 938
939 0
0 940
941 0
0 942
943 0
0 944
945 0
0 946
947 0
0 948
949 0
0 950
951 0
0 952
953 0
0 954
955 0
0 956
957 0
0 958
959 0
0 960
961 0
0 962
963 0
0 964
965 0
0 966
967 0
0 968
969 0
0 970
971 0
0 972
973 0
0 974
975 0
0 976
977 0
0 978
979 0
0 980
981 0
0 982
983 0
0 984
985 0
0 986
987 0
0 988
989 0
0 990
991 0
0 992
993 0
0 994
995 0
0 996
997 0
0 998
999 0
0 1000
1001 0
0 1002
1003 0
0 1004
1005 0
0 1006
1007 0
0 1008
1009 0
0 1010
1011 0
0 1012
1013 0
0 1014
1015 0
0 1016
1017 0
0 1018
1019 0
0 1020
1021 0
0 1022
1023 0
0 1024
1025 0
0 1026
1027 0
0 1028
1029 0
0 1030
1031 0
0 1032
1033 0
0 1034
1035 0
0 1036
1037 0
0 1038
1039 0
0 1040
1041 0
0 1042
1043 0
0 1044
1045 0
0 1046
1047 0
0 1048
1049 0
0 1050
1051 0
0 1052
1053 0
0 1054
1055 0
0 1056
1057 0
0 1058
1059 0
0 1060
1061 0
0 1062
1063 0
0 1064
1065 0
0 1066
1067 0
0 1068
1069 0
0 1070
1071 0
0 1072
1073 0
0 1074
1075 0
0 1076
1077 0
0 1078
1079 0
0 1080
1081 0
0 1082
1083 0
0 1084
1085 0
0 1086
1087 0
0 1088
1089 0
0 1090
1091 0
0 1092
1093 0
0 1094
1095 0
0 1096
1097 0
0 1098
1099 0
0 1100
1101 0
0 1102
1103 0
0 1104
1105 0
0 1106
1107 0
0 1108
1109 0
0 1110
1111 0
0 1112
1113 0
0 1114
1115 0
0 1116
1117 0
0 1118
1119 0
0 1120
1121 0
0 1122
1123 0
0 1124
1125 0
0 1126
1127 0
0 1128
1129 0
0 1130
1131 0
0 1132
1133 0
0 1134
1135 0
0 1136
1137 0
0 1138
1139 0
0 1140
1141 0
0 1142
1143 0
0 1144
1145 0
0 1146
1147 0
0 1148
1149 0
0 1150
1151 0
0 1152
1153 0
0 1154
1155 0
0 1156
1157 0
0 1158
1159 0
0 1160
1161 0
0 1162
1163 0
0 1164
1165 0
0 1166
1167 0
0 1168
1169 0
0 1170
1171 0
0 1172
1173 0
0 1174
1175 0
0 1176
1177 0
0 1178
1179 0
0 1180
1181 0
0 1182
1183 0
0 1184
1185 0
0 1186
1187 0
0 1188
1189 0
0 1190
1191 0
0 1192
1193 0
0 1194
1195 0
0 1196
1197 0
0 1198
1199 0
0 1200
1201 0
0 1202
1203 0
0 1204
1205 0
0 1206
1207 0
0 1208
1209 0
0 1210
1211 0
0 1212
1213 0
0 1214
1215 0
0 1216
1217 0
0 1218
1219 0
0 1220
1221 0
0 1222
1223 0
0 1224
1225 0
0 1226
1227 0
0 1228
1229 0
0 1230
1231 0
0 1232
1233 0
0 1234
1235 0
0 1236
1237 0
0 1238
1239 0
0 1240
1241 0
0 1242
1243 0
0 1244
1245 0
0 1246
1247 0
0 1248
1249 0
0 1250
1251 0
0 1252
1253 0
0 1254
1255 0
0 1256
1257 0
0 1258
1259 0
0 1260
1261 0
0 1262
1263 0
0 1264
1265 0
0 1266
1267 0
0 1268
1269 0
0 1270
1271 0
0 1272
1273 0
0 1274
1275 0
0 1276
1277 0
0 1278
1279 0
0 1280
1281 0
0 1282
1283 0
0 1284
1285 0
0 1286
1287 0
0 1288
1289 0
0 1290
1291 0
0 1292
1293 0
0 1294
1295 0
0 1296
1297 0
0 1298
1299 0
0 1300
1301 0
0 1302
1303 0
0 1304
1305 0
0 1306
1307 0
0 1308
1309 0
0 1310
1311 0
0 1312
1313 0
0 1314
1315 0
0 1316
1317 0
0 1318
1319 0
0 1320
1321 0
0 1322
1323 0
0 1324
1325 0
0 1326
1327 0
0 1328
1329 0
0 1330
1331 0
0 1332
1333 0
0 1334
1335 0
0 1336
1337 0
0 1338
1339 0
0 1340
1341 0
0 1342
1343 0
0 1344
1345 0
0 1346
1347 0
0 1348
1349 0
0 1350
1351 0
0 1352
1353 0
0 1354
1355 0
0 1356
1357 0
0 1358
1359 0
0 1360
1361 0
0 1362
1363 0
0 1364
1365 0
0 1366
1367 0
0 1368
1369 0
0 1370
1371 0
0 1372
1373 0
0 1374
1375 0
0 1376
1377 0
0 1378
1379 0
0 1380
1381 0
0 1382
1383 0
0 1384
1385 0
0 1386
1387 0
0 1388
1389 0
0 1390
1391 0
0 1392
1393 0
0 1394
1395 0
0 1396
1397 0
0 1398
1399 0
0 1400
1401 0
0 1402
1403 0
0 1404
1405 0
0 1406
1407 0
0 1408
1409 0
0 1410
1411 0
0 1412
1413 0
0 1414
1415 0
0 1416
1417 0
0 1418
1419 0
0 1420
1421 0
0 1422
1423 0
0 1424
1425 0
0 1426
1427 0
0 1428
1429 0
0 1430
1431 0
0 1432
1433 0
0 1434
1435 0
0 1436
1437 0
0 1438
1439 0
0 1440
1441 0
0 1442
1443 0
0 1444
1445 0
0 1446
1447 0
0 1448
1449 0
0 1450
1451 0
0 1452
1453 0
0 1454
1455 0
0 1456
1457 0
0 1458
1459 0
0 1460
1461 0
0 1462
1463 0
0 1464
1465 0
0 1466
1467 0
0 1468
1469 0
0 1470
1471 0
0 1472
1473 0
0 1474
1475 0
0 1476
1477 0
0 1478
1479 0
0 1480
1481 0
0 1482
1483 0
0 1484
1485 0
0 1486
1487 0
0 1488
1489 0
0 1490
1491 0
0 1492
1493 0
0 1494
1495 0
0 1496
1497 0
0 1498
1499 0
0 1500
1501 0
0 1502
1503 0
0 1504
1505 0
0 1506
1507 0
0 1508
1509 0
0 1510
1511 0
0 1512
1513 0
0 1514
1515 0
0 1516
1517 0
0 1518
1519 0
0 1520
1521 0
0 1522
1523 0
0 1524
1525 0
0 1526
1527 0
0 1528
1529 0
0 1530
1531 0
0 1532
1533 0
0 1534
1535 0
0 1536
1537 0
0 1538
1539 0
0 1540
1541 0
0 1542
1543 0
0 1544
1545 0
0 1546
1547 0
0 1548
1549 0
0 1550
1551 0
0 1552
1553 0
0 1554
1555 0
0 1556
1557 0
0 1558
1559 0
0 1560
1561 0
0 1562
1563 0
0 1564
1565 0
0 1566
1567 0
0 1568
1569 0
0 1570
1571 0
0 1572
1573 0
0 1574
1575 0
0 1576
1577 0
0 1578
1579 0
0 1580
1581 0
0 1582
1583 0
0 1584
1585 0
0 1586
1587 0
0 1588
1589 0
0 1590
1591 0
0 1592
1593 0
0 1594
1595 0
0 1596
1597 0
0 1598
1599 0
0 1600
1601 0
0 1602
1603 0
0 1604
1605 0
0 1606
1607 0
0 1608
1609 0
0 1610
1611 0
0 1612
1613 0
0 1614
1615 0
0 1616
1617 0
0 1618
1619 0
0 1620
1621 0
0 1622
1623 0
0 1624
1625 0
0 1626
1627 0
0 1628
1629 0
0 1630
1631 0
0 1632
1633 0
0 1634
1635 0
0 1636
1637 0
0 1638
1639 0
0 1640
1641 0
0 1642
1643 0
0 1644
1645 0
0 1646
1647 0
0 1648
1649 0
0 1650
1651 0
0 1652
1653 0
0 1654
1655 0
0 1656
1657 0
0 1658
1659 0
0 1660
1661 0
0 1662
1663 0
0 1664
1665 0
0 1666
1667 0
0 1668
1669 0
0 1670
1671 0
0 1672
1673 0
0 1674
1675 0
0 1676
1677 0
0 1678
1679 0
0 1680
1681 0
0 1682
1683 0
0 1684
1685 0
0 1686
1687 0
0 1688
1689 0
0 1690
1691 0
0 1692
1693 0
0 1694
1695 0
0 1696
1697 0
0 1698
1699 0
0 1700
1701 0
0 1702
1703 0
0 1704
1705 0
0 1706
1707 0
0 1708
1709 0
0 1710
1711 0
0 1712
1713 0
0 1714
1715 0
0 1716
1717 0
0 1718
1719 0
0 1720
1721 0
0 1722
1723 0
0 1724
1725 0
0 1726
1727 0
0 1728
1729 0
0 1730
1731 0
0 1732
1733 0
0 1734
1735 0
0 1736
1737 0
0 1738
1739 0
0 1740
1741 0
0 1742
1743 0
0 1744
1745 0
0 1746
1747 0
0 1748
1749 0
0 1750
1751 0
0 1752
1753 0
0 1754
1755 0
0 1756
1757 0
0 1758
1759 0
0 1760
1761 0
0 1762
1763 0
0 1764
1765 0
0 1766
1767 0
0 1768
1769 0
0 1770
1771 0
0 1772
1773 0
0 1774
1775 0
0 1776
1777 0
0 1778
1779 0
0 1780
1781 0
0 1782
1783 0
0 1784
1785 0
0 1786
1787 0
0 1788
1789 0
0 1790
1791 0
0 1792
1793 0
0 1794
1795 0
0 1796
1797 0
0 1798
1799 0
0 1800
1801 0
0 1802
1803 0
0 1804
1805 0
0 1806
1807 0
0 1808
1809 0
0 1810
1811 0
0 1812
1813 0
0 1814
1815 0
0 1816
1817 0
0 1818
1819 0
0 1820
1821 0
0 1822
1823 0
0 1824
1825 0
0 1826
1827 0
0 1828
1829 0
0 1830
1831 0
0 1832
1833 0
0 1834
1835 0
0 1836
1837 0
0 1838
1839 0
0 1840
1841 0
0 1842
1843 0
0 1844
1845 0
0 1846
1847 0
0 1848
1849 0
0 1850
1851 0
0 1852
1853 0
0 1854
1855 0
0 1856
1857 0
0 1858
1859 0
0 1860
1861 0
0 1862
1863 0
0 1864
1865 0
0 1866
1867 0
0 1868
1869 0
0 1870
1871 0
0 1872
1873 0
0 1874
1875 0
0 1876
1877 0
0 1878
1879 0
0 1880
1881 0
0 1882
1883 0
0 1884
1885 0
0 1886
1887 0
0 1888
1889 0
0 1890
1891 0
0 1892
1893 0
0 1894
1895 0
0 1896
1897 0
0 1898
1899 0
0 1900
1901 0
0 1902
1903 0
0 1904
1905 0
0 1906
1907 0
0 1908
1909 0
0 1910
1911 0
0 1912
1913 0
0 1914
1915 0
0 1916
1917 0
0 1918
1919 0
0 1920
1921 0
0 1922
1923 0
0 1924
1925 0
0 1926
1927 0
0 1928
1929 0
0 1930
1931 0
0 1932
1933 0
0 1934
1935 0
0 1936
1937 0
0 1938
1939 0
0 1940
1941 0
0 1942
1943 0
0 1944
1945 0
0 1946
1947 0
0 1948
1949 0
0 1950
1951 0
0 1952
1953 0
0 1954
1955 0
0 1956
1957 0
0 1958
1959 0
0 1960
1961 0
0 1962
1963 0
0 1964
1965 0
0 1966
1967 0
0 1968
1969 0
0 1970
1971 0
0 1972
1973 0
0 1974
1975 0
0 1976
1977 0
0 1978
1979 0
0 1980
1981 0
0 1982
1983 0
0 1984
1985 0
0 1986
1987 0
0 1988
1989 0
0 1990
1991 0
0 1992
1993 0
0 1994
1995 0
0 1996
1997 0
0 1998
1999 0
0 2000
1 0
0 2
3 0
0 4
5 0
0 6
7 0
0 8
9 0
0 10
11 0
0 12
13 0
0 14
15 0
0 16
17 0
0 18
19 0
0 20
21 0
0 22
23 0
0 24
25 0
0 26
27 0
0 28
29 0
0 30
31 0
0 32
33 0
0 34
35 0
0 36
37 0
0 38
39 0
0 40
41 0
0 42
43 0
0 44
45 0
0 46
47 0
0 48
49 0
0 50
51 0
0 52
53 0
0 54
55 0
0 56
57 0
0 58
59 0
0 60
61 0
0 62
63 0
0 64
65 0
0 66
67 0
0 68
69 0
0 70
71 0
0 72
73 0
0 74
75 0
0 76
77 0
0 78
79 0
0 80
81 0
0 82
83 0
0 84
85 0
0 86
87 0
0 88
89 0
0 90
91 0
0 92
93 0
0 94
95 0
0 96
97 0
0 98
99 0
0 100
101 0
0 102
103 0
0 104
105 0
0 106
107 0
0 108
109 0
0 110
111 0
0 112
113 0
0 114
115 0
0 116
117 0
0 118
119 0
0 120
121 0
0 122
123 0
0 124
125 0
0 126
127 0
0 128
129 0
0 130
131 0
0 132
133 0
0 134
135 0
0 136
137 0
0 138
139 0
0 140
141 0
0 142
143 0
0 144
145 0
0 146
147 0
0 148
149 0
0 150
151 0
0 152
153 0
0 154
155 0
0 156
157 0
0 158
159 0
0 160
161 0
0 162
163 0
0 164
165 0
0 166
167 0
0 168
169 0
0 170
171 0
0 172
173 0
0 174
175 0
0 176
177 0
0 178
179 0
0 180
181 0
0 182
183 0
0 184
185 0
0 186
187 0
0 188
189 0
0 190
191 0
0 192
193 0
0 194
195 0
0 196
197 0
0 198
199 0
0 200
201 0
0 202
203 0
0 204
205 0
0 206
207 0
0 208
209 0
0 210
211 0
0 212
213 0
0 214
215 0
0 216
217 0
0 218
219 0
0 220
221 0
0 222
223 0
0 224
225 0
0 226
227 0
0 228
229 0
0 230
231 0
0 232
233 0
0 234
235 0
0 236
237 0
0 238
239 0
0 240
241 0
0 242
243 0
0 244
245 0
0 246
247 0
0 248
249 0
0 250
251 0
0 252
253 0
0 254
255 0
0 256
257 0
0 258
259 0
0 260
261 0
0 262
263 0
0 264
265 0
0 266
267 0
0 268
269 0
0 270
271 0
0 272
273 0
0 274
275 0
0 276
277 0
0 278
279 0
0 280
281 0
0 282
283 0
0 284
285 0
0 286
287 0
0 288
289 0
0 290
291 0
0 292
293 0
0 294
295 0
0 296
297 0
0 298
299 0
0 300
301 0
0 302
303 0
0 304
305 0
0 306
307 0
0 308
309 0
0 310
311 0
0 312
313 0
0 314
315 0
0 316
317 0
0 318
319 0
0 320
321 0
0 322
323 0
0 324
325 0
0 326
327 0
0 328
329 0
0 330
331 0
0 332
333 0
0 334
335 0
0 336
337 0
0 338
339 0
0 340
341 0
0 342
343 0
0 344
345 0
0 346
347 0
0 348
349 0
0 350
351 0
0 352
353 0
0 354
355 0
0 356
357 0
0 358
359 0
0 360
361 0
0 362
363 0
0 364
365 0
0 366
367 0
0 368
369 0
0 370
371 0
0 372
373 0
0 374
375 0
0 376
377 0
0 378
379 0
0 380
381 0
0 382
383 0
0 384
385 0
0 386
387 0
0 388
389 0
0 390
391 0
0 392
393 0
0 394
395 0
0 396
397 0
0 398
399 0
0 400
401 0
0 402
403 0
0 404
405 0
0 406
407 0
0 408
409 0
0 410
411 0
0 412
413 0
0 414
415 0
0 416
417 0
0 418
419 0
0 420
421 0
0 422
423 0
0 424
425 0
0 426
427 0
0 428
429 0
0 430
431 0
0 432
433 0
0 434
435 0
0 436
437 0
0 438
439 0
0 440
441 0
0 442
443 0
0 444
445 0
0 446
447 0
0 448
449 0
0 450
451 0
0 452
453 0
0 454
455 0
0 456
457 0
0 458
459 0
0 460
461 0
0 462
463 0
0 464
465 0
0 466
467 0
0 468
469 0
0 470
471 0
0 472
473 0
0 474
475 0
0 476
477 0
0 478
479 0
0 480
481 0
0 482
483 0
0 484
485 0
0 486
487 0
0 488
489 0
0 490
491 0
0 492
493 0
0 494
495 0
0 496
497 0
0 498
499 0
0 500
501 0
0 502
503 0
0 504
505 0
0 506
507 0
0 508
509 0
0 510
511 0
0 512
513 0
0 514
515 0
0 516
517 0
0 518
519 0
0 520
521 0
0 522
523 0
0 524
525 0
0 526
527 0
0 528
529 0
0 530
531 0
0 532
533 0
0 534
535 0
0 536
537 0
0 538
539 0
0 540
541 0
0 542
543 0
0 544
545 0
0 546
547 0
0 548
549 0
0 550
551 0
0 552
553 0
0 554
555 0
0 556
557 0
0 558
559 0
0 560
561 0
0 562
563 0
0 564
565 0
0 566
567 0
0 568
569 0
0 570
571 0
0 572
573 0
0 574
575 0
0 576
577 0
0 578
579 0
0 580
581 0
0 582
583 0
0 584
585 0
0 586
587 0
0 588
589 0
0 590
591 0
0 592
593 0
0 594
595 0
0 596
597 0
0 598
599 0
0 600
601 0
0 602
603 0
0 604
605 0
0 606
607 0
0 608
609 0
0 610
611 0
0 612
613 0
0 614
615 0
0 616
617 0
0 618
619 0
0 620
621 0
0 622
623 0
0 624
625 0
0 626
627 0
0 628
629 0
0 630
631 0
0 632
633 0
0 634
635 0
0 636
637 0
0 638
639 0
0 640
641 0
0 642
643 0
0 644
645 0
0 646
647 0
0 648
649 0
0 650
651 0
0 652
653 0
0 654
655 0
0 656
657 0
0 658
659 0
0 660
661 0
0 662
663 0
0 664
665 0
0 666
667 0
0 668
669 0
0 670
671 0
0 672
673 0
0 674
675 0
0 676
677 0
0 678
679 0
0 680
681 0
0 682
683 0
0 684
685 0
0 686
687 0
0 688
689 0
0 690
691 0
0 692
693 0
0 694
695 0
0 696
697 0
0 698
699 0
0 700
701 0
0 702
703 0
0 704
705 0
0 706
707 0
0 708
709 0
0 710
711 0
0 712
713 0
0 714
715 0
0 716
717 0
0 718
719 0
0 720
721 0
0 722
723 0
0 724
725 0
0 726
727 0
0 728
729 0
0 730
731 0
0 732
733 0
0 734
735 0
0 736
737 0
0 738
739 0
0 740
741 0
0 742
743 0
0 744
745 0
0 746
747 0
0 748
749 0
0 750
751 0
0 752
753 0
0 754
755 0
0 756
757 0
0 758
759 0
0 760
761 0
0 762
763 0
0 764
765 0
0 766
767 0
0 768
769 0
0 770
771 0
0 772
773 0
0 774
775 0
0 776
777 0
0 778
779 0
0 780
781 0
0 782
783 0
0 784
785 0
0 786
787 0
0 788
789 0
0 790
791 0
0 792
793 0
0 794
795 0
0 796
797 0
0 798
799 0
0 800
801 0
0 802
803 0
0 804
805 0
0 806
807 0
0 808
809 0
0 810
811 0
0 812
813 0
0 814
815 0
0 816
817 0
0 818
819 0
0 820
821 0
0 822
823 0
0 824
825 0
0 826
827 0
0 828
829 0
0 830
831 0
0 832
833 0
0 834
835 0
0 836
837 0
0 838
839 0
0 840
841 0
0 842
843 0
0 844
845 0
0 846
847 0
0 848
849 0
0 850
851 0
0 852
853 0
0 854
855 0
0 856
857 0
0 858
859 0
0 860
861 0
0 862
863 0
0 864
865 0
0 866
867 0
0 868
869 0
0 870
871 0
0 872
873 0
0 874
875 0
0 876
877 0
0 878
879 0
0 880
881 0
0 882
883 0
0 884
885 0
0 886
887 0
0 888
889 0
0 890
891 0
0 892
893 0
0 894
895 0
0 896
897 0
0 898
899 0
0 900
901 0
0 902
903 0
0 904
905 0
0 906
907 0
0 908
909 0
0 910
911 0
0 912
913 0
0 914
915 0
0 916
917 0
0 918
919 0
0 920
921 0
0 922
923 0
0 924
925 0
0 926
927 0
0 928
929 0
0 930
931 0
0 932
933 0
0 934
935 0
0 936
937 0
0 938
939 0
0 940
941 0
0 942
943 0
0 944
945 0
0 946
947 0
0 948
949 0
0 950
951 0
0 952
953 0
0 954
955 0
0 956
957 0
0 958
959 0
0 960
961 0
0 962
963 0
0 964
965 0
0 966
967 0
0 968
969 0
0 970
971 0
0 972
973 0
0 974
975 0
0 976
977 0
0 978
979 0
0 980
981 0
0 982
983 0
0 984
985 0
0 986
987 0
0 988
989 0
0 990
991 0
0 992
993 0
0 994
995 0
0 996
997 0
0 998
999 0
0 1000
1001 0
0 1002
1003 0
0 1004
1005 0
0 1006
1007 0
0 1008
1009 0
0 1010
1011 0
0 1012
1013 0
0 1014
1015 0
0 1016
1017 0
0 1018
1019 0
0 1020
1021 0
0 1022
1023 0
0 1024
1025 0
0 1026
1027 0
0 1028
1029 0
0 1030
1031 0
0 1032
1033 0
0 1034
1035 0
0 1036
1037 0
0 1038
1039 0
0 1040
1041 0
0 1042
1043 0
0 1044
1045 0
0 1046
1047 0
0 1048
1049 0
0 1050
1051 0
0 1052
1053 0
0 1054
1055 0
0 1056
1057 0
0 1058
1059 0
0 1060
1061 0
0 1062
1063 0
0 1064
1065 0
0 1066
1067 0
0 1068
1069 0
0 1070
1071 0
0 1072
1073 0
0 1074
1075 0
0 1076
1077 0
0 1078
1079 0
0 1080
1081 0
0 1082
1083 0
0 1084
1085 0
0 1086
1087 0
0 1088
1089 0
0 1090
1091 0
0 1092
1093 0
0 1094
1095 0
0 1096
1097 0
0 1098
1099 0
0 1100
1101 0
0 1102
1103 0
0 1104
1105 0
0 1106
1107 0
0 1108
1109 0
0 1110
1111 0
0 1112
1113 0
0 1114
1115 0
0 1116
1117 0
0 1118
1119 0
0 1120
1121 0
0 1122
1123 0
0 1124
1125 0
0 1126
1127 0
0 1128
1129 0
0 1130
1131 0
0 1132
1133 0
0 1134
1135 0
0 1136
1137 0
0 1138
1139 0
0 1140
1141 0
0 1142
1143 0
0 1144
1145 0
0 1146
1147 0
0 1148
1149 0
0 1150
1151 0
0 1152
1153 0
0 1154
1155 0
0 1156
1157 0
0 1158
1159 0
0 1160
1161 0
0 1162
1163 0
0 1164
1165 0
0 1166
1167 0
0 1168
1169 0
0 1170
1171 0
0 1172
1173 0
0 1174
1175 0
0 1176
1177 0
0 1178
1179 0
0 1180
1181 0
0 1182
1183 0
0 1184
1185 0
0 1186
1187 0
0 1188
1189 0
0 1190
1191 0
0 1192
1193 0
0 1194
1195 0
0 1196
1197 0
0 1198
1199 0
0 1200
1201 0
0 1202
1203 0
0 1204
1205 0
0 1206
1207 0
0 1208
1209 0
0 1210
1211 0
0 1212
1213 0
0 1214
1215 0
0 1216
1217 0
0 1218
1219 0
0 1220
1221 0
0 1222
1223 0
0 1224
1225 0
0 1226
1227 0
0 1228
1229 0
0 1230
1231 0
0 1232
1233 0
0 1234
1235 0
0 1236
1237 0
0 1238
1239 0
0 1240
1241 0
0 1242
1243 0
0 1244
1245 0
0 1246
1247 0
0 1248
1249 0
0 1250
1251 0
0 1252
1253 0
0 1254
1255 0
0 1256
1257 0
0 1258
1259 0
0 1260
1261 0
0 1262
1263 0
0 1264
1265 0
0 1266
1267 0
0 1268
1269 0
0 1270
1271 0
0 1272
1273 0
0 1274
1275 0
0 1276
1277 0
0 1278
1279 0
0 1280
1281 0
0 1282
1283 0
0 1284
1285 0
0 1286
1287 0
0 1288
1289 0
0 1290
1291 0
0 1292
1293 0
0 1294
1295 0
0 1296
1297 0
0 1298
1299 0
0 1300
1301 0
0 1302
1303 0
0 1304
1305 0
0 1306
1307 0
0 1308
1309 0
0 1310
1311 0
0 1312
1313 0
0 1314
1315 0
0 1316
1317 0
0 1318
1319 0
0 1320
1321 0
0 1322
1323 0
0 1324
1325 0
0 1326
1327 0
0 1328
1329 0
0 1330
1331 0
0 1332
1333 0
0 1334
1335 0
0 1336
1337 0
0 1338
1339 0
0 1340
1341 0
0 1342
1343 0
0 1344
1345 0
0 1346
1347 0
0 1348
1349 0
0 1350
1351 0
0 1352
1353 0
0 1354
1355 0
0 1356
1357 0
0 1358
1359 0
0 1360
1361 0
0 1362
1363 0
0 1364
1365 0
0 1366
1367 0
0 1368
1369 0
0 1370
1371 0
0 1372
1373 0
0 1374
1375 0
0 1376
1377 0
0 1378
1379 0
0 1380
1381 0
0 1382
1383 0
0 1384
1385 0
0 1386
1387 0
0 1388
1389 0
0 1390
1391 0
0 1392
1393 0
0 1394
1395 0
0 1396
1397 0
0 1398
1399 0
0 1400
1401 0
0 1402
1403 0
0 1404
1405 0
0 1406
1407 0
0 1408
1409 0
0 1410
1411 0
0 1412
1413 0
0 1414
1415 0
0 1416
1417 0
0 1418
1419 0
0 1420
1421 0
0 1422
1423 0
0 1424
1425 0
0 1426
1427 0
0 1428
1429 0
0 1430
1431 0
0 1432
1433 0
0 1434
1435 0
0 1436
1437 0
0 1438
1439 0
0 1440
1441 0
0 1442
1443 0
0 1444
1445 0
0 1446
1447 0
0 1448
1449 0
0 1450
1451 0
0 1452
1453 0
0 1454
1455 0
0 1456
1457 0
0 1458
1459 0
0 1460
1461 0
0 1462
1463 0
0 1464
1465 0
0 1466
1467 0
0 1468
1469 0
0 1470
1471 0
0 1472
1473 0
0 1474
1475 0
0 1476
1477 0
0 1478
1479 0
0 1480
1481 0
0 1482
1483 0
0 1484
1485 0
0 1486
1487 0
0 1488
1489 0
0 1490
1491 0
0 1492
1493 0
0 1494
1495 0
0 1496
1497 0
0 1498
1499 0
0 1500
1501 0
0 1502
1503 0
0 1504
1505 0
0 1506
1507 0
0 1508
1509 0
0 1510
1511 0
0 1512
1513 0
0 1514
1515 0
0 1516
1517 0
0 1518
1519 0
0 1520
1521 0
0 1522
1523 0
0 1524
1525 0
0 1526
1527 0
0 1528
1529 0
0 1530
1531 0
0 1532
1533 0
0 1534
1535 0
0 1536
1537 0
0 1538
1539 0
0 1540
1541 0
0 1542
1543 0
0 1544
1545 0
0 1546
1547 0
0 1548
1549 0
0 1550
1551 0
0 1552
1553 0
0 1554
1555 0
0 1556
1557 0
0 1558
1559 0
0 1560
1561 0
0 1562
1563 0
0 1564
1565 0
0 1566
1567 0
0 1568
1569 0
0 1570
1571 0
0 1572
1573 0
0 1574
1575 0
0 1576
1577 0
0 1578
1579 0
0 1580
1581 0
0 1582
1583 0
0 1584
1585 0
0 1586
1587 0
0 1588
1589 0
0 1590
1591 0
0 1592
1593 0
0 1594
1595 0
0 1596
1597 0
0 1598
1599 0
0 1600
1601 0
0 1602
1603 0
0 1604
1605 0
0 1606
1607 0
0 1608
1609 0
0 1610
1611 0
0 1612
1613 0
0 1614
1615 0
0 1616
1617 0
0 1618
1619 0
0 1620
1621 0
0 1622
1623 0
0 1624
1625 0
0 1626
1627 0
0 1628
1629 0
0 1630
1631 0
0 1632
1633 0
0 1634
1635 0
0 1636
1637 0
0 1638
1639 0
0 1640
1641 0
0 1642
1643 0
0 1644
1645 0
0 1646
1647 0
0 1648
1649 0
0 1650
1651 0
0 1652
1653 0
0 1654
1655 0
0 1656
1657 0
0 1658
1659 0
0 1660
1661 0
0 1662
1663 0
0 1664
1665 0
0 1666
1667 0
0 1668
1669 0
0 1670
1671 0
0 1672
1673 0
0 1674
1675 0
0 1676
1677 0
0 1678
1679 0
0 1680
1681 0
0 1682
1683 0
0 1684
1685 0
0 1686
1687 0
0 1688
1689 0
0 1690
1691 0
0 1692
1693 0
0 1694
1695 0
0 1696
1697 0
0 1698
1699 0
0 1700
1701 0
0 1702
1703 0
0 1704
1705 0
0 1706
1707 0
0 1708
1709 0
0 1710
1711 0
0 1712
1713 0
0 1714
1715 0
0 1716
1717 0
0 1718
1719 0
0 1720
1721 0
0 1722
1723 0
0 1724
1725 0
0 1726
1727 0
0 1728
1729 0
0 1730
1731 0
0 1732
1733 0
0 1734
1735 0
0 1736
1737 0
0 1738
1739 0
0 1740
1741 0
0 1742
1743 0
0 1744
1745 0
0 1746
1747 0
0 1748
1749 0
0 1750
1751 0
0 1752
1753 0
0 1754
1755 0
0 1756
1757 0
0 1758
1759 0
0 1760
1761 0
0 1762
1763 0
0 1764
1765 0
0 1766
1767 0
0 1768
1769 0
0 1770
1771 0
0 1772
1773 0
0 1774
1775 0
0 1776
1777 0
0 1778
1779 0
0 1780
1781 0
0 1782
1783 0
0 1784
1785 0
0 1786
1787 0
0 1788
1789 0
0 1790
1791 0
0 1792
1793 0
0 1794
1795 0
0 1796
1797 0
0 1798
1799 0
0 1800
1801 0
0 1802
1803 0
0 1804
1805 0
0 1806
1807 0
0 1808
1809 0
0 1810
1811 0
0 1812
1813 0
0 1814
1815 0
0 1816
1817 0
0 1818
1819 0
0 1820
1821 0
0 1822
1823 0
0 1824
1825 0
0 1826
1827 0
0 1828
1829 0
0 1830
1831 0
0 1832
1833 0
0 1834
1835 0
0 1836
1837 0
0 1838
1839 0
0 1840
1841 0
0 1842
1843 0
0 1844
1845 0
0 1846
1847 0
0 1848
1849 0
0 1850
1851 0
0 1852
1853 0
0 1854
1855 0
0 1856
1857 0
0 1858
1859 0
0 1860
1861 0
0 1862
1863 0
0 1864
1865 0
0 1866
1867 0
0 1868
1869 0
0 1870
1871 0
0 1872
1873 0
0 1874
1875 0
0 1876
1877 0
0 1878
1879 0
0 1880
1881 0
0 1882
1883 0
0 1884
1885 0
0 1886
1887 0
0 1888
1889 0
0 1890
1891 0
0 1892
1893 0
0 1894
1895 0
0 1896
1897 0
0 1898
1899 0
0 1900
1901 0
0 1902
1903 0
0 1904
1905 0
0 1906
1907 0
0 1908
1909 0
0 1910
1911 0
0 1912
1913 0
0 1914
1915 0
0 1916
1917 0
0 1918
1919 0
0 1920
1921 0
0 1922
1923 0
0 1924
1925 0
0 1926
1927 0
0 1928
1929 0
0 1930
1931 0
0 1932
1933 0
0 1934
1935 0
0 1936
1937 0
0 1938
1939 0
0 1940
1941 0
0 1942
1943 0
0 1944
1945 0
0 1946
1947 0
0 1948
1949 0
0 1950
1951 0
0 1952
1953 0
0 1954
1955 0
0 1956
1957 0
0 1958
1959 0
0 1960
1961 0
0 1962
1963 0
0 1964
1965 0
0 1966
1967 0
0 1968
1969 0
0 1970
1971 0
0 1972
1973 0
0 1974
1975 0
0 1976
1977 0
0 1978
1979 0
0 1980
1981 0
0 1982
1983 0
0 1984
1985 0
0 1986
1987 0
0 1988
1989 0
0 1990
1991 0
0 1992
1993 0
0 1994
1995 0
0 1996
1997 0
0 1998
1999 0
0 2000
1 0
0 2
3 0
0 4
5 0
0 6
7 0
0 8
9 0
0 10
11 0
0 12
13 0
0 14
15 0
0 16
17 0
0 18
19 0
0 20
21 0
0 22
23 0
0 24
25 0
0 26
27 0
0 28
29 0
0 30
31 0
0 32
33 0
0 34
35 0
0 36
37 0
0 38
39 0
0 40
41 0
0 42
43 0
0 44
45 0
0 46
47 0
0 48
49 0
0 50
51 0
0 52
53 0
0 54
55 0
0 56
57 0
0 58
59 0
0 60
61 0
0 62
63 0
0 64
65 0
0 66
67 0
0 68
69 0
0 70
71 0
0 72
73 0
0 74
75 0
0 76
77 0
0 78
79 0
0 80
81 0
0 82
83 0
0 84
85 0
0 86
87 0
0 88
89 0
0 90
91 0
0 92
93 0
0 94
95 0
0 96
97 0
0 98
99 0
0 100
101 0
0 102
103 0
0 104
105 0
0 106
107 0
0 108
109 0
0 110
111 0
0 112
113 0
0 114
115 0
0 116
117 0
0 118
119 0
0 120
121 0
0 122
123 0
0 124
125 0
0 126
127 0
0 128
129 0
0 130
131 0
0 132
133 0
0 134
135 0
0 136
137 0
0 138
139 0
0 140
141 0
0 142
143 0
0 144
145 0
0 146
147 0
0 148
149 0
0 150
151 0
0 152
153 0
0 154
155 0
0 156
157 0
0 158
159 0
0 160
161 0
0 162
163 0
0 164
165 0
0 166
167 0
0 168
169 0
0 170
171 0
0 172
173 0
0 174
175 0
0 176
177 0
0 178
179 0
0 180
181 0
0 182
183 0
0 184
185 0
0 186
187 0
0 188
189 0
0 190
191 0
0 192
193 0
0 194
195 0
0 196
197 0
0 198
199 0
0 200
201 0
0 202
203 0
0 204
205 0
0 206
207 0
0 208
209 0
0 210
211 0
0 212
213 0
0 214
215 0
0 216
217 0
0 218
219 0
0 220
221 0
0 222
223 0
0 224
225 0
0 226
227 0
0 228
229 0
0 230
231 0
0 232
233 0
0 234
235 0
0 236
237 0
0 238
239 0
0 240
241 0
0 242
243 0
0 244
245 0
0 246
247 0
0 248
249 0
0 250
251 0
0 252
253 0
0 254
255 0
0 256
257 0
0 258
259 0
0 260
261 0
0 262
263 0
0 264
265 0
0 266
267 0
0 268
269 0
0 270
271 0
0 272
273 0
0 274
275 0
0 276
277 0
0 278
279 0
0 280
281 0
0 282
283 0
0 284
285 0
0 286
287 0
0 288
289 0
0 290
291 0
0 292
293 0
0 294
295 0
0 296
297 0
0 298
299 0
0 300
301 0
0 302
303 0
0 304
305 0
0 306
307 0
0 308
309 0
0 310
311 0
0 312
313 0
0 314
315 0
0 316
317 0
0 318
319 0
0 320
321 0
0 322
323 0
0 324
325 0
0 326
327 0
0 328
329 0
0 330
331 0
0 332
333 0
0 334
335 0
0 336
337 0
0 338
339 0
0 340
341 0
0 342
343 0
0 344
345 0
0 346
347 0
0 348
349 0
0 350
351 0
0 352
353 0
0 354
355 0
0 356
357 0
0 358
359 0
0 360
361 0
0 362
363 0
0 364
365 0
0 366
367 0
0 368
369 0
0 370
371 0
0 372
373 0
0 374
375 0
0 376
377 0
0 378
379 0
0 380
381 0
0 382
383 0
0 384
385 0
0 386
387 0
0 388
389 0
0 390
391 0
0 392
393 0
0 394
395 0
0 396
397 0
0 398
399 0
0 400
401 0
0 402
403 0
0 404
405 0
0 406
407 0
0 408
409 0
0 410
411 0
0 412
413 0
0 414
415 0
0 416
417 0
0 418
419 0
0 420
421 0
0 422
423 0
0 424
425 0
0 426
427 0
0 428
429 0
0 430
431 0
0 432
433 0
0 434
435 0
0 436
437 0
0 438
439 0
0 440
441 0
0 442
443 0
0 444
445 0
0 446
447 0
0 448
449 0
0 450
451 0
0 452
453 0
0 454
455 0
0 456
457 0
0 458
459 0
0 460
461 0
0 462
463 0
0 464
465 0
0 466
467 0
0 468
469 0
0 470
471 0
0 472
473 0
0 474
475 0
0 476
477 0
0 478
479 0
0 480
481 0
0 482
483 0
0 484
485 0
0 486
487 0
0 488
489 0
0 490
491 0
0 492
493 0
0 494
495 0
0 496
497 0
0 498
499 0
0 500
501 0
0 502
503 0
0 504
505 0
0 506
507 0
0 508
509 0
0 510
511 0
0 512
513 0
0 514
515 0
0 516
517 0
0 518
519 0
0 520
521 0
0 522
523 0
0 524
525 0
0 526
527 0
0 528
529 0
0 530
531 0
0 532
533 0
0 534
535 0
0 536
537 0
0 538
539 0
0 540
541 0
0 542
543 0
0 544
545 0
0 546
547 0
0 548
549 0
0 550
551 0
0 552
553 0
0 554
555 0
0 556
557 0
0 558
559 0
0 560
561 0
0 562
563 0
0 564
565 0
0 566
567 0
0 568
569 0
0 570
571 0
0 572
573 0
0 574
575 0
0 576
577 0
0 578
579 0
0 580
581 0
0 582
583 0
0 584
585 0
0 586
587 0
0 588
589 0
0 590
591 0
0 592
593 0
0 594
595 0
0 596
597 0
0 598
599 0
0 600
601 0
0 602
603 0
0 604
605 0
0 606
607 0
0 608
609 0
0 610
611 0
0 612
613 0
0 614
615 0
0 616
617 0
0 618
619 0
0 620
621 0
0 622
623 0
0 624
625 0
0 626
627 0
0 628
629 0
0 630
631 0
0 632
633 0
0 634
635 0
0 636
637 0
0 638
639 0
0 640
641 0
0 642
643 0
0 644
645 0
0 646
647 0
0 648
649 0
0 650
651 0
0 652
653 0
0 654
655 0
0 656
657 0
0 658
659 0
0 660
661 0
0 662
663 0
0 664
665 0
0 666
667 0
0 668
669 0
0 670
671 0
0 672
673 0
0 674
675 0
0 676
677 0
0 678
679 0
0 680
681 0
0 682
683 0
0 684
685 0
0 686
687 0
0 688
689 0
0 690
691 0
0 692
693 0
0 694
695 0
0 696
697 0
0 698
699 0
0 700
701 0
0 702
703 0
0 704
705 0
0 706
707 0
0 708
709 0
0 710
711 0
0 712
713 0
0 714
715 0
0 716
717 0
0 718
719 0
0 720
721 0
0 722
723 0
0 724
725 0
0 726
727 0
0 728
729 0
0 730
731 0
0 732
733 0
0 734
735 0
0 736
737 0
0 738
739 0
0 740
741 0
0 742
743 0
0 744
745 0
0 746
747 0
0 748
749 0
0 750
751 0
0 752
753 0
0 754
755 0
0 756
757 0
0 758
759 0
0 760
761 0
0 762
763 0
0 764
765 0
0 766
767 0
0 768
769 0
0 770
771 0
0 772
773 0
0 774
775 0
0 776
777 0
0 778
779 0
0 780
781 0
0 782
783 0
0 784
785 0
0 786
787 0
0 788
789 0
0 790
791 0
0 792
793 0
0 794
795 0
0 796
797 0
0 798
799 0
0 800
801 0
0 802
803 0
0 804
805 0
0 806
807 0
0 808
809 0
0 810
811 0
0 812
813 0
0 814
815 0
0 816
817 0
0 818
819 0
0 820
821 0
0 822
823 0
0 824
825 0
0 826
827 0
0 828
829 0
0 830
831 0
0 832
833 0
0 834
835 0
0 836
837 0
0 838
839 0
0 840
841 0
0 842
843 0
0 844
845 0
0 846
847 0
0 848
849 0
0 850
851 0
0 852
853 0
0 854
855 0
0 856
857 0
0 858
859 0
0 860
861 0
0 862
863 0
0 864
865 0
0 866
867 0
0 868
869 0
0 870
871 0
0 872
873 0
0 874
875 0
0 876
877 0
0 878
879 0
0 880
881 0
0 882
883 0
0 884
885 0
0 886
887 0
0 888
889 0
0 890
891 0
0 892
893 0
0 894
895 0
0 896
897 0
0 898
899 0
0 900
901 0
0 902
903 0
0 904
905 0
0 906
907 0
0 908
909 0
0 910
911 0
0 912
913 0
0 914
915 0
0 916
917 0
0 918
919 0
0 920
921 0
0 922
923 0
0 924
925 0
0 926
927 0
0 928
929 0
0 930
931 0
0 932
933 0
0 934
935 0
0 936
937 0
0 938
939 0
0 940
941 0
0 942
943 0
0 944
945 0
0 946
947 0
0 948
949 0
0 950
951 0
0 952
953 0
0 954
955 0
0 956
957 0
0 958
959 0
0 960
961 0
0 962
963 0
0 964
965 0
0 966
967 0
0 968
969 0
0 970
971 0
0 972
973 0
0 974
975 0
0 976
977 0
0 978
979 0
0 980
981 0
0 982
983 0
0 984
985 0
0 986
987 0
0 988
989 0
0 990
991 0
0 992
993 0
0 994
995 0
0 996
997 0
0 998
999 0
0 1000
1001 0
0 1002
1003 0
0 1004
1005 0
0 1006
1007 0
0 1008
1009 0
0 1010
1011 0
0 1012
1013 0
0 1014
1015 0
0 1016
1017 0
0 1018
1019 0
0 1020
1021 0
0 1022
1023 0
0 1024
1025 0
0 1026
1027 0
0 1028
1029 0
0 1030
1031 0
0 1032
1033 0
0 1034
1035 0
0 1036
1037 0
0 1038
1039 0
0 1040
1041 0
0 1042
1043 0
0 1044
1045 0
0 1046
1047 0
0 1048
1049 0
0 1050
1051 0
0 1052
1053 0
0 1054
1055 0
0 1056
1057 0
0 1058
1059 0
0 1060
1061 0
0 1062
1063 0
0 1064
1065 0
0 1066
1067 0
0 1068
1069 0
0 1070
1071 0
0 1072
1073 0
0 1074
1075 0
0 1076
1077 0
0 1078
1079 0
0 1080
1081 0
0 1082
1083 0
0 1084
1085 0
0 1086
1087 0
0 1088
1089 0
0 1090
1091 0
0 1092
1093 0
0 1094
1095 0
0 1096
1097 0
0 1098
1099 0
0 1100
1101 0
0 1102
1103 0
0 1104
1105 0
0 1106
1107 0
0 1108
1109 0
0 1110
1111 0
0 1112
1113 0
0 1114
1115 0
0 1116
1117 0
0 1118
1119 0
0 1120
1121 0
0 1122
1123 0
0 1124
1125 0
0 1126
1127 0
0 1128
1129 0
0 1130
1131 0
0 1132
1133 0
0 1134
1135 0
0 1136
1137 0
0 1138
1139 0
0 1140
1141 0
0 1142
1143 0
0 1144
1145 0
0 1146
1147 0
0 1148
1149 0
0 1150
1151 0
0 1152
1153 0
0 1154
1155 0
0 1156
1157 0
0 1158
1159 0
0 1160
1161 0
0 1162
1163 0
0 1164
1165 0
0 1166
1167 0
0 1168
1169 0
0 1170
1171 0
0 1172
1173 0
0 1174
1175 0
0 1176
1177 0
0 1178
1179 0
0 1180
1181 0
0 1182
1183 0
0 1184
1185 0
0 1186
1187 0
0 1188
1189 0
0 1190
1191 0
0 1192
1193 0
0 1194
1195 0
0 1196
1197 0
0 1198
1199 0
0 1200
1201 0
0 1202
1203 0
0 1204
1205 0
0 1206
1207 0
0 1208
1209 0
0 1210
1211 0
0 1212
1213 0
0 1214
1215 0
0 1216
1217 0
0 1218
1219 0
0 1220
1221 0
0 1222
1223 0
0 1224
1225 0
0 1226
1227 0
0 1228
1229 0
0 1230
1231 0
0 1232
1233 0
0 1234
1235 0
0 1236
1237 0
0 1238
1239 0
0 1240
1241 0
0 1242
1243 0
0 1244
1245 0
0 1246
1247 0
0 1248
1249 0
0 1250
1251 0
0 1252
1253 0
0 1254
1255 0
0 1256
1257 0
0 1258
1259 0
0 1260
1261 0
0 1262
1263 0
0 1264
1265 0
0 1266
1267 0
0 1268
1269 0
0 1270
1271 0
0 1272
1273 0
0 1274
1275 0
0 1276
1277 0
0 1278
1279 0
0 1280
1281 0
0 1282
1283 0
0 1284
1285 0
0 1286
1287 0
0 1288
1289 0
0 1290
1291 0
0 1292
1293 0
0 1294
1295 0
0 1296
1297 0
0 1298
1299 0
0 1300
1301 0
0 1302
1303 0
0 1304
1305 0
0 1306
1307 0
0 1308
1309 0
0 1310
1311 0
0 1312
1313 0
0 1314
1315 0
0 1316
1317 0
0 1318
1319 0
0 1320
1321 0
0 1322
1323 0
0 1324
1325 0
0 1326
1327 0
0 1328
1329 0
0 1330
1331 0
0 1332
1333 0
0 1334
1335 0
0 1336
1337 0
0 1338
1339 0
0 1340
1341 0
0 1342
1343 0
0 1344
1345 0
0 1346
1347 0
0 1348
1349 0
0 1350
1351 0
0 1352
1353 0
0 1354
1355 0
0 1356
1357 0
0 1358
1359 0
0 1360
1361 0
0 1362
1363 0
0 1364
1365 0
0 1366
1367 0
0 1368
1369 0
0 1370
1371 0
0 1372
1373 0
0 1374
1375 0
0 1376
1377 0
0 1378
1379 0
0 1380
1381 0
0 1382
1383 0
0 1384
1385 0
0 1386
1387 0
0 1388
1389 0
0 1390
1391 0
0 1392
1393 0
0 1394
1395 0
0 1396
1397 0
0 1398
1399 0
0 1400
1401 0
0 1402
1403 0
0 1404
1405 0
0 1406
1407 0
0 1408
1409 0
0 1410
1411 0
0 1412
1413 0
0 1414
1415 0
0 1416
1417 0
0 1418
1419 0
0 1420
1421 0
0 1422
1423 0
0 1424
1425 0
0 1426
1427 0
0 1428
1429 0
0 1430
1431 0
0 1432
1433 0
0 1434
1435 0
0 1436
1437 0
0 1438
1439 0
0 1440
1441 0
0 1442
1443 0
0 1444
1445 0
0 1446
1447 0
0 1448
1449 0
0 1450
1451 0
0 1452
1453 0
0 1454
1455 0
0 1456
1457 0
0 1458
1459 0
0 1460
1461 0
0 1462
1463 0
0 1464
1465 0
0 1466
1467 0
0 1468
1469 0
0 1470
1471 0
0 1472
1473 0
0 1474
1475 0
0 1476
1477 0
0 1478
1479 0
0 1480
1481 0
0 1482
1483 0
0 1484
1485 0
0 1486
1487 0
0 1488
1489 0
0 1490
1491 0
0 1492
1493 0
0 1494
1495 0
0 1496
1497 0
0 1498
1499 0
0 1500
1501 0
0 1502
1503 0
0 1504
1505 0
0 1506
1507 0
0 1508
1509 0
0 1510
1511 0
0 1512
1513 0
0 1514
1515 0
0 1516
1517 0
0 1518
1519 0
0 1520
1521 0
0 1522
1523 0
0 1524
1525 0
0 1526
1527 0
0 1528
1529 0
0 1530
1531 0
0 1532
1533 0
0 1534
1535 0
0 1536
1537 0
0 1538
1539 0
0 1540
1541 0
0 1542
1543 0
0 1544
1545 0
0 1546
1547 0
0 1548
1549 0
0 1550
1551 0
0 1552
1553 0
0 1554
1555 0
0 1556
1557 0
0 1558
1559 0
0 1560
1561 0
0 1562
1563 0
0 1564
1565 0
0 1566
1567 0
0 1568
1569 0
0 1570
1571 0
0 1572
1573 0
0 1574
1575 0
0 1576
1577 0
0 1578
1579 0
0 1580
1581 0
0 1582
1583 0
0 1584
1585 0
0 1586
1587 0
0 1588
1589 0
0 1590
1591 0
0 1592
1593 0
0 1594
1595 0
0 1596
1597 0
0 1598
1599 0
0 1600
1601 0
0 1602
1603 0
0 1604
1605 0
0 1606
1607 0
0 1608
1609 0
0 1610
1611 0
0 1612
1613 0
0 1614
1615 0
0 1616
1617 0
0 1618
1619 0
0 1620
1621 0
0 1622
1623 0
0 1624
1625 0
0 1626
1627 0
0 1628
1629 0
0 1630
1631 0
0 1632
1633 0
0 1634
1635 0
0 1636
1637 0
0 1638
1639 0
0 1640
1641 0
0 1642
1643 0
0 1644
1645 0
0 1646
1647 0
0 1648
1649 0
0 1650
1651 0
0 1652
1653 0
0 1654
1655 0
0 1656
1657 0
0 1658
1659 0
0 1660
1661 0
0 1662
1663 0
0 1664
1665 0
0 1666
1667 0
0 1668
1669 0
0 1670
1671 0
0 1672
1673 0
0 1674
1675 0
0 1676
1677 0
0 1678
1679 0
0 1680
1681 0
0 1682
1683 0
0 1684
1685 0
0 1686
1687 0
0 1688
1689 0
0 1690
1691 0
0 1692
1693 0
0 1694
1695 0
0 1696
1697 0
0 1698
1699 0
0 1700
1701 0
0 1702
1703 0
0 1704
1705 0
0 1706
1707 0
0 1708
1709 0
0 1710
1711 0
0 1712
1713 0
0 1714
1715 0
0 1716
1717 0
0 1718
1719 0
0 1720
1721 0
0 1722
1723 0
0 1724
1725 0
0 1726
1727 0
0 1728
1729 0
0 1730
1731 0
0 1732
1733 0
0 1734
1735 0
0 1736
1737 0
0 1738
1739 0
0 1740
1741 0
0 1742
1743 0
0 1744
1745 0
0 1746
1747 0
0 1748
1749 0
0 1750
1751 0
0 1752
1753 0
0 1754
1755 0
0 1756
1757 0
0 1758
1759 0
0 1760
1761 0
0 1762
1763 0
0 1764
1765 0
0 1766
1767 0
0 1768
1769 0
0 1770
1771 0
0 1772
1773 0
0 1774
1775 0
0 1776
1777 0
0 1778
1779 0
0 1780
1781 0
0 1782
1783 0
0 1784
1785 0
0 1786
1787 0
0 1788
1789 0
0 1790
1791 0
0 1792
1793 0
0 1794
1795 0
0 1796
1797 0
0 1798
1799 0
0 1800
1801 0
0 1802
1803 0
0 1804
1805 0
0 1806
1807 0
0 1808
1809 0
0 1810
1811 0
0 1812
1813 0
0 1814
1815 0
0 1816
1817 0
0 1818
1819 0
0 1820
1821 0
0 1822
1823 0
0 1824
1825 0
0 1826
1827 0
0 1828
1829 0
0 1830
1831 0
0 1832
1833 0
0 1834
1835 0
0 1836
1837 0
0 1838
1839 0
0 1840
1841 0
0 1842
1843 0
0 1844
1845 0
0 1846
1847 0
0 1848
1849 0
0 1850
1851 0
0 1852
1853 0
0 1854
1855 0
0 1856
1857 0
0 1858
1859 0
0 1860
1861 0
0 1862
1863 0
0 1864
1865 0
0 1866
1867 0
0 1868
1869 0
0 1870
1871 0
0 1872
1873 0
0 1874
1875 0
0 1876
1877 0
0 1878
1879 0
0 1880
1881 0
0 1882
1883 0
0 1884
1885 0
0 1886
1887 0
0 1888
1889 0
0 1890
1891 0
0 1892
1893 0
0 1894
1895 0
0 1896
1897 0
0 1898
1899 0
0 1900
1901 0
0 1902
1903 0
0 1904
1905 0
0 1906
1907 0
0 1908
1909 0
0 1910
1911 0
0 1912
1913 0
0 1914
1915 0
0 1916
1917 0
0 1918
1919 0
0 1920
1921 0
0 1922
1923 0
0 1924
1925 0
0 1926
1927 0
0 1928
1929 0
0 1930
1931 0
0 1932
1933 0
0 1934
1935 0
0 1936
1937 0
0 1938
1939 0
0 1940
1941 0
0 1942
1943 0
0 1944
1945 0
0 1946
1947 0
0 1948
1949 0
0 1950
1951 0
0 1952
1953 0
0 1954
1955 0
0 1956
1957 0
0 1958
1959 0
0 1960
1961 0
0 1962
1963 0
0 1964
1965 0
0 1966
1967 0
0 1968
1969 0
0 1970
1971 0
0 1972
1973 0
0 1974
1975 0
0 1976
1977 0
0 1978
1979 0
0 1980
1981 0
0 1982
1983 0
0 1984
1985 0
0 1986
1987 0
0 1988
1989 0
0 1990
1991 0
0 1992
1993 0
0 1994
1995 0
0 1996
1997 0
0 1998
1999 0
0 2000
1 0
0 2
3 0
0 4
5 0
0 6
7 0
0 8
9 0
0 10
11 0
0 12
13 0
0 14
15 0
0 16
17 0
0 18
19 0
0 20
21 0
0 22
23 0
0 24
25 0
0 26
27 0
0 28
29 0
0 30
31 0
0 32
33 0
0 34
35 0
0 36
37 0
0 38
39 0
0 40
41 0
0 42
43 0
0 44
45 0
0 46
47 0
0 48
49 0
0 50
51 0
0 52
53 0
0 54
55 0
0 56
57 0
0 58
59 0
0 60
61 0
0 62
63 0
0 64
65 0
0 66
67 0
0 68
69 0
0 70
71 0
0 72
73 0
0 74
75 0
0 76
77 0
0 78
79 0
0 80
81 0
0 82
83 0
0 84
85 0
0 86
87 0
0 88
89 0
0 90
91 0
0 92
93 0
0 94
95 0
0 96
97 0
0 98
99 0
0 100
101 0
0 102
103 0
0 104
105 0
0 106
107 0
0 108
109 0
0 110
111 0
0 112
113 0
0 114
115 0
0 116
117 0
0 118
119 0
0 120
121 0
0 122
123 0
0 124
125 0
0 126
127 0
0 128
129 0
0 130
131 0
0 132
133 0
0 134
135 0
0 136
137 0
0 138
139 0
0 140
141 0
0 142
143 0
0 144
145 0
0 146
147 0
0 148
149 0
0 150
151 0
0 152
153 0
0 154
155 0
0 156
157 0
0 158
159 0
0 160
161 0
0 162
163 0
0 164
165 0
0 166
167 0
0 168
169 0
0 170
171 0
0 172
173 0
0 174
175 0
0 176
177 0
0 178
179 0
0 180
181 0
0 182
183 0
0 184
185 0
0 186
187 0
0 188
189 0
0 190
191 0
0 192
193 0
0 194
195 0
0 196
197 0
0 198
199 0
0 200
201 0
0 202
203 0
0 204
205 0
0 206
207 0
0 208
209 0
0 210
211 0
0 212
213 0
0 214
215 0
0 216
217 0
0 218
219 0
0 220
221 0
0 222
223 0
0 224
225 0
0 226
227 0
0 228
229 0
0 230
231 0
0 232
233 0
0 234
235 0
0 236
237 0
0 238
239 0
0 240
241 0
0 242
243 0
0 244
245 0
0 246
247 0
0 248
249 0
0 250
251 0
0 252
253 0
0 254
255 0
0 256
257 0
0 258
259 0
0 260
261 0
0 262
263 0
0 264
265 0
0 266
267 0
0 268
269 0
0 270
271 0
0 272
273 0
0 274
275 0
0 276
277 0
0 278
279 0
0 280
281 0
0 282
283 0
0 284
285 0
0 286
287 0
0 288
289 0
0 290
291 0
0 292
293 0
0 294
295 0
0 296
297 0
0 298
299 0
0 300
301 0
0 302
303 0
0 304
305 0
0 306
307 0
0 308
309 0
0 310
311 0
0 312
313 0
0 314
315 0
0 316
317 0
0 318
319 0
0 320
321 0
0 322
323 0
0 324
325 0
0 326
327 0
0 328
329 0
0 330
331 0
0 332
333 0
0 334
335 0
0 336
337 0
0 338
339 0
0 340
341 0
0 342
343 0
0 344
345 0
0 346
347 0
0 348
349 0
0 350
351 0
0 352
353 0
0 354
355 0
0 356
357 0
0 358
359 0
0 360
361 0
0 362
363 0
0 364
365 0
0 366
367 0
0 368
369 0
0 370
371 0
0 372
373 0
0 374
375 0
0 376
377 0
0 378
379 0
0 380
381 0
0 382
383 0
0 384
385 0
0 386
387 0
0 388
389 0
0 390
391 0
0 392
393 0
0 394
395 0
0 396
397 0
0 398
399 0
0 400
401 0
0 402
403 0
0 404
405 0
0 406
407 0
0 408
409 0
0 410
411 0
0 412
413 0
0 414
415 0
0 416
417 0
0 418
419 0
0 420
421 0
0 422
423 0
0 424
425 0
0 426
427 0
0 428
429 0
0 430
431 0
0 432
433 0
0 434
435 0
0 436
437 0
0 438
439 0
0 440
441 0
0 442
443 0
0 444
445 0
0 446
447 0
0 448
449 0
0 450
451 0
0 452
453 0
0 454
455 0
0 456
457 0
0 458
459 0
0 460
461 0
0 462
463 0
0 464
465 0
0 466
467 0
0 468
469 0
0 470
471 0
0 472
473 0
0 474
475 0
0 476
477 0
0 478
479 0
0 480
481 0
0 482
483 0
0 484
485 0
0 486
487 0
0 488
489 0
0 490
491 0
0 492
493 0
0 494
495 0
0 496
497 0
0 498
499 0
0 500
501 0
0 502
503 0
0 504
505 0
0 506
507 0
0 508
509 0
0 510
511 0
0 512
513 0
0 514
515 0
0 516
517 0
0 518
519 0
0 520
521 0
0 522
523 0
0 524
525 0
0 526
527 0
0 528
529 0
0 530
531 0
0 532
533 0
0 534
535 0
0 536
537 0
0 538
539 0
0 540
541 0
0 542
543 0
0 544
545 0
0 546
547 0
0 548
549 0
0 550
551 0
0 552
553 0
0 554
555 0
0 556
557 0
0 558
559 0
0 560
561 0
0 562
563 0
0 564
565 0
0 566
567 0
0 568
569 0
0 570
571 0
0 572
573 0
0 574
575 0
0 576
577 0
0 578
579 0
0 580
581 0
0 582
583 0
0 584
585 0
0 586
587 0
0 588
589 0
0 590
591 0
0 592
593 0
0 594
595 0
0 596
597 0
0 598
599 0
0 600
601 0
0 602
603 0
0 604
605 0
0 606
607 0
0 608
609 0
0 610
611 0
0 612
613 0
0 614
615 0
0 616
617 0
0 618
619 0
0 620
621 0
0 622
623 0
0 624
625 0
0 626
627 0
0 628
629 0
0 630
631 0
0 632
633 0
0 634
635 0
0 636
637 0
0 638
639 0
0 640
641 0
0 642
643 0
0 644
645 0
0 646
647 0
0 648
649 0
0 650
651 0
0 652
653 0
0 654
655 0
0 656
657 0
0 658
659 0
0 660
661 0
0 662
663 0
0 664
665 0
0 666
667 0
0 668
669 0
0 670
671 0
0 672
673 0
0 674
675 0
0 676
677 0
0 678
679 0
0 680
681 0
0 682
683 0
0 684
685 0
0 686
687 0
0 688
689 0
0 690
691 0
0 692
693 0
0 694
695 0
0 696
697 0
0 698
699 0
0 700
701 0
0 702
703 0
0 704
705 0
0 706
707 0
0 708
709 0
0 710
711 0
0 712
713 0
0 714
715 0
0 716
717 0
0 718
719 0
0 720
721 0
0 722
723 0
0 724
725 0
0 726
727 0
0 728
729 0
0 730
731 0
0 732
733 0
0 734
735 0
0 736
737 0
0 738
739 0
0 740
741 0
0 742
743 0
0 744
745 0
0 746
747 0
0 748
749 0
0 750
751 0
0 752
753 0
0 754
755 0
0 756
757 0
0 758
759 0
0 760
761 0
0 762
763 0
0 764
765 0
0 766
767 0
0 768
769 0
0 770
771 0
0 772
773 0
0 774
775 0
0 776
777 0
0 778
779 0
0 780
781 0
0 782
783 0
0 784
785 0
0 786
787 0
0 788
789 0
0 790
791 0
0 792
793 0
0 794
795 0
0 796
797 0
0 798
799 0
0 800
801 0
0 802
803 0
0 804
805 0
0 806
807 0
0 808
809 0
0 810
811 0
0 812
813 0
0 814
815 0
0 816
817 0
0 818
819 0
0 820
821 0
0 822
823 0
0 824
825 0
0 826
827 0
0 828
829 0
0 830
831 0
0 832
833 0
0 834
835 0
0 836
837 0
0 838
839 0
0 840
841 0
0 842
843 0
0 844
845 0
0 846
847 0
0 848
849 0
0 850
851 0
0 852
853 0
0 854
855 0
0 856
857 0
0 858
859 0
0 860
861 0
0 862
863 0
0 864
865 0
0 866
867 0
0 868
869 0
0 870
871 0
0 872
873 0
0 874
875 0
0 876
877 0
0 878
879 0
0 880
881 0
0 882
883 0
0 884
885 0
0 886
887 0
0 888
889 0
0 890
891 0
0 892
893 0
0 894
895 0
0 896
897 0
0 898
899 0
0 900
901 0
0 902
903 0
0 904
905 0
0 906
907 0
0 908
909 0
0 910
911 0
0 912
913 0
0 914
915 0
0 916
917 0
0 918
919 0
0 920
921 0
0 922
923 0
0 924
925 0
0 926
927 0
0 928
929 0
0 930
931 0
0 932
933 0
0 934
935 0
0 936
937 0
0 938
939 0
0 940
941 0
0 942
943 0
0 944
945 0
0 946
947 0
0 948
949 0
0 950
951 0
0 952
953 0
0 954
955 0
0 956
957 0
0 958
959 0
0 960
961 0
0 962
963 0
0 964
965 0
0 966
967 0
0 968
969 0
0 970
971 0
0 972
973 0
0 974
975 0
0 976
977 0
0 978
979 0
0 980
981 0
0 982
983 0
0 984
985 0
0 986
987 0
0 988
989 0
0 990
991 0
0 992
993 0
0 994
995 0
0 996
997 0
0 998
999 0
0 1000
1001 0
0 1002
1003 0
0 1004
1005 0
0 1006
1007 0
0 1008
1009 0
0 1010
1011 0
0 1012
1013 0
0 1014
1015 0
0 1016
1017 0
0 1018
1019 0
0 1020
1021 0
0 1022
1023 0
0 1024
1025 0
0 1026
1027 0
0 1028
1029 0
0 1030
1031 0
0 1032
1033 0
0 1034
1035 0
0 1036
1037 0
0 1038
1039 0
0 1040
1041 0
0 1042
1043 0
0 1044
1045 0
0 1046
1047 0
0 1048
1049 0
0 1050
1051 0
0 1052
1053 0
0 1054
1055 0
0 1056
1057 0
0 1058
1059 0
0 1060
1061 0
0 1062
1063 0
0 1064
1065 0
0 1066
1067 0
0 1068
1069 0
0 1070
1071 0
0 1072
1073 0
0 1074
1075 0
0 1076
1077 0
0 1078
1079 0
0 1080
1081 0
0 1082
1083 0
0 1084
1085 0
0 1086
1087 0
0 1088
1089 0
0 1090
1091 0
0 1092
1093 0
0 1094
1095 0
0 1096
1097 0
0 1098
1099 0
0 1100
1101 0
0 1102
1103 0
0 1104
1105 0
0 1106
1107 0
0 1108
1109 0
0 1110
1111 0
0 1112
1113 0
0 1114
1115 0
0 1116
1117 0
0 1118
1119 0
0 1120
1121 0
0 1122
1123 0
0 1124
1125 0
0 1126
1127 0
0 1128
1129 0
0 1130
1131 0
0 1132
1133 0
0 1134
1135 0
0 1136
1137 0
0 1138
1139 0
0 1140
1141 0
0 1142
1143 0
0 1144
1145 0
0 1146
1147 0
0 1148
1149 0
0 1150
1151 0
0 1152
1153 0
0 1154
1155 0
0 1156
1157 0
0 1158
1159 0
0 1160
1161 0
0 1162
1163 0
0 1164
1165 0
0 1166
1167 0
0 1168
1169 0
0 1170
1171 0
0 1172
1173 0
0 1174
1175 0
0 1176
1177 0
0 1178
1179 0
0 1180
1181 0
0 1182
1183 0
0 1184
1185 0
0 1186
1187 0
0 1188
1189 0
0 1190
1191 0
0 1192
1193 0
0 1194
1195 0
0 1196
1197 0
0 1198
1199 0
0 1200
1201 0
0 1202
1203 0
0 1204
1205 0
0 1206
1207 0
0 1208
1209 0
0 1210
1211 0
0 1212
1213 0
0 1214
1215 0
0 1216
1217 0
0 1218
1219 0
0 1220
1221 0
0 1222
1223 0
0 1224
1225 0
0 1226
1227 0
0 1228
1229 0
0 1230
1231 0
0 1232
1233 0
0 1234
1235 0
0 1236
1237 0
0 1238
1239 0
0 1240
1241 0
0 1242
1243 0
0 1244
1245 0
0 1246
1247 0
0 1248
1249 0
0 1250
1251 0
0 1252
1253 0
0 1254
1255 0
0 1256
1257 0
0 1258
1259 0
0 1260
1261 0
0 1262
1263 0
0 1264
1265 0
0 1266
1267 0
0 1268
1269 0
0 1270
1271 0
0 1272
1273 0
0 1274
1275 0
0 1276
1277 0
0 1278
1279 0
0 1280
1281 0
0 1282
1283 0
0 1284
1285 0
0 1286
1287 0
0 1288
1289 0
0 1290
1291 0
0 1292
1293 0
0 1294
1295 0
0 1296
1297 0
0 1298
1299 0
0 1300
1301 0
0 1302
1303 0
0 1304
1305 0
0 1306
1307 0
0 1308
1309 0
0 1310
1311 0
0 1312
1313 0
0 1314
1315 0
0 1316
1317 0
0 1318
1319 0
0 1320
1321 0
0 1322
1323 0
0 1324
1325 0
0 1326
1327 0
0 1328
1329 0
0 1330
1331 0
0 1332
1333 0
0 1334
1335 0
0 1336
1337 0
0 1338
1339 0
0 1340
1341 0
0 1342
1343 0
0 1344
1345 0
0 1346
1347 0
0 1348
1349 0
0 1350
1351 0
0 1352
1353 0
0 1354
1355 0
0 1356
1357 0
0 1358
1359 0
0 1360
1361 0
0 1362
1363 0
0 1364
1365 0
0 1366
1367 0
0 1368
1369 0
0 1370
1371 0
0 1372
1373 0
0 1374
1375 0
0 1376
1377 0
0 1378
1379 0
0 1380
1381 0
0 1382
1383 0
0 1384
1385 0
0 1386
1387 0
0 1388
1389 0
0 1390
1391 0
0 1392
1393 0
0 1394
1395 0
0 1396
1397 0
0 1398
1399 0
0 1400
1401 0
0 1402
1403 0
0 1404
1405 0
0 1406
1407 0
0 1408
1409 0
0 1410
1411 0
0 1412
1413 0
0 1414
1415 0
0 1416
1417 0
0 1418
1419 0
0 1420
1421 0
0 1422
1423 0
0 1424
1425 0
0 1426
1427 0
0 1428
1429 0
0 1430
1431 0
0 1432
1433 0
0 1434
1435 0
0 1436
1437 0
0 1438
1439 0
0 1440
1441 0
0 1442
1443 0
0 1444
1445 0
0 1446
1447 0
0 1448
1449 0
0 1450
1451 0
0 1452
1453 0
0 1454
1455 0
0 1456
1457 0
0 1458
1459 0
0 1460
1461 0
0 1462
1463 0
0 1464
1465 0
0 1466
1467 0
0 1468
1469 0
0 1470
1471 0
0 1472
1473 0
0 1474
1475 0
0 1476
1477 0
0 1478
1479 0
0 1480
1481 0
0 1482
1483 0
0 1484
1485 0
0 1486
1487 0
0 1488
1489 0
0 1490
1491 0
0 1492
1493 0
0 1494
1495 0
0 1496
1497 0
0 1498
1499 0
0 1500
1501 0
0 1502
1503 0
0 1504
1505 0
0 1506
1507 0
0 1508
1509 0
0 1510
1511 0
0 1512
1513 0
0 1514
1515 0
0 1516
1517 0
0 1518
1519 0
0 1520
1521 0
0 1522
1523 0
0 1524
1525 0
0 1526
1527 0
0 1528
1529 0
0 1530
1531 0
0 1532
1533 0
0 1534
1535 0
0 1536
1537 0
0 1538
1539 0
0 1540
1541 0
0 1542
1543 0
0 1544
1545 0
0 1546
1547 0
0 1548
1549 0
0 1550
1551 0
0 1552
1553 0
0 1554
1555 0
0 1556
1557 0
0 1558
1559 0
0 1560
1561 0
0 1562
1563 0
0 1564
1565 0
0 1566
1567 0
0 1568
1569 0
0 1570
1571 0
0 1572
1573 0
0 1574
1575 0
0 1576
1577 0
0 1578
1579 0
0 1580
1581 0
0 1582
1583 0
0 1584
1585 0
0 1586
1587 0
0 1588
1589 0
0 1590
1591 0
0 1592
1593 0
0 1594
1595 0
0 1596
1597 0
0 1598
1599 0
0 1600
1601 0
0 1602
1603 0
0 1604
1605 0
0 1606
1607 0
0 1608
1609 0
0 1610
1611 0
0 1612
1613 0
0 1614
1615 0
0 1616
1617 0
0 1618
1619 0
0 1620
1621 0
0 1622
1623 0
0 1624
1625 0
0 1626
1627 0
0 1628
1629 0
0 1630
1631 0
0 1632
1633 0
0 1634
1635 0
0 1636
1637 0
0 1638
1639 0
0 1640
1641 0
0 1642
1643 0
0 1644
1645 0
0 1646
1647 0
0 1648
1649 0
0 1650
1651 0
0 1652
1653 0
0 1654
1655 0
0 1656
1657 0
0 1658
1659 0
0 1660
1661 0
0 1662
1663 0
0 1664
1665 0
0 1666
1667 0
0 1668
1669 0
0 1670
1671 0
0 1672
1673 0
0 1674
1675 0
0 1676
1677 0
0 1678
1679 0
0 1680
1681 0
0 1682
1683 0
0 1684
1685 0
0 1686
1687 0
0 1688
1689 0
0 1690
1691 0
0 1692
1693 0
0 1694
1695 0
0 1696
1697 0
0 1698
1699 0
0 1700
1701 0
0 1702
1703 0
0 1704
1705 0
0 1706
1707 0
0 1708
1709 0
0 1710
1711 0
0 1712
1713 0
0 1714
1715 0
0 1716
1717 0
0 1718
1719 0
0 1720
1721 0
0 1722
1723 0
0 1724
1725 0
0 1726
1727 0
0 1728
1729 0
0 1730
1731 0
0 1732
1733 0
0 1734
1735 0
0 1736
1737 0
0 1738
1739 0
0 1740
1741 0
0 1742
1743 0
0 1744
1745 0
0 1746
1747 0
0 1748
1749 0
0 1750
1751 0
0 1752
1753 0
0 1754
1755 0
0 1756
1757 0
0 1758
1759 0
0 1760
1761 0
0 1762
1763 0
0 1764
1765 0
0 1766
1767 0
0 1768
1769 0
0 1770
1771 0
0 1772
1773 0
0 1774
1775 0
0 1776
1777 0
0 1778
1779 0
0 1780
1781 0
0 1782
1783 0
0 1784
1785 0
0 1786
1787 0
0 1788
1789 0
0 1790
1791 0
0 1792
1793 0
0 1794
1795 0
0 1796
1797 0
0 1798
1799 0
0 1800
1801 0
0 1802
1803 0
0 1804
1805 0
0 1806
1807 0
0 1808
1809 0
0 1810
1811 0
0 1812
1813 0
0 1814
1815 0
0 1816
1817 0
0 1818
1819 0
0 1820
1821 0
0 1822
1823 0
0 1824
1825 0
0 1826
1827 0
0 1828
1829 0
0 1830
1831 0
0 1832
1833 0
0 1834
1835 0
0 1836
1837 0
0 1838
1839 0
0 1840
1841 0
0 1842
1843 0
0 1844
1845 0
0 1846
1847 0
0 1848
1849 0
0 1850
1851 0
0 1852
1853 0
0 1854
1855 0
0 1856
1857 0
0 1858
1859 0
0 1860
1861 0
0 1862
1863 0
0 1864
1865 0
0 1866
1867 0
0 1868
1869 0
0 1870
1871 0
0 1872
1873 0
0 1874
1875 0
0 1876
1877 0
0 1878
1879 0
0 1880
1881 0
0 1882
1883 0
0 1884
1885 0
0 1886
1887 0
0 1888
1889 0
0 1890
1891 0
0 1892
1893 0
0 1894
1895 0
0 1896
1897 0
0 1898
1899 0
0 1900
1901 0
0 1902
1903 0
0 1904
1905 0
0 1906
1907 0
0 1908
1909 0
0 1910
1911 0
0 1912
1913 0
0 1914
1915 0
0 1916
1917 0
0 1918
1919 0
0 1920
1921 0
0 1922
1923 0
0 1924
1925 0
0 1926
1927 0
0 1928
1929 0
0 1930
1931 0
0 1932
1933 0
0 1934
1935 0
0 1936
1937 0
0 1938
1939 0
0 1940
1941 0
0 1942
1943 0
0 1944
1945 0
0 1946
1947 0
0 1948
1949 0
0 1950
1951 0
0 1952
1953 0
0 1954
1955 0
0 1956
1957 0
0 1958
1959 0
0 1960
1961 0
0 1962
1963 0
0 1964
1965 0
0 1966
1967 0
0 1968
1969 0
0 1970
1971 0
0 1972
1973 0
0 1974
1975 0
0 1976
1977 0
0 1978
1979 0
0 1980
1981 0
0 1982
1983 0
0 1984
1985 0
0 1986
1987 0
0 1988
1989 0
0 1990
1991 0
0 1992
1993 0
0 1994
1995 0
0 1996
1997 0
0 1998
1999 0
0 2000
1 0
0 2
3 0
0 4
5 0
0 6
7 0
0 8
9 0
0 10
11 0
0 12
13 0
0 14
15 0
0 16
17 0
0 18
19 0
0 20
21 0
0 22
23 0
0 24
25 0
0 26
27 0
0 28
29 0
0 30
31 0
0 32
33 0
0 34
35 0
0 36
37 0
0 38
39 0
0 40
41 0
0 42
43 0
0 44
45 0
0 46
47 0
0 48
49 0
0 50
51 0
0 52
53 0
0 54
55 0
0 56
57 0
0 58
59 0
0 60
61 0
0 62
63 0
0 64
65 0
0 66
67 0
0 68
69 0
0 70
71 0
0 72
73 0
0 74
75 0
0 76
77 0
0 78
79 0
0 80
81 0
0 82
83 0
0 84
85 0
0 86
87 0
0 88
89 0
0 90
91 0
0 92
93 0
0 94
95 0
0 96
97 0
0 98
99 0
0 100
101 0
0 102
103 0
0 104
105 0
0 106
107 0
0 108
109 0
0 110
111 0
0 112
113 0
0 114
115 0
0 116
117 0
0 118
119 0
0 120
121 0
0 122
123 0
0 124
125 0
0 126
127 0
0 128
129 0
0 130
131 0
0 132
133 0
0 134
135 0
0 136
137 0
0 138
139 0
0 140
141 0
0 142
143 0
0 144
145 0
0 146
147 0
0 148
149 0
0 150
151 0
0 152
153 0
0 154
155 0
0 156
157 0
0 158
159 0
0 160
161 0
0 162
163 0
0 164
165 0
0 166
167 0
0 168
169 0
0 170
171 0
0 172
173 0
0 174
175 0
0 176
177 0
0 178
179 0
0 180
181 0
0 182
183 0
0 184
185 0
0 186
187 0
0 188
189 0
0 190
191 0
0 192
193 0
0 194
195 0
0 196
197 0
0 198
199 0
0 200
201 0
0 202
203 0
0 204
205 0
0 206
207 0
0 208
209 0
0 210
211 0
0 212
213 0
0 214
215 0
0 216
217 0
0 218
219 0
0 220
221 0
0 222
223 0
0 224
225 0
0 226
227 0
0 228
229 0
0 230
231 0
0 232
233 0
0 234
235 0
0 236
237 0
0 238
239 0
0 240
241 0
0 242
243 0
0 244
245 0
0 246
247 0
0 248
249 0
0 250
251 0
0 252
253 0
0 254
255 0
0 256
257 0
0 258
259 0
0 260
261 0
0 262
263 0
0 264
265 0
0 266
267 0
0 268
269 0
0 270
271 0
0 272
273 0
0 274
275 0
0 276
277 0
0 278
279 0
0 280
281 0
0 282
283 0
0 284
285 0
0 286
287 0
0 288
289 0
0 290
291 0
0 292
293 0
0 294
295 0
0 296
297 0
0 298
299 0
0 300
301 0
0 302
303 0
0 304
305 0
0 306
307 0
0 308
309 0
0 310
311 0
0 312
313 0
0 314
315 0
0 316
317 0
0 318
319 0
0 320
321 0
0 322
323 0
0 324
325 0
0 326
327 0
0 328
329 0
0 330
331 0
0 332
333 0
0 334
335 0
0 336
337 0
0 338
339 0
0 340
341 0
0 342
343 0
0 344
345 0
0 346
347 0
0 348
349 0
0 350
351 0
0 352
353 0
0 354
355 0
0 356
357 0
0 358
359 0
0 360
361 0
0 362
363 0
0 364
365 0
0 366
367 0
0 368
369 0
0 370
371 0
0 372
373 0
0 374
375 0
0 376
377 0
0 378
379 0
0 380
381 0
0 382
383 0
0 384
385 0
0 386
387 0
0 388
389 0
0 390
391 0
0 392
393 0
0 394
395 0
0 396
397 0
0 398
399 0
0 400
401 0
0 402
403 0
0 404
405 0
0 406
407 0
0 408
409 0
0 410
411 0
0 412
413 0
0 414
415 0
0 416
417 0
0 418
419 0
0 420
421 0
0 422
423 0
0 424
425 0
0 426
427 0
0 428
429 0
0 430
431 0
0 432
433 0
0 434
435 0
0 436
437 0
0 438
439 0
0 440
441 0
0 442
443 0
0 444
445 0
0 446
447 0
0 448
449 0
0 450
451 0
0 452
453 0
0 454
455 0
0 456
457 0
0 458
459 0
0 460
461 0
0 462
463 0
0 464
465 0
0 466
467 0
0 468
469 0
0 470
471 0
0 472
473 0
0 474
475 0
0 476
477 0
0 478
479 0
0 480
481 0
0 482
483 0
0 484
485 0
0 486
487 0
0 488
489 0
0 490
491 0
0 492
493 0
0 494
495 0
0 496
497 0
0 498
499 0
0 500
501 0
0 502
503 0
0 504
505 0
0 506
507 0
0 508
509 0
0 510
511 0
0 512
513 0
0 514
515 0
0 516
517 0
0 518
519 0
0 520
521 0
0 522
523 0
0 524
525 0
0 526
527 0
0 528
529 0
0 530
531 0
0 532
533 0
0 534
535 0
0 536
537 0
0 538
539 0
0 540
541 0
0 542
543 0
0 544
545 0
0 546
547 0
0 548
549 0
0 550
551 0
0 552
553 0
0 554
555 0
0 556
557 0
0 558
559 0
0 560
561 0
0 562
563 0
0 564
565 0
0 566
567 0
0 568
569 0
0 570
571 0
0 572
573 0
0 574
575 0
0 576
577 0
0 578
579 0
0 580
581 0
0 582
583 0
0 584
585 0
0 586
587 0
0 588
589 0
0 590
591 0
0 592
593 0
0 594
595 0
0 596
597 0
0 598
599 0
0 600
601 0
0 602
603 0
0 604
605 0
0 606
607 0
0 608
609 0
0 610
611 0
0 612
613 0
0 614
615 0
0 616
617 0
0 618
619 0
0 620
621 0
0 622
623 0
0 624
625 0
0 626
627 0
0 628
629 0
0 630
631 0
0 632
633 0
0 634
635 0
0 636
637 0
0 638
639 0
0 640
641 0
0 642
643 0
0 644
645 0
0 646
647 0
0 648
649 0
0 650
651 0
0 652
653 0
0 654
655 0
0 656
657 0
0 658
659 0
0 660
661 0
0 662
663 0
0 664
665 0
0 666
667 0
0 668
669 0
0 670
671 0
0 672
673 0
0 674
675 0
0 676
677 0
0 678
679 0
0 680
681 0
0 682
683 0
0 684
685 0
0 686
687 0
0 688
689 0
0 690
691 0
0 692
693 0
0 694
695 0
0 696
697 0
0 698
699 0
0 700
701 0
0 702
703 0
0 704
705 0
0 706
707 0
0 708
709 0
0 710
711 0
0 712
713 0
0 714
715 0
0 716
717 0
0 718
719 0
0 720
721 0
0 722
723 0
0 724
725 0
0 726
727 0
0 728
729 0
0 730
731 0
0 732
733 0
0 734
735 0
0 736
737 0
0 738
739 0
0 740
741 0
0 742
743 0
0 744
745 0
0 746
747 0
0 748
749 0
0 750
751 0
0 752
753 0
0 754
755 0
0 756
757 0
0 758
759 0
0 760
761 0
0 762
763 0
0 764
765 0
0 766
767 0
0 768
769 0
0 770
771 0
0 772
773 0
0 774
775 0
0 776
777 0
0 778
779 0
0 780
781 0
0 782
783 0
0 784
785 0
0 786
787 0
0 788
789 0
0 790
791 0
0 792
793 0
0 794
795 0
0 796
797 0
0 798
799 0
0 800
801 0
0 802
803 0
0 804
805 0
0 806
807 0
0 808
809 0
0 810
811 0
0 812
813 0
0 814
815 0
0 816
817 0
0 818
819 0
0 820
821 0
0 822
823 0
0 824
825 0
0 826
827 0
0 828
829 0
0 830
831 0
0 832
833 0
0 834
835 0
0 836
837 0
0 838
839 0
0 840
841 0
0 842
843 0
0 844
845 0
0 846
847 0
0 848
849 0
0 850
851 0
0 852
853 0
0 854
855 0
0 856
857 0
0 858
859 0
0 860
861 0
0 862
863 0
0 864
865 0
0 866
867 0
0 868
869 0
0 870
871 0
0 872
873 0
0 874
875 0
0 876
877 0
0 878
879 0
0 880
881 0
0 882
883 0
0 884
885 0
0 886
887 0
0 888
889 0
0 890
891 0
0 892
893 0
0 894
895 0
0 896
897 0
0 898
899 0
0 900
901 0
0 902
903 0
0 904
905 0
0 906
907 0
0 908
909 0
0 910
911 0
0 912
913 0
0 914
915 0
0 916
917 0
0 918
919 0
0 920
921 0
0 922
923 0
0 924
925 0
0 926
927 0
0 928
929 0
0 930
931 0
0 932
933 0
0 934
935 0
0 936
937 0
0 938
939 0
0 940
941 0
0 942
943 0
0 944
945 0
0 946
947 0
0 948
949 0
0 950
951 0
0 952
953 0
0 954
955 0
0 956
957 0
0 958
959 0
0 960
961 0
0 962
963 0
0 964
965 0
0 966
967 0
0 968
969 0
0 970
971 0
0 972
973 0
0 974
975 0
0 976
977 0
0 978
979 0
0 980
981 0
0 982
983 0
0 984
985 0
0 986
987 0
0 988
989 0
0 990
991 0
0 992
993 0
0 994
995 0
0 996
997 0
0 998
999 0
0 1000
1001 0
0 1002
1003 0
0 1004
1005 0
0 1006
1007 0
0 1008
1009 0
0 1010
1011 0
0 1012
1013 0
0 1014
1015 0
0 1016
1017 0
0 1018
1019 0
0 1020
1021 0
0 1022
1023 0
0 1024
1025 0
0 1026
1027 0
0 1028
1029 0
0 1030
1031 0
0 1032
1033 0
0 1034
1035 0
0 1036
1037 0
0 1038
1039 0
0 1040
1041 0
0 1042
1043 0
0 1044
1045 0
0 1046
1047 0
0 1048
1049 0
0 1050
1051 0
0 1052
1053 0
0 1054
1055 0
0 1056
1057 0
0 1058
1059 0
0 1060
1061 0
0 1062
1063 0
0 1064
1065 0
0 1066
1067 0
0 1068
1069 0
0 1070
1071 0
0 1072
1073 0
0 1074
1075 0
0 1076
1077 0
0 1078
1079 0
0 1080
1081 0
0 1082
1083 0
0 1084
1085 0
0 1086
1087 0
0 1088
1089 0
0 1090
1091 0
0 1092
1093 0
0 1094
1095 0
0 1096
1097 0
0 1098
1099 0
0 1100
1101 0
0 1102
1103 0
0 1104
1105 0
0 1106
1107 0
0 1108
1109 0
0 1110
1111 0
0 1112
1113 0
0 1114
1115 0
0 1116
1117 0
0 1118
1119 0
0 1120
1121 0
0 1122
1123 0
0 1124
1125 0
0 1126
1127 0
0 1128
1129 0
0 1130
1131 0
0 1132
1133 0
0 1134
1135 0
0 1136
1137 0
0 1138
1139 0
0 1140
1141 0
0 1142
1143 0
0 1144
1145 0
0 1146
1147 0
0 1148
1149 0
0 1150
1151 0
0 1152
1153 0
0 1154
1155 0
0 1156
1157 0
0 1158
1159 0
0 1160
1161 0
0 1162
1163 0
0 1164
1165 0
0 1166
1167 0
0 1168
1169 0
0 1170
1171 0
0 1172
1173 0
0 1174
1175 0
0 1176
1177 0
0 1178
1179 0
0 1180
1181 0
0 1182
1183 0
0 1184
1185 0
0 1186
1187 0
0 1188
1189 0
0 1190
1191 0
0 1192
1193 0
0 1194
1195 0
0 1196
1197 0
0 1198
1199 0
0 1200
1201 0
0 1202
1203 0
0 1204
1205 0
0 1206
1207 0
0 1208
1209 0
0 1210
1211 0
0 1212
1213 0
0 1214
1215 0
0 1216
1217 0
0 1218
1219 0
0 1220
1221 0
0 1222
1223 0
0 1224
1225 0
0 1226
1227 0
0 1228
1229 0
0 1230
1231 0
0 1232
1233 0
0 1234
1235 0
0 1236
1237 0
0 1238
1239 0
0 1240
1241 0
0 1242
1243 0
0 1244
1245 0
0 1246
1247 0
0 1248
1249 0
0 1250
1251 0
0 1252
1253 0
0 1254
1255 0
0 1256
1257 0
0 1258
1259 0
0 1260
1261 0
0 1262
1263 0
0 1264
1265 0
0 1266
1267 0
0 1268
1269 0
0 1270
1271 0
0 1272
1273 0
0 1274
1275 0
0 1276
1277 0
0 1278
1279 0
0 1280
1281 0
0 1282
1283 0
0 1284
1285 0
0 1286
1287 0
0 1288
1289 0
0 1290
1291 0
0 1292
1293 0
0 1294
1295 0
0 1296
1297 0
0 1298
1299 0
0 1300
1301 0
0 1302
1303 0
0 1304
1305 0
0 1306
1307 0
0 1308
1309 0
0 1310
1311 0
0 1312
1313 0
0 1314
1315 0
0 1316
1317 0
0 1318
1319 0
0 1320
1321 0
0 1322
1323 0
0 1324
1325 0
0 1326
1327 0
0 1328
1329 0
0 1330
1331 0
0 1332
1333 0
0 1334
1335 0
0 1336
1337 0
0 1338
1339 0
0 1340
1341 0
0 1342
1343 0
0 1344
1345 0
0 1346
1347 0
0 1348
1349 0
0 1350
1351 0
0 1352
1353 0
0 1354
1355 0
0 1356
1357 0
0 1358
1359 0
0 1360
1361 0
0 1362
1363 0
0 1364
1365 0
0 1366
1367 0
0 1368
1369 0
0 1370
1371 0
0 1372
1373 0
0 1374
1375 0
0 1376
1377 0
0 1378
1379 0
0 1380
1381 0
0 1382
1383 0
0 1384
1385 0
0 1386
1387 0
0 1388
1389 0
0 1390
1391 0
0 1392
1393 0
0 1394
1395 0
0 1396
1397 0
0 1398
1399 0
0 1400
1401 0
0 1402
1403 0
0 1404
1405 0
0 1406
1407 0
0 1408
1409 0
0 1410
1411 0
0 1412
1413 0
0 1414
1415 0
0 1416
1417 0
0 1418
1419 0
0 1420
1421 0
0 1422
1423 0
0 1424
1425 0
0 1426
1427 0
0 1428
1429 0
0 1430
1431 0
0 1432
1433 0
0 1434
1435 0
0 1436
1437 0
0 1438
1439 0
0 1440
1441 0
0 1442
1443 0
0 1444
1445 0
0 1446
1447 0
0 1448
1449 0
0 1450
1451 0
0 1452
1453 0
0 1454
1455 0
0 1456
1457 0
0 1458
1459 0
0 1460
1461 0
0 1462
1463 0
0 1464
1465 0
0 1466
1467 0
0 1468
1469 0
0 1470
1471 0
0 1472
1473 0
0 1474
1475 0
0 1476
1477 0
0 1478
1479 0
0 1480
1481 0
0 1482
1483 0
0 1484
1485 0
0 1486
1487 0
0 1488
1489 0
0 1490
1491 0
0 1492
1493 0
0 1494
1495 0
0 1496
1497 0
0 1498
1499 0
0 1500
1501 0
0 1502
1503 0
0 1504
1505 0
0 1506
1507 0
0 1508
1509 0
0 1510
1511 0
0 1512
1513 0
0 1514
1515 0
0 1516
1517 0
0 1518
1519 0
0 1520
1521 0
0 1522
1523 0
0 1524
1525 0
0 1526
1527 0
0 1528
1529 0
0 1530
1531 0
0 1532
1533 0
0 1534
1535 0
0 1536
1537 0
0 1538
1539 0
0 1540
1541 0
0 1542
1543 0
0 1544
1545 0
0 1546
1547 0
0 1548
1549 0
0 1550
1551 0
0 1552
1553 0
0 1554
1555 0
0 1556
1557 0
0 1558
1559 0
0 1560
1561 0
0 1562
1563 0
0 1564
1565 0
0 1566
1567 0
0 1568
1569 0
0 1570
1571 0
0 1572
1573 0
0 1574
1575 0
0 1576
1577 0
0 1578
1579 0
0 1580
1581 0
0 1582
1583 0
0 1584
1585 0
0 1586
1587 0
0 1588
1589 0
0 1590
1591 0
0 1592
1593 0
0 1594
1595 0
0 1596
1597 0
0 1598
1599 0
0 1600
1601 0
0 1602
1603 0
0 1604
1605 0
0 1606
1607 0
0 1608
1609 0
0 1610
1611 0
0 1612
1613 0
0 1614
1615 0
0 1616
1617 0
0 1618
1619 0
0 1620
1621 0
0 1622
1623 0
0 1624
1625 0
0 1626
1627 0
0 1628
1629 0
0 1630
1631 0
0 1632
1633 0
0 1634
1635 0
0 1636
1637 0
0 1638
1639 0
0 1640
1641 0
0 1642
1643 0
0 1644
1645 0
0 1646
1647 0
0 1648
1649 0
0 1650
1651 0
0 1652
1653 0
0 1654
1655 0
0 1656
1657 0
0 1658
1659 0
0 1660
1661 0
0 1662
1663 0
0 1664
1665 0
0 1666
1667 0
0 1668
1669 0
0 1670
1671 0
0 1672
1673 0
0 1674
1675 0
0 1676
1677 0
0 1678
1679 0
0 1680
1681 0
0 1682
1683 0
0 1684
1685 0
0 1686
1687 0
0 1688
1689 0
0 1690
1691 0
0 1692
1693 0
0 1694
1695 0
0 1696
1697 0
0 1698
1699 0
0 1700
1701 0
0 1702
1703 0
0 1704
1705 0
0 1706
1707 0
0 1708
1709 0
0 1710
1711 0
0 1712
1713 0
0 1714
1715 0
0 1716
1717 0
0 1718
1719 0
0 1720
1721 0
0 1722
1723 0
0 1724
1725 0
0 1726
1727 0
0 1728
1729 0
0 1730
1731 0
0 1732
1733 0
0 1734
1735 0
0 1736
1737 0
0 1738
1739 0
0 1740
1741 0
0 1742
1743 0
0 1744
1745 0
0 1746
1747 0
0 1748
1749 0
0 1750
1751 0
0 1752
1753 0
0 1754
1755 0
0 1756
1757 0
0 1758
1759 0
0 1760
1761 0
0 1762
1763 0
0 1764
1765 0
0 1766
1767 0
0 1768
1769 0
0 1770
1771 0
0 1772
1773 0
0 1774
1775 0
0 1776
1777 0
0 1778
1779 0
0 1780
1781 0
0 1782
1783 0
0 1784
1785 0
0 1786
1787 0
0 1788
1789 0
0 1790
1791 0
0 1792
1793 0
0 1794
1795 0
0 1796
1797 0
0 1798
1799 0
0 1800
1801 0
0 1802
1803 0
0 1804
1805 0
0 1806
1807 0
0 1808
1809 0
0 1810
1811 0
0 1812
1813 0
0 1814
1815 0
0 1816
1817 0
0 1818
1819 0
0 1820
1821 0
0 1822
1823 0
0 1824
1825 0
0 1826
1827 0
0 1828
1829 0
0 1830
1831 0
0 1832
1833 0
0 1834
1835 0
0 1836
1837 0
0 1838
1839 0
0 1840
1841 0
0 1842
1843 0
0 1844
1845 0
0 1846
1847 0
0 1848
1849 0
0 1850
1851 0
0 1852
1853 0
0 1854
1855 0
0 1856
1857 0
0 1858
1859 0
0 1860
1861 0
0 1862
1863 0
0 1864
1865 0
0 1866
1867 0
0 1868
1869 0
0 1870
1871 0
0 1872
1873 0
0 1874
1875 0
0 1876
1877 0
0 1878
1879 0
0 1880
1881 0
0 1882
1883 0
0 1884
1885 0
0 1886
1887 0
0 1888
1889 0
0 1890
1891 0
0 1892
1893 0
0 1894
1895 0
0 1896
1897 0
0 1898
1899 0
0 1900
1901 0
0 1902
1903 0
0 1904
1905 0
0 1906
1907 0
0 1908
1909 0
0 1910
1911 0
0 1912
1913 0
0 1914
1915 0
0 1916
1917 0
0 1918
1919 0
0 1920
1921 0
0 1922
1923 0
0 1924
1925 0
0 1926
1927 0
0 1928
1929 0
0 1930
1931 0
0 1932
1933 0
0 1934
1935 0
0 1936
1937 0
0 1938
1939 0
0 1940
1941 0
0 1942
1943 0
0 1944
1945 0
0 1946
1947 0
0 1948
1949 0
0 1950
1951 0
0 1952
1953 0
0 1954
1955 0
0 1956
1957 0
0 1958
1959 0
0 1960
1961 0
0 1962
1963 0
0 1964
1965 0
0 1966
1967 0
0 1968
1969 0
0 1970
1971 0
0 1972
1973 0
0 1974
1975 0
0 1976
1977 0
0 1978
1979 0
0 1980
1981 0
0 1982
1983 0
0 1984
1985 0
0 1986
1987 0
0 1988
1989 0
0 1990
1991 0
0 1992
1993 0
0 1994
1995 0
0 1996
1997 0
0 1998
1999 0
0 2000
1 0
0 2
3 0
0 4
5 0
0 6
7 0
0 8
9 0
0 10
11 0
0 12
13 0
0 14
15 0
0 16
17 0
0 18
19 0
0 20
21 0
0 22
23 0
0 24
25 0
0 26
27 0
0 28
29 0
0 30
31 0
0 32
33 0
0 34
35 0
0 36
37 0
0 38
39 0
0 40
41 0
0 42
43 0
0 44
45 0
0 46
47 0
0 48
49 0
0 50
51 0
0 52
53 0
0 54
55 0
0 56
57 0
0 58
59 0
0 60
61 0
0 62
63 0
0 64
65 0
0 66
67 0
0 68
69 0
0 70
71 0
0 72
73 0
0 74
75 0
0 76
77 0
0 78
79 0
0 80
81 0
0 82
83 0
0 84
85 0
0 86
87 0
0 88
89 0
0 90
91 0
0 92
93 0
0 94
95 0
0 96
97 0
0 98
99 0
0 100
101 0
0 102
103 0
0 104
105 0
0 106
107 0
0 108
109 0
0 110
111 0
0 112
113 0
0 114
115 0
0 116
117 0
0 118
119 0
0 120
121 0
0 122
123 0
0 124
125 0
0 126
127 0
0 128
129 0
0 130
131 0
0 132
133 0
0 134
135 0
0 136
137 0
0 138
139 0
0 140
141 0
0 142
143 0
0 144
145 0
0 146
147 0
0 148
149 0
0 150
151 0
0 152
153 0
0 154
155 0
0 156
157 0
0 158
159 0
0 160
161 0
0 162
163 0
0 164
165 0
0 166
167 0
0 168
169 0
0 170
171 0
0 172
173 0
0 174
175 0
0 176
177 0
0 178
179 0
0 180
181 0
0 182
183 0
0 184
185 0
0 186
187 0
0 188
189 0
0 190
191 0
0 192
193 0
0 194
195 0
0 196
197 0
0 198
199 0
0 200
201 0
0 202
203 0
0 204
205 0
0 206
207 0
0 208
209 0
0 210
211 0
0 212
213 0
0 214
215 0
0 216
217 0
0 218
219 0
0 220
221 0
0 222
223 0
0 224
225 0
0 226
227 0
0 228
229 0
0 230
231 0
0 232
233 0
0 234
235 0
0 236
237 0
0 238
239 0
0 240
241 0
0 242
243 0
0 244
245 0
0 246
247 0
0 248
249 0
0 250
251 0
0 252
253 0
0 254
255 0
0 256
257 0
0 258
259 0
0 260
261 0
0 262
263 0
0 264
265 0
0 266
267 0
0 268
269 0
0 270
271 0
0 272
273 0
0 274
275 0
0 276
277 0
0 278
279 0
0 280
281 0
0 282
283 0
0 284
285 0
0 286
287 0
0 288
289 0
0 290
291 0
0 292
293 0
0 294
295 0
0 296
297 0
0 298
299 0
0 300
301 0
0 302
303 0
0 304
305 0
0 306
307 0
0 308
309 0
0 310
311 0
0 312
313 0
0 314
315 0
0 316
317 0
0 318
319 0
0 320
321 0
0 322
323 0
0 324
325 0
0 326
327 0
0 328
329 0
0 330
331 0
0 332
333 0
0 334
335 0
0 336
337 0
0 338
339 0
0 340
341 0
0 342
343 0
0 344
345 0
0 346
347 0
0 348
349 0
0 350
351 0
0 352
353 0
0 354
355 0
0 356
357 0
0 358
359 0
0 360
361 0
0 362
363 0
0 364
365 0
0 366
367 0
0 368
369 0
0 370
371 0
0 372
373 0
0 374
375 0
0 376
377 0
0 378
379 0
0 380
381 0
0 382
383 0
0 384
385 0
0 386
387 0
0 388
389 0
0 390
391 0
0 392
393 0
0 394
395 0
0 396
397 0
0 398
399 0
0 400
401 0
0 402
403 0
0 404
405 0
0 406
407 0
0 408
409 0
0 410
411 0
0 412
413 0
0 414
415 0
0 416
417 0
0 418
419 0
0 420
421 0
0 422
423 0
0 424
425 0
0 426
427 0
0 428
429 0
0 430
431 0
0 432
433 0
0 434
435 0
0 436
437 0
0 438
439 0
0 440
441 0
0 442
443 0
0 444
445 0
0 446
447 0
0 448
449 0
0 450
451 0
0 452
453 0
0 454
455 0
0 456
457 0
0 458
459 0
0 460
461 0
0 462
463 0
0 464
465 0
0 466
467 0
0 468
469 0
0 470
471 0
0 472
473 0
0 474
475 0
0 476
477 0
0 478
479 0
0 480
481 0
0 482
483 0
0 484
485 0
0 486
487 0
0 488
489 0
0 490
491 0
0 492
493 0
0 494
495 0
0 496
497 0
0 498
499 0
0 500
501 0
0 502
503 0
0 504
505 0
0 506
507 0
0 508
509 0
0 510
511 0
0 512
513 0
0 514
515 0
0 516
517 0
0 518
519 0
0 520
521 0
0 522
523 0
0 524
525 0
0 526
527 0
0 528
529 0
0 530
531 0
0 532
533 0
0 534
535 0
0 536
537 0
0 538
539 0
0 540
541 0
0 542
543 0
0 544
545 0
0 546
547 0
0 548
549 0
0 550
551 0
0 552
553 0
0 554
555 0
0 556
557 0
0 558
559 0
0 560
561 0
0 562
563 0
0 564
565 0
0 566
567 0
0 568
569 0
0 570
571 0
0 572
573 0
0 574
575 0
0 576
577 0
0 578
579 0
0 580
581 0
0 582
583 0
0 584
585 0
0 586
587 0
0 588
589 0
0 590
591 0
0 592
593 0
0 594
595 0
0 596
597 0
0 598
599 0
0 600
601 0
0 602
603 0
0 604
605 0
0 606
607 0
0 608
609 0
0 610
611 0
0 612
613 0
0 614
615 0
0 616
617 0
0 618
619 0
0 620
621 0
0 622
623 0
0 624
625 0
0 626
627 0
0 628
629 0
0 630
631 0
0 632
633 0
0 634
635 0
0 636
637 0
0 638
639 0
0 640
641 0
0 642
643 0
0 644
645 0
0 646
647 0
0 648
649 0
0 650
651 0
0 652
653 0
0 654
655 0
0 656
657 0
0 658
659 0
0 660
661 0
0 662
663 0
0 664
665 0
0 666
667 0
0 668
669 0
0 670
671 0
0 672
673 0
0 674
675 0
0 676
677 0
0 678
679 0
0 680
681 0
0 682
683 0
0 684
685 0
0 686
687 0
0 688
689 0
0 690
691 0
0 692
693 0
0 694
695 0
0 696
697 0
0 698
699 0
0 700
701 0
0 702
703 0
0 704
705 0
0 706
707 0
0 708
709 0
0 710
711 0
0 712
713 0
0 714
715 0
0 716
717 0
0 718
719 0
0 720
721 0
0 722
723 0
0 724
725 0
0 726
727 0
0 728
729 0
0 730
731 0
0 732
733 0
0 734
735 0
0 736
737 0
0 738
739 0
0 740
741 0
0 742
743 0
0 744
745 0
0 746
747 0
0 748
749 0
0 750
751 0
0 752
753 0
0 754
755 0
0 756
757 0
0 758
759 0
0 760
761 0
0 762
763 0
0 764
765 0
0 766
767 0
0 768
769 0
0 770
771 0
0 772
773 0
0 774
775 0
0 776
777 0
0 778
779 0
0 780
781 0
0 782
783 0
0 784
785 0
0 786
787 0
0 788
789 0
0 790
791 0
0 792
793 0
0 794
795 0
0 796
797 0
0 798
799 0
0 800
801 0
0 802
803 0
0 804
805 0
0 806
807 0
0 808
809 0
0 810
811 0
0 812
813 0
0 814
815 0
0 816
817 0
0 818
819 0
0 820
821 0
0 822
823 0
0 824
825 0
0 826
827 0
0 828
829 0
0 830
831 0
0 832
833 0
0 834
835 0
0 836
837 0
0 838
839 0
0 840
841 0
0 842
843 0
0 844
845 0
0 846
847 0
0 848
849 0
0 850
851 0
0 852
853 0
0 854
855 0
0 856
857 0
0 858
859 0
0 860
861 0
0 862
863 0
0 864
865 0
0 866
867 0
0 868
869 0
0 870
871 0
0 872
873 0
0 874
875 0
0 876
877 0
0 878
879 0
0 880
881 0
0 882
883 0
0 884
885 0
0 886
887 0
0 888
889 0
0 890
891 0
0 892
893 0
0 894
895 0
0 896
897 0
0 898
899 0
0 900
901 0
0 902
903 0
0 904
905 0
0 906
907 0
0 908
909 0
0 910
911 0
0 912
913 0
0 914
915 0
0 916
917 0
0 918
919 0
0 920
921 0
0 922
923 0
0 924
925 0
0 926
927 0
0 928
929 0
0 930
931 0
0 932
933 0
0 934
935 0
0 936
937 0
0 938
939 0
0 940
941 0
0 942
943 0
0 944
945 0
0 946
947 0
0 948
949 0
0 950
951 0
0 952
953 0
0 954
955 0
0 956
957 0
0 958
959 0
0 960
961 0
0 962
963 0
0 964
965 0
0 966
967 0
0 968
969 0
0 970
971 0
0 972
973 0
0 974
975 0
0 976
977 0
0 978
979 0
0 980
981 0
0 982
983 0
0 984
985 0
0 986
987 0
0 988
989 0
0 990
991 0
0 992
993 0
0 994
995 0
0 996
997 0
0 998
999 0
0 1000
1001 0
0 1002
1003 0
0 1004
1005 0
0 1006
1007 0
0 1008
1009 0
0 1010
1011 0
0 1012
1013 0
0 1014
1015 0
0 1016
1017 0
0 1018
1019 0
0 1020
1021 0
0 1022
1023 0
0 1024
1025 0
0 1026
1027 0
0 1028
1029 0
0 1030
1031 0
0 1032
1033 0
0 1034
1035 0
0 1036
1037 0
0 1038
1039 0
0 1040
1041 0
0 1042
1043 0
0 1044
1045 0
0 1046
1047 0
0 1048
1049 0
0 1050
1051 0
0 1052
1053 0
0 1054
1055 0
0 1056
1057 0
0 1058
1059 0
0 1060
1061 0
0 1062
1063 0
0 1064
1065 0
0 1066
1067 0
0 1068
1069 0
0 1070
1071 0
0 1072
1073 0
0 1074
1075 0
0 1076
1077 0
0 1078
1079 0
0 1080
1081 0
0 1082
1083 0
0 1084
1085 0
0 1086
1087 0
0 1088
1089 0
0 1090
1091 0
0 1092
1093 0
0 1094
1095 0
0 1096
1097 0
0 1098
1099 0
0 1100
1101 0
0 1102
1103 0
0 1104
1105 0
0 1106
1107 0
0 1108
1109 0
0 1110
1111 0
0 1112
1113 0
0 1114
1115 0
0 1116
1117 0
0 1118
1119 0
0 1120
1121 0
0 1122
1123 0
0 1124
1125 0
0 1126
1127 0
0 1128
1129 0
0 1130
1131 0
0 1132
1133 0
0 1134
1135 0
0 1136
1137 0
0 1138
1139 0
0 1140
1141 0
0 1142
1143 0
0 1144
1145 0
0 1146
1147 0
0 1148
1149 0
0 1150
1151 0
0 1152
1153 0
0 1154
1155 0
0 1156
1157 0
0 1158
1159 0
0 1160
1161 0
0 1162
1163 0
0 1164
1165 0
0 1166
1167 0
0 1168
1169 0
0 1170
1171 0
0 1172
1173 0
0 1174
1175 0
0 1176
1177 0
0 1178
1179 0
0 1180
1181 0
0 1182
1183 0
0 1184
1185 0
0 1186
1187 0
0 1188
1189 0
0 1190
1191 0
0 1192
1193 0
0 1194
1195 0
0 1196
1197 0
0 1198
1199 0
0 1200
1201 0
0 1202
1203 0
0 1204
1205 0
0 1206
1207 0
0 1208
1209 0
0 1210
1211 0
0 1212
1213 0
0 1214
1215 0
0 1216
1217 0
0 1218
1219 0
0 1220
1221 0
0 1222
1223 0
0 1224
1225 0
0 1226
1227 0
0 1228
1229 0
0 1230
1231 0
0 1232
1233 0
0 1234
1235 0
0 1236
1237 0
0 1238
1239 0
0 1240
1241 0
0 1242
1243 0
0 1244
1245 0
0 1246
1247 0
0 1248
1249 0
0 1250
1251 0
0 1252
1253 0
0 1254
1255 0
0 1256
1257 0
0 1258
1259 0
0 1260
1261 0
0 1262
1263 0
0 1264
1265 0
0 1266
1267 0
0 1268
1269 0
0 1270
1271 0
0 1272
1273 0
0 1274
1275 0
0 1276
1277 0
0 1278
1279 0
0 1280
1281 0
0 1282
1283 0
0 1284
1285 0
0 1286
1287 0
0 1288
1289 0
0 1290
1291 0
0 1292
1293 0
0 1294
1295 0
0 1296
1297 0
0 1298
1299 0
0 1300
1301 0
0 1302
1303 0
0 1304
1305 0
0 1306
1307 0
0 1308
1309 0
0 1310
1311 0
0 1312
1313 0
0 1314
1315 0
0 1316
1317 0
0 1318
1319 0
0 1320
1321 0
0 1322
1323 0
0 1324
1325 0
0 1326
1327 0
0 1328
1329 0
0 1330
1331 0
0 1332
1333 0
0 1334
1335 0
0 1336
1337 0
0 1338
1339 0
0 1340
1341 0
0 1342
1343 0
0 1344
1345 0
0 1346
1347 0
0 1348
1349 0
0 1350
1351 0
0 1352
1353 0
0 1354
1355 0
0 1356
1357 0
0 1358
1359 0
0 1360
1361 0
0 1362
1363 0
0 1364
1365 0
0 1366
1367 0
0 1368
1369 0
0 1370
1371 0
0 1372
1373 0
0 1374
1375 0
0 1376
1377 0
0 1378
1379 0
0 1380
1381 0
0 1382
1383 0
0 1384
1385 0
0 1386
1387 0
0 1388
1389 0
0 1390
1391 0
0 1392
1393 0
0 1394
1395 0
0 1396
1397 0
0 1398
1399 0
0 1400
1401 0
0 1402
1403 0
0 1404
1405 0
0 1406
1407 0
0 1408
1409 0
0 1410
1411 0
0 1412
1413 0
0 1414
1415 0
0 1416
1417 0
0 1418
1419 0
0 1420
1421 0
0 1422
1423 0
0 1424
1425 0
0 1426
1427 0
0 1428
1429 0
0 1430
1431 0
0 1432
1433 0
0 1434
1435 0
0 1436
1437 0
0 1438
1439 0
0 1440
1441 0
0 1442
1443 0
0 1444
1445 0
0 1446
1447 0
0 1448
1449 0
0 1450
1451 0
0 1452
1453 0
0 1454
1455 0
0 1456
1457 0
0 1458
1459 0
0 1460
1461 0
0 1462
1463 0
0 1464
1465 0
0 1466
1467 0
0 1468
1469 0
0 1470
1471 0
0 1472
1473 0
0 1474
1475 0
0 1476
1477 0
0 1478
1479 0
0 1480
1481 0
0 1482
1483 0
0 1484
1485 0
0 1486
1487 0
0 1488
1489 0
0 1490
1491 0
0 1492
1493 0
0 1494
1495 0
0 1496
1497 0
0 1498
1499 0
0 1500
1501 0
0 1502
1503 0
0 1504
1505 0
0 1506
1507 0
0 1508
1509 0
0 1510
1511 0
0 1512
1513 0
0 1514
1515 0
0 1516
1517 0
0 1518
1519 0
0 1520
1521 0
0 1522
1523 0
0 1524
1525 0
0 1526
1527 0
0 1528
1529 0
0 1530
1531 0
0 1532
1533 0
0 1534
1535 0
0 1536
1537 0
0 1538
1539 0
0 1540
1541 0
0 1542
1543 0
0 1544
1545 0
0 1546
1547 0
0 1548
1549 0
0 1550
1551 0
0 1552
1553 0
0 1554
1555 0
0 1556
1557 0
0 1558
1559 0
0 1560
1561 0
0 1562
1563 0
0 1564
1565 0
0 1566
1567 0
0 1568
1569 0
0 1570
1571 0
0 1572
1573 0
0 1574
1575 0
0 1576
1577 0
0 1578
1579 0
0 1580
1581 0
0 1582
1583 0
0 1584
1585 0
0 1586
1587 0
0 1588
1589 0
0 1590
1591 0
0 1592
1593 0
0 1594
1595 0
0 1596
1597 0
0 1598
1599 0
0 1600
1601 0
0 1602
1603 0
0 1604
1605 0
0 1606
1607 0
0 1608
1609 0
0 1610
1611 0
0 1612
1613 0
0 1614
1615 0
0 1616
1617 0
0 1618
1619 0
0 1620
1621 0
0 1622
1623 0
0 1624
1625 0
0 1626
1627 0
0 1628
1629 0
0 1630
1631 0
0 1632
1633 0
0 1634
1635 0
0 1636
1637 0
0 1638
1639 0
0 1640
1641 0
0 1642
1643 0
0 1644
1645 0
0 1646
1647 0
0 1648
1649 0
0 1650
1651 0
0 1652
1653 0
0 1654
1655 0
0 1656
1657 0
0 1658
1659 0
0 1660
1661 0
0 1662
1663 0
0 1664
1665 0
0 1666
1667 0
0 1668
1669 0
0 1670
1671 0
0 1672
1673 0
0 1674
1675 0
0 1676
1677 0
0 1678
1679 0
0 1680
1681 0
0 1682
1683 0
0 1684
1685 0
0 1686
1687 0
0 1688
1689 0
0 1690
1691 0
0 1692
1693 0
0 1694
1695 0
0 1696
1697 0
0 1698
1699 0
0 1700
1701 0
0 1702
1703 0
0 1704
1705 0
0 1706
1707 0
0 1708
1709 0
0 1710
1711 0
0 1712
1713 0
0 1714
1715 0
0 1716
1717 0
0 1718
1719 0
0 1720
1721 0
0 1722
1723 0
0 1724
1725 0
0 1726
1727 0
0 1728
1729 0
0 1730
1731 0
0 1732
1733 0
0 1734
1735 0
0 1736
1737 0
0 1738
1739 0
0 1740
1741 0
0 1742
1743 0
0 1744
1745 0
0 1746
1747 0
0 1748
1749 0
0 1750
1751 0
0 1752
1753 0
0 1754
1755 0
0 1756
1757 0
0 1758
1759 0
0 1760
1761 0
0 1762
1763 0
0 1764
1765 0
0 1766
1767 0
0 1768
1769 0
0 1770
1771 0
0 1772
1773 0
0 1774
1775 0
0 1776
1777 0
0 1778
1779 0
0 1780
1781 0
0 1782
1783 0
0 1784
1785 0
0 1786
1787 0
0 1788
1789 0
0 1790
1791 0
0 1792
1793 0
0 1794
1795 0
0 1796
1797 0
0 1798
1799 0
0 1800
1801 0
0 1802
1803 0
0 1804
1805 0
0 1806
1807 0
0 1808
1809 0
0 1810
1811 0
0 1812
1813 0
0 1814
1815 0
0 1816
1817 0
0 1818
1819 0
0 1820
1821 0
0 1822
1823 0
0 1824
1825 0
0 1826
1827 0
0 1828
1829 0
0 1830
1831 0
0 1832
1833 0
0 1834
1835 0
0 1836
1837 0
0 1838
1839 0
0 1840
1841 0
0 1842
1843 0
0 1844
1845 0
0 1846
1847 0
0 1848
1849 0
0 1850
1851 0
0 1852
1853 0
0 1854
1855 0
0 1856
1857 0
0 1858
1859 0
0 1860
1861 0
0 1862
1863 0
0 1864
1865 0
0 1866
1867 0
0 1868
1869 0
0 1870
1871 0
0 1872
1873 0
0 1874
1875 0
0 1876
1877 0
0 1878
1879 0
0 1880
1881 0
0 1882
1883 0
0 1884
1885 0
0 1886
1887 0
0 1888
1889 0
0 1890
1891 0
0 1892
1893 0
0 1894
1895 0
0 1896
1897 0
0 1898
1899 0
0 1900
1901 0
0 1902
1903 0
0 1904
1905 0
0 1906
1907 0
0 1908
1909 0
0 1910
1911 0
0 1912
1913 0
0 1914
1915 0
0 1916
1917 0
0 1918
1919 0
0 1920
1921 0
0 1922
1923 0
0 1924
1925 0
0 1926
1927 0
0 1928
1929 0
0 1930
1931 0
0 1932
1933 0
0 1934
1935 0
0 1936
1937 0
0 1938
1939 0
0 1940
1941 0
0 1942
1943 0
0 1944
1945 0
0 1946
1947 0
0 1948
1949 0
0 1950
1951 0
0 1952
1953 0
0 1954
1955 0
0 1956
1957 0
0 1958
1959 0
0 1960
1961 0
0 1962
1963 0
0 1964
1965 0
0 1966
1967 0
0 1968
1969 0
0 1970
1971 0
0 1972
1973 0
0 1974
1975 0
0 1976
1977 0
0 1978
1979 0
0 1980
1981 0
0 1982
1983 0
0 1984
1985 0
0 1986
1987 0
0 1988
1989 0
0 1990
1991 0
0 1992
1993 0
0 1994
1995 0
0 1996
1997 0
0 1998
1999 0
0 2000
1 0
0 2
3 0
0 4
5 0
0 6
7 0
0 8
9 0
0 10
11 0
0 12
13 0
0 14
15 0
0 16
17 0
0 18
19 0
0 20
21 0
0 22
23 0
0 24
25 0
0 26
27 0
0 28
29 0
0 30
31 0
0 32
33 0
0 34
35 0
0 36
37 0
0 38
39 0
0 40
41 0
0 42
43 0
0 44
45 0
0 46
47 0
0 48
49 0
0 50
51 0
0 52
53 0
0 54
55 0
0 56
57 0
0 58
59 0
0 60
61 0
0 62
63 0
0 64
65 0
0 66
67 0
0 68
69 0
0 70
71 0
0 72
73 0
0 74
75 0
0 76
77 0
0 78
79 0
0 80
81 0
0 82
83 0
0 84
85 0
0 86
87 0
0 88
89 0
0 90
91 0
0 92
93 0
0 94
95 0
0 96
97 0
0 98
99 0
0 100
101 0
0 102
103 0
0 104
105 0
0 106
107 0
0 108
109 0
0 110
111 0
0 112
113 0
0 114
115 0
0 116
117 0
0 118
119 0
0 120
121 0
0 122
123 0
0 124
125 0
0 126
127 0
0 128
129 0
0 130
131 0
0 132
133 0
0 134
135 0
0 136
137 0
0 138
139 0
0 140
141 0
0 142
143 0
0 144
145 0
0 146
147 0
0 148
149 0
0 150
151 0
0 152
153 0
0 154
155 0
0 156
157 0
0 158
159 0
0 160
161 0
0 162
163 0
0 164
165 0
0 166
167 0
0 168
169 0
0 170
171 0
0 172
173 0
0 174
175 0
0 176
177 0
0 178
179 0
0 180
181 0
0 182
183 0
0 184
185 0
0 186
187 0
0 188
189 0
0 190
191 0
0 192
193 0
0 194
195 0
0 196
197 0
0 198
199 0
0 200
201 0
0 202
203 0
0 204
205 0
0 206
207 0
0 208
209 0
0 210
211 0
0 212
213 0
0 214
215 0
0 216
217 0
0 218
219 0
0 220
221 0
0 222
223 0
0 224
225 0
0 226
227 0
0 228
229 0
0 230
231 0
0 232
233 0
0 234
235 0
0 236
237 0
0 238
239 0
0 240
241 0
0 242
243 0
0 244
245 0
0 246
247 0
0 248
249 0
0 250
251 0
0 252
253 0
0 254
255 0
0 256
257 0
0 258
259 0
0 260
261 0
0 262
263 0
0 264
265 0
0 266
267 0
0 268
269 0
0 270
271 0
0 272
273 0
0 274
275 0
0 276
277 0
0 278
279 0
0 280
281 0
0 282
283 0
0 284
285 0
0 286
287 0
0 288
289 0
0 290
291 0
0 292
293 0
0 294
295 0
0 296
297 0
0 298
299 0
0 300
301 0
0 302
303 0
0 304
305 0
0 306
307 0
0 308
309 0
0 310
311 0
0 312
313 0
0 314
315 0
0 316
317 0
0 318
319 0
0 320
321 0
0 322
323 0
0 324
325 0
0 326
327 0
0 328
329 0
0 330
331 0
0 332
333 0
0 334
335 0
0 336
337 0
0 338
339 0
0 340
341 0
0 342
343 0
0 344
345 0
0 346
347 0
0 348
349 0
0 350
351 0
0 352
353 0
0 354
355 0
0 356
357 0
0 358
359 0
0 360
361 0
0 362
363 0
0 364
365 0
0 366
367 0
0 368
369 0
0 370
371 0
0 372
373 0
0 374
375 0
0 376
377 0
0 378
379 0
0 380
381 0
0 382
383 0
0 384
385 0
0 386
387 0
0 388
389 0
0 390
391 0
0 392
393 0
0 394
395 0
0 396
397 0
0 398
399 0
0 400
401 0
0 402
403 0
0 404
405 0
0 406
407 0
0 408
409 0
0 410
411 0
0 412
413 0
0 414
415 0
0 416
417 0
0 418
419 0
0 420
421 0
0 422
423 0
0 424
425 0
0 426
427 0
0 428
429 0
0 430
431 0
0 432
433 0
0 434
435 0
0 436
437 0
0 438
439 0
0 440
441 0
0 442
443 0
0 444
445 0
0 446
447 0
0 448
449 0
0 450
451 0
0 452
453 0
0 454
455 0
0 456
457 0
0 458
459 0
0 460
461 0
0 462
463 0
0 464
465 0
0 466
467 0
0 468
469 0
0 470
471 0
0 472
473 0
0 474
475 0
0 476
477 0
0 478
479 0
0 480
481 0
0 482
483 0
0 484
485 0
0 486
487 0
0 488
489 0
0 490
491 0
0 492
493 0
0 494
495 0
0 496
497 0
0 498
499 0
0 500
501 0
0 502
503 0
0 504
505 0
0 506
507 0
0 508
509 0
0 510
511 0
0 512
513 0
0 514
515 0
0 516
517 0
0 518
519 0
0 520
521 0
0 522
523 0
0 524
525 0
0 526
527 0
0 528
529 0
0 530
531 0
0 532
533 0
0 534
535 0
0 536
537 0
0 538
539 0
0 540
541 0
0 542
543 0
0 544
545 0
0 546
547 0
0 548
549 0
0 550
551 0
0 552
553 0
0 554
555 0
0 556
557 0
0 558
559 0
0 560
561 0
0 562
563 0
0 564
565 0
0 566
567 0
0 568
569 0
0 570
571 0
0 572
573 0
0 574
575 0
0 576
577 0
0 578
579 0
0 580
581 0
0 582
583 0
0 584
585 0
0 586
587 0
0 588
589 0
0 590
591 0
0 592
593 0
0 594
595 0
0 596
597 0
0 598
599 0
0 600
601 0
0 602
603 0
0 604
605 0
0 606
607 0
0 608
609 0
0 610
611 0
0 612
613 0
0 614
615 0
0 616
617 0
0 618
619 0
0 620
621 0
0 622
623 0
0 624
625 0
0 626
627 0
0 628
629 0
0 630
631 0
0 632
633 0
0 634
635 0
0 636
637 0
0 638
639 0
0 640
641 0
0 642
643 0
0 644
645 0
0 646
647 0
0 648
649 0
0 650
651 0
0 652
653 0
0 654
655 0
0 656
657 0
0 658
659 0
0 660
661 0
0 662
663 0
0 664
665 0
0 666
667 0
0 668
669 0
0 670
671 0
0 672
673 0
0 674
675 0
0 676
677 0
0 678
679 0
0 680
681 0
0 682
683 0
0 684
685 0
0 686
687 0
0 688
689 0
0 690
691 0
0 692
693 0
0 694
695 0
0 696
697 0
0 698
699 0
0 700
701 0
0 702
703 0
0 704
705 0
0 706
707 0
0 708
709 0
0 710
711 0
0 712
713 0
0 714
715 0
0 716
717 0
0 718
719 0
0 720
721 0
0 722
723 0
0 724
725 0
0 726
727 0
0 728
729 0
0 730
731 0
0 732
733 0
0 734
735 0
0 736
737 0
0 738
739 0
0 740
741 0
0 742
743 0
0 744
745 0
0 746
747 0
0 748
749 0
0 750
751 0
0 752
753 0
0 754
755 0
0 756
757 0
0 758
759 0
0 760
761 0
0 762
763 0
0 764
765 0
0 766
767 0
0 768
769 0
0 770
771 0
0 772
773 0
0 774
775 0
0 776
777 0
0 778
779 0
0 780
781 0
0 782
783 0
0 784
785 0
0 786
787 0
0 788
789 0
0 790
791 0
0 792
793 0
0 794
795 0
0 796
797 0
0 798
799 0
0 800
801 0
0 802
803 0
0 804
805 0
0 806
807 0
0 808
809 0
0 810
811 0
0 812
813 0
0 814
815 0
0 816
817 0
0 818
819 0
0 820
821 0
0 822
823 0
0 824
825 0
0 826
827 0
0 828
829 0
0 830
831 0
0 832
833 0
0 834
835 0
0 836
837 0
0 838
839 0
0 840
841 0
0 842
843 0
0 844
845 0
0 846
847 0
0 848
849 0
0 850
851 0
0 852
853 0
0 854
855 0
0 856
857 0
0 858
859 0
0 860
861 0
0 862
863 0
0 864
865 0
0 866
867 0
0 868
869 0
0 870
871 0
0 872
873 0
0 874
875 0
0 876
877 0
0 878
879 0
0 880
881 0
0 882
883 0
0 884
885 0
0 886
887 0
0 888
889 0
0 890
891 0
0 892
893 0
0 894
895 0
0 896
897 0
0 898
899 0
0 900
901 0
0 902
903 0
0 904
905 0
0 906
907 0
0 908
909 0
0 910
911 0
0 912
913 0
0 914
915 0
0 916
917 0
0 918
919 0
0 920
921 0
0 922
923 0
0 924
925 0
0 926
927 0
0 928
929 0
0 930
931 0
0 932
933 0
0 934
935 0
0 936
937 0
0 938
939 0
0 940
941 0
0 942
943 0
0 944
945 0
0 946
947 0
0 948
949 0
0 950
951 0
0 952
953 0
0 954
955 0
0 956
957 0
0 958
959 0
0 960
961 0
0 962
963 0
0 964
965 0
0 966
967 0
0 968
969 0
0 970
971 0
0 972
973 0
0 974
975 0
0 976
977 0
0 978
979 0
0 980
981 0
0 982
983 0
0 984
985 0
0 986
987 0
0 988
989 0
0 990
991 0
0 992
993 0
0 994
995 0
0 996
997 0
0 998
999 0
0 1000
1001 0
0 1002
1003 0
0 1004
1005 0
0 1006
1007 0
0 1008
1009 0
0 1010
1011 0
0 1012
1013 0
0 1014
1015 0
0 1016
1017 0
0 1018
1019 0
0 1020
1021 0
0 1022
1023 0
0 1024
1025 0
0 1026
1027 0
0 1028
1029 0
0 1030
1031 0
0 1032
1033 0
0 1034
1035 0
0 1036
1037 0
0 1038
1039 0
0 1040
1041 0
0 1042
1043 0
0 1044
1045 0
0 1046
1047 0
0 1048
1049 0
0 1050
1051 0
0 1052
1053 0
0 1054
1055 0
0 1056
1057 0
0 1058
1059 0
0 1060
1061 0
0 1062
1063 0
0 1064
1065 0
0 1066
1067 0
0 1068
1069 0
0 1070
1071 0
0 1072
1073 0
0 1074
1075 0
0 1076
1077 0
0 1078
1079 0
0 1080
1081 0
0 1082
1083 0
0 1084
1085 0
0 1086
1087 0
0 1088
1089 0
0 1090
1091 0
0 1092
1093 0
0 1094
1095 0
0 1096
1097 0
0 1098
1099 0
0 1100
1101 0
0 1102
1103 0
0 1104
1105 0
0 1106
1107 0
0 1108
1109 0
0 1110
1111 0
0 1112
1113 0
0 1114
1115 0
0 1116
1117 0
0 1118
1119 0
0 1120
1121 0
0 1122
1123 0
0 1124
1125 0
0 1126
1127 0
0 1128
1129 0
0 1130
1131 0
0 1132
1133 0
0 1134
1135 0
0 1136
1137 0
0 1138
1139 0
0 1140
1141 0
0 1142
1143 0
0 1144
1145 0
0 1146
1147 0
0 1148
1149 0
0 1150
1151 0
0 1152
1153 0
0 1154
1155 0
0 1156
1157 0
0 1158
1159 0
0 1160
1161 0
0 1162
1163 0
0 1164
1165 0
0 1166
1167 0
0 1168
1169 0
0 1170
1171 0
0 1172
1173 0
0 1174
1175 0
0 1176
1177 0
0 1178
1179 0
0 1180
1181 0
0 1182
1183 0
0 1184
1185 0
0 1186
1187 0
0 1188
1189 0
0 1190
1191 0
0 1192
1193 0
0 1194
1195 0
0 1196
1197 0
0 1198
1199 0
0 1200
1201 0
0 1202
1203 0
0 1204
1205 0
0 1206
1207 0
0 1208
1209 0
0 1210
1211 0
0 1212
1213 0
0 1214
1215 0
0 1216
1217 0
0 1218
1219 0
0 1220
1221 0
0 1222
1223 0
0 1224
1225 0
0 1226
1227 0
0 1228
1229 0
0 1230
1231 0
0 1232
1233 0
0 1234
1235 0
0 1236
1237 0
0 1238
1239 0
0 1240
1241 0
0 1242
1243 0
0 1244
1245 0
0 1246
1247 0
0 1248
1249 0
0 1250
1251 0
0 1252
1253 0
0 1254
1255 0
0 1256
1257 0
0 1258
1259 0
0 1260
1261 0
0 1262
1263 0
0 1264
1265 0
0 1266
1267 0
0 1268
1269 0
0 1270
1271 0
0 1272
1273 0
0 1274
1275 0
0 1276
1277 0
0 1278
1279 0
0 1280
1281 0
0 1282
1283 0
0 1284
1285 0
0 1286
1287 0
0 1288
1289 0
0 1290
1291 0
0 1292
1293 0
0 1294
1295 0
0 1296
1297 0
0 1298
1299 0
0 1300
1301 0
0 1302
1303 0
0 1304
1305 0
0 1306
1307 0
0 1308
1309 0
0 1310
1311 0
0 1312
1313 0
0 1314
1315 0
0 1316
1317 0
0 1318
1319 0
0 1320
1321 0
0 1322
1323 0
0 1324
1325 0
0 1326
1327 0
0 1328
1329 0
0 1330
1331 0
0 1332
1333 0
0 1334
1335 0
0 1336
1337 0
0 1338
1339 0
0 1340
1341 0
0 1342
1343 0
0 1344
1345 0
0 1346
1347 0
0 1348
1349 0
0 1350
1351 0
0 1352
1353 0
0 1354
1355 0
0 1356
1357 0
0 1358
1359 0
0 1360
1361 0
0 1362
1363 0
0 1364
1365 0
0 1366
1367 0
0 1368
1369 0
0 1370
1371 0
0 1372
1373 0
0 1374
1375 0
0 1376
1377 0
0 1378
1379 0
0 1380
1381 0
0 1382
1383 0
0 1384
1385 0
0 1386
1387 0
0 1388
1389 0
0 1390
1391 0
0 1392
1393 0
0 1394
1395 0
0 1396
1397 0
0 1398
1399 0
0 1400
1401 0
0 1402
1403 0
0 1404
1405 0
0 1406
1407 0
0 1408
1409 0
0 1410
1411 0
0 1412
1413 0
0 1414
1415 0
0 1416
1417 0
0 1418
1419 0
0 1420
1421 0
0 1422
1423 0
0 1424
1425 0
0 1426
1427 0
0 1428
1429 0
0 1430
1431 0
0 1432
1433 0
0 1434
1435 0
0 1436
1437 0
0 1438
1439 0
0 1440
1441 0
0 1442
1443 0
0 1444
1445 0
0 1446
1447 0
0 1448
1449 0
0 1450
1451 0
0 1452
1453 0
0 1454
1455 0
0 1456
1457 0
0 1458
1459 0
0 1460
1461 0
0 1462
1463 0
0 1464
1465 0
0 1466
1467 0
0 1468
1469 0
0 1470
1471 0
0 1472
1473 0
0 1474
1475 0
0 1476
1477 0
0 1478
1479 0
0 1480
1481 0
0 1482
1483 0
0 1484
1485 0
0 1486
1487 0
0 1488
1489 0
0 1490
1491 0
0 1492
1493 0
0 1494
1495 0
0 1496
1497 0
0 1498
1499 0
0 1500
1501 0
0 1502
1503 0
0 1504
1505 0
0 1506
1507 0
0 1508
1509 0
0 1510
1511 0
0 1512
1513 0
0 1514
1515 0
0 1516
1517 0
0 1518
1519 0
0 1520
1521 0
0 1522
1523 0
0 1524
1525 0
0 1526
1527 0
0 1528
1529 0
0 1530
1531 0
0 1532
1533 0
0 1534
1535 0
0 1536
1537 0
0 1538
1539 0
0 1540
1541 0
0 1542
1543 0
0 1544
1545 0
0 1546
1547 0
0 1548
1549 0
0 1550
1551 0
0 1552
1553 0
0 1554
1555 0
0 1556
1557 0
0 1558
1559 0
0 1560
1561 0
0 1562
1563 0
0 1564
1565 0
0 1566
1567 0
0 1568
1569 0
0 1570
1571 0
0 1572
1573 0
0 1574
1575 0
0 1576
1577 0
0 1578
1579 0
0 1580
1581 0
0 1582
1583 0
0 1584
1585 0
0 1586
1587 0
0 1588
1589 0
0 1590
1591 0
0 1592
1593 0
0 1594
1595 0
0 1596
1597 0
0 1598
1599 0
0 1600
1601 0
0 1602
1603 0
0 1604
1605 0
0 1606
1607 0
0 1608
1609 0
0 1610
1611 0
0 1612
1613 0
0 1614
1615 0
0 1616
1617 0
0 1618
1619 0
0 1620
1621 0
0 1622
1623 0
0 1624
1625 0
0 1626
1627 0
0 1628
1629 0
0 1630
1631 0
0 1632
1633 0
0 1634
1635 0
0 1636
1637 0
0 1638
1639 0
0 1640
1641 0
0 1642
1643 0
0 1644
1645 0
0 1646
1647 0
0 1648
1649 0
0 1650
1651 0
0 1652
1653 0
0 1654
1655 0
0 1656
1657 0
0 1658
1659 0
0 1660
1661 0
0 1662
1663 0
0 1664
1665 0
0 1666
1667 0
0 1668
1669 0
0 1670
1671 0
0 1672
1673 0
0 1674
1675 0
0 1676
1677 0
0 1678
1679 0
0 1680
1681 0
0 1682
1683 0
0 1684
1685 0
0 1686
1687 0
0 1688
1689 0
0 1690
1691 0
0 1692
1693 0
0 1694
1695 0
0 1696
1697 0
0 1698
1699 0
0 1700
1701 0
0 1702
1703 0
0 1704
1705 0
0 1706
1707 0
0 1708
1709 0
0 1710
1711 0
0 1712
1713 0
0 1714
1715 0
0 1716
1717 0
0 1718
1719 0
0 1720
1721 0
0 1722
1723 0
0 1724
1725 0
0 1726
1727 0
0 1728
1729 0
0 1730
1731 0
0 1732
1733 0
0 1734
1735 0
0 1736
1737 0
0 1738
1739 0
0 1740
1741 0
0 1742
1743 0
0 1744
1745 0
0 1746
1747 0
0 1748
1749 0
0 1750
1751 0
0 1752
1753 0
0 1754
1755 0
0 1756
1757 0
0 1758
1759 0
0 1760
1761 0
0 1762
1763 0
0 1764
1765 0
0 1766
1767 0
0 1768
1769 0
0 1770
1771 0
0 1772
1773 0
0 1774
1775 0
0 1776
1777 0
0 1778
1779 0
0 1780
1781 0
0 1782
1783 0
0 1784
1785 0
0 1786
1787 0
0 1788
1789 0
0 1790
1791 0
0 1792
1793 0
0 1794
1795 0
0 1796
1797 0
0 1798
1799 0
0 1800
1801 0
0 1802
1803 0
0 1804
1805 0
0 1806
1807 0
0 1808
1809 0
0 1810
1811 0
0 1812
1813 0
0 1814
1815 0
0 1816
1817 0
0 1818
1819 0
0 1820
1821 0
0 1822
1823 0
0 1824
1825 0
0 1826
1827 0
0 1828
1829 0
0 1830
1831 0
0 1832
1833 0
0 1834
1835 0
0 1836
1837 0
0 1838
1839 0
0 1840
1841 0
0 1842
1843 0
0 1844
1845 0
0 1846
1847 0
0 1848
1849 0
0 1850
1851 0
0 1852
1853 0
0 1854
1855 0
0 1856
1857 0
0 1858
1859 0
0 1860
1861 0
0 1862
1863 0
0 1864
1865 0
0 1866
1867 0
0 1868
1869 0
0 1870
1871 0
0 1872
1873 0
0 1874
1875 0
0 1876
1877 0
0 1878
1879 0
0 1880
1881 0
0 1882
1883 0
0 1884
1885 0
0 1886
1887 0
0 1888
1889 0
0 1890
1891 0
0 1892
1893 0
0 1894
1895 0
0 1896
1897 0
0 1898
1899 0
0 1900
1901 0
0 1902
1903 0
0 1904
1905 0
0 1906
1907 0
0 1908
1909 0
0 1910
1911 0
0 1912
1913 0
0 1914
1915 0
0 1916
1917 0
0 1918
1919 0
0 1920
1921 0
0 1922
1923 0
0 1924
1925 0
0 1926
1927 0
0 1928
1929 0
0 1930
1931 0
0 1932
1933 0
0 1934
1935 0
0 1936
1937 0
0 1938
1939 0
0 1940
1941 0
0 1942
1943 0
0 1944
1945 0
0 1946
1947 0
0 1948
1949 0
0 1950
1951 0
0 1952
1953 0
0 1954
1955 0
0 1956
1957 0
0 1958
1959 0
0 1960
1961 0
0 1962
1963 0
0 1964
1965 0
0 1966
1967 0
0 1968
1969 0
0 1970
1971 0
0 1972
1973 0
0 1974
1975 0
0 1976
1977 0
0 1978
1979 0
0 1980
1981 0
0 1982
1983 0
0 1984
1985 0
0 1986
1987 0
0 1988
1989 0
0 1990
1991 0
0 1992
1993 0
0 1994
1995 0
0 1996
1997 0
0 1998
1999 0
0 2000
1 0
0 2
3 0
0 4
5 0
0 6
7 0
0 8
9 0
0 10
11 0
0 12
13 0
0 14
15 0
0 16
17 0
0 18
19 0
0 20
21 0
0 22
23 0
0 24
25 0
0 26
27 0
0 28
29 0
0 30
31 0
0 32
33 0
0 34
35 0
0 36
37 0
0 38
39 0
0 40
41 0
0 42
43 0
0 44
45 0
0 46
47 0
0 48
49 0
0 50
51 0
0 52
53 0
0 54
55 0
0 56
57 0
0 58
59 0
0 60
61 0
0 62
63 0
0 64
65 0
0 66
67 0
0 68
69 0
0 70
71 0
0 72
73 0
0 74
75 0
0 76
77 0
0 78
79 0
0 80
81 0
0 82
83 0
0 84
85 0
0 86
87 0
0 88
89 0
0 90
91 0
0 92
93 0
0 94
95 0
0 96
97 0
0 98
99 0
0 100
101 0
0 102
103 0
0 104
105 0
0 106
107 0
0 108
109 0
0 110
111 0
0 112
113 0
0 114
115 0
0 116
117 0
0 118
119 0
0 120
121 0
0 122
123 0
0 124
125 0
0 126
127 0
0 128
129 0
0 130
131 0
0 132
133 0
0 134
135 0
0 136
137 0
0 138
139 0
0 140
141 0
0 142
143 0
0 144
145 0
0 146
147 0
0 148
149 0
0 150
151 0
0 152
153 0
0 154
155 0
0 156
157 0
0 158
159 0
0 160
161 0
0 162
163 0
0 164
165 0
0 166
167 0
0 168
169 0
0 170
171 0
0 172
173 0
0 174
175 0
0 176
177 0
0 178
179 0
0 180
181 0
0 182
183 0
0 184
185 0
0 186
187 0
0 188
189 0
0 190
191 0
0 192
193 0
0 194
195 0
0 196
197 0
0 198
199 0
0 200
201 0
0 202
203 0
0 204
205 0
0 206
207 0
0 208
209 0
0 210
211 0
0 212
213 0
0 214
215 0
0 216
217 0
0 218
219 0
0 220
221 0
0 222
223 0
0 224
225 0
0 226
227 0
0 228
229 0
0 230
231 0
0 232
233 0
0 234
235 0
0 236
237 0
0 238
239 0
0 240
241 0
0 242
243 0
0 244
245 0
0 246
247 0
0 248
249 0
0 250
251 0
0 252
253 0
0 254
255 0
0 256
257 0
0 258
259 0
0 260
261 0
0 262
263 0
0 264
265 0
0 266
267 0
0 268
269 0
0 270
271 0
0 272
273 0
0 274
275 0
0 276
277 0
0 278
279 0
0 280
281 0
0 282
283 0
0 284
285 0
0 286
287 0
0 288
289 0
0 290
291 0
0 292
293 0
0 294
295 0
0 296
297 0
0 298
299 0
0 300
301 0
0 302
303 0
0 304
305 0
0 306
307 0
0 308
309 0
0 310
311 0
0 312
313 0
0 314
315 0
0 316
317 0
0 318
319 0
0 320
321 0
0 322
323 0
0 324
325 0
0 326
327 0
0 328
329 0
0 330
331 0
0 332
333 0
0 334
335 0
0 336
337 0
0 338
339 0
0 340
341 0
0 342
343 0
0 344
345 0
0 346
347 0
0 348
349 0
0 350
351 0
0 352
353 0
0 354
355 0
0 356
357 0
0 358
359 0
0 360
361 0
0 362
363 0
0 364
365 0
0 366
367 0
0 368
369 0
0 370
371 0
0 372
373 0
0 374
375 0
0 376
377 0
0 378
379 0
0 380
381 0
0 382
383 0
0 384
385 0
0 386
387 0
0 388
389 0
0 390
391 0
0 392
393 0
0 394
395 0
0 396
397 0
0 398
399 0
0 400
401 0
0 402
403 0
0 404
405 0
0 406
407 0
0 408
409 0
0 410
411 0
0 412
413 0
0 414
415 0
0 416
417 0
0 418
419 0
0 420
421 0
0 422
423 0
0 424
425 0
0 426
427 0
0 428
429 0
0 430
431 0
0 432
433 0
0 434
435 0
0 436
437 0
0 438
439 0
0 440
441 0
0 442
443 0
0 444
445 0
0 446
447 0
0 448
449 0
0 450
451 0
0 452
453 0
0 454
455 0
0 456
457 0
0 458
459 0
0 460
461 0
0 462
463 0
0 464
465 0
0 466
467 0
0 468
469 0
0 470
471 0
0 472
473 0
0 474
475 0
0 476
477 0
0 478
479 0
0 480
481 0
0 482
483 0
0 484
485 0
0 486
487 0
0 488
489 0
0 490
491 0
0 492
493 0
0 494
495 0
0 496
497 0
0 498
499 0
0 500
501 0
0 502
503 0
0 504
505 0
0 506
507 0
0 508
509 0
0 510
511 0
0 512
513 0
0 514
515 0
0 516
517 0
0 518
519 0
0 520
521 0
0 522
523 0
0 524
525 0
0 526
527 0
0 528
529 0
0 530
531 0
0 532
533 0
0 534
535 0
0 536
537 0
0 538
539 0
0 540
541 0
0 542
543 0
0 544
545 0
0 546
547 0
0 548
549 0
0 550
551 0
0 552
553 0
0 554
555 0
0 556
557 0
0 558
559 0
0 560
561 0
0 562
563 0
0 564
565 0
0 566
567 0
0 568
569 0
0 570
571 0
0 572
573 0
0 574
575 0
0 576
577 0
0 578
579 0
0 580
581 0
0 582
583 0
0 584
585 0
0 586
587 0
0 588
589 0
0 590
591 0
0 592
593 0
0 594
595 0
0 596
597 0
0 598
599 0
0 600
601 0
0 602
603 0
0 604
605 0
0 606
607 0
0 608
609 0
0 610
611 0
0 612
613 0
0 614
615 0
0 616
617 0
0 618
619 0
0 620
621 0
0 622
623 0
0 624
625 0
0 626
627 0
0 628
629 0
0 630
631 0
0 632
633 0
0 634
635 0
0 636
637 0
0 638
639 0
0 640
641 0
0 642
643 0
0 644
645 0
0 646
647 0
0 648
649 0
0 650
651 0
0 652
653 0
0 654
655 0
0 656
657 0
0 658
659 0
0 660
661 0
0 662
663 0
0 664
665 0
0 666
667 0
0 668
669 0
0 670
671 0
0 672
673 0
0 674
675 0
0 676
677 0
0 678
679 0
0 680
681 0
0 682
683 0
0 684
685 0
0 686
687 0
0 688
689 0
0 690
691 0
0 692
693 0
0 694
695 0
0 696
697 0
0 698
699 0
0 700
701 0
0 702
703 0
0 704
705 0
0 706
707 0
0 708
709 0
0 710
711 0
0 712
713 0
0 714
715 0
0 716
717 0
0 718
719 0
0 720
721 0
0 722
723 0
0 724
725 0
0 726
727 0
0 728
729 0
0 730
731 0
0 732
733 0
0 734
735 0
0 736
737 0
0 738
739 0
0 740
741 0
0 742
743 0
0 744
745 0
0 746
747 0
0 748
749 0
0 750
751 0
0 752
753 0
0 754
755 0
0 756
757 0
0 758
759 0
0 760
761 0
0 762
763 0
0 764
765 0
0 766
767 0
0 768
769 0
0 770
771 0
0 772
773 0
0 774
775 0
0 776
777 0
0 778
779 0
0 780
781 0
0 782
783 0
0 784
785 0
0 786
787 0
0 788
789 0
0 790
791 0
0 792
793 0
0 794
795 0
0 796
797 0
0 798
799 0
0 800
801 0
0 802
803 0
0 804
805 0
0 806
807 0
0 808
809 0
0 810
811 0
0 812
813 0
0 814
815 0
0 816
817 0
0 818
819 0
0 820
821 0
0 822
823 0
0 824
825 0
0 826
827 0
0 828
829 0
0 830
831 0
0 832
833 0
0 834
835 0
0 836
837 0
0 838
839 0
0 840
841 0
0 842
843 0
0 844
845 0
0 846
847 0
0 848
849 0
0 850
851 0
0 852
853 0
0 854
855 0
0 856
857 0
0 858
859 0
0 860
861 0
0 862
863 0
0 864
865 0
0 866
867 0
0 868
869 0
0 870
871 0
0 872
873 0
0 874
875 0
0 876
877 0
0 878
879 0
0 880
881 0
0 882
883 0
0 884
885 0
0 886
887 0
0 888
889 0
0 890
891 0
0 892
893 0
0 894
895 0
0 896
897 0
0 898
899 0
0 900
901 0
0 902
903 0
0 904
905 0
0 906
907 0
0 908
909 0
0 910
911 0
0 912
913 0
0 914
915 0
0 916
917 0
0 918
919 0
0 920
921 0
0 922
923 0
0 924
925 0
0 926
927 0
0 928
929 0
0 930
931 0
0 932
933 0
0 934
935 0
0 936
937 0
0 938
939 0
0 940
941 0
0 942
943 0
0 944
945 0
0 946
947 0
0 948
949 0
0 950
951 0
0 952
953 0
0 954
955 0
0 956
957 0
0 958
959 0
0 960
961 0
0 962
963 0
0 964
965 0
0 966
967 0
0 968
969 0
0 970
971 0
0 972
973 0
0 974
975 0
0 976
977 0
0 978
979 0
0 980
981 0
0 982
983 0
0 984
985 0
0 986
987 0
0 988
989 0
0 990
991 0
0 992
993 0
0 994
995 0
0 996
997 0
0 998
999 0
0 1000
1001 0
0 1002
1003 0
0 1004
1005 0
0 1006
1007 0
0 1008
1009 0
0 1010
1011 0
0 1012
1013 0
0 1014
1015 0
0 1016
1017 0
0 1018
1019 0
0 1020
1021 0
0 1022
1023 0
0 1024
1025 0
0 1026
1027 0
0 1028
1029 0
0 1030
1031 0
0 1032
1033 0
0 1034
1035 0
0 1036
1037 0
0 1038
1039 0
0 1040
1041 0
0 1042
1043 0
0 1044
1045 0
0 1046
1047 0
0 1048
1049 0
0 1050
1051 0
0 1052
1053 0
0 1054
1055 0
0 1056
1057 0
0 1058
1059 0
0 1060
1061 0
0 1062
1063 0
0 1064
1065 0
0 1066
1067 0
0 1068
1069 0
0 1070
1071 0
0 1072
1073 0
0 1074
1075 0
0 1076
1077 0
0 1078
1079 0
0 1080
1081 0
0 1082
1083 0
0 1084
1085 0
0 1086
1087 0
0 1088
1089 0
0 1090
1091 0
0 1092
1093 0
0 1094
1095 0
0 1096
1097 0
0 1098
1099 0
0 1100
1101 0
0 1102
1103 0
0 1104
1105 0
0 1106
1107 0
0 1108
1109 0
0 1110
1111 0
0 1112
1113 0
0 1114
1115 0
0 1116
1117 0
0 1118
1119 0
0 1120
1121 0
0 1122
1123 0
0 1124
1125 0
0 1126
1127 0
0 1128
1129 0
0 1130
1131 0
0 1132
1133 0
0 1134
1135 0
0 1136
1137 0
0 1138
1139 0
0 1140
1141 0
0 1142
1143 0
0 1144
1145 0
0 1146
1147 0
0 1148
1149 0
0 1150
1151 0
0 1152
1153 0
0 1154
1155 0
0 1156
1157 0
0 1158
1159 0
0 1160
1161 0
0 1162
1163 0
0 1164
1165 0
0 1166
1167 0
0 1168
1169 0
0 1170
1171 0
0 1172
1173 0
0 1174
1175 0
0 1176
1177 0
0 1178
1179 0
0 1180
1181 0
0 1182
1183 0
0 1184
1185 0
0 1186
1187 0
0 1188
1189 0
0 1190
1191 0
0 1192
1193 0
0 1194
1195 0
0 1196
1197 0
0 1198
1199 0
0 1200
1201 0
0 1202
1203 0
0 1204
1205 0
0 1206
1207 0
0 1208
1209 0
0 1210
1211 0
0 1212
1213 0
0 1214
1215 0
0 1216
1217 0
0 1218
1219 0
0 1220
1221 0
0 1222
1223 0
0 1224
1225 0
0 1226
1227 0
0 1228
1229 0
0 1230
1231 0
0 1232
1233 0
0 1234
1235 0
0 1236
1237 0
0 1238
1239 0
0 1240
1241 0
0 1242
1243 0
0 1244
1245 0
0 1246
1247 0
0 1248
1249 0
0 1250
1251 0
0 1252
1253 0
0 1254
1255 0
0 1256
1257 0
0 1258
1259 0
0 1260
1261 0
0 1262
1263 0
0 1264
1265 0
0 1266
1267 0
0 1268
1269 0
0 1270
1271 0
0 1272
1273 0
0 1274
1275 0
0 1276
1277 0
0 1278
1279 0
0 1280
1281 0
0 1282
1283 0
0 1284
1285 0
0 1286
1287 0
0 1288
1289 0
0 1290
1291 0
0 1292
1293 0
0 1294
1295 0
0 1296
1297 0
0 1298
1299 0
0 1300
1301 0
0 1302
1303 0
0 1304
1305 0
0 1306
1307 0
0 1308
1309 0
0 1310
1311 0
0 1312
1313 0
0 1314
1315 0
0 1316
1317 0
0 1318
1319 0
0 1320
1321 0
0 1322
1323 0
0 1324
1325 0
0 1326
1327 0
0 1328
1329 0
0 1330
1331 0
0 1332
1333 0
0 1334
1335 0
0 1336
1337 0
0 1338
1339 0
0 1340
1341 0
0 1342
1343 0
0 1344
1345 0
0 1346
1347 0
0 1348
1349 0
0 1350
1351 0
0 1352
1353 0
0 1354
1355 0
0 1356
1357 0
0 1358
1359 0
0 1360
1361 0
0 1362
1363 0
0 1364
1365 0
0 1366
1367 0
0 1368
1369 0
0 1370
1371 0
0 1372
1373 0
0 1374
1375 0
0 1376
1377 0
0 1378
1379 0
0 1380
1381 0
0 1382
1383 0
0 1384
1385 0
0 1386
1387 0
0 1388
1389 0
0 1390
1391 0
0 1392
1393 0
0 1394
1395 0
0 1396
1397 0
0 1398
1399 0
0 1400
1401 0
0 1402
1403 0
0 1404
1405 0
0 1406
1407 0
0 1408
1409 0
0 1410
1411 0
0 1412
1413 0
0 1414
1415 0
0 1416
1417 0
0 1418
1419 0
0 1420
1421 0
0 1422
1423 0
0 1424
1425 0
0 1426
1427 0
0 1428
1429 0
0 1430
1431 0
0 1432
1433 0
0 1434
1435 0
0 1436
1437 0
0 1438
1439 0
0 1440
1441 0
0 1442
1443 0
0 1444
1445 0
0 1446
1447 0
0 1448
1449 0
0 1450
1451 0
0 1452
1453 0
0 1454
1455 0
0 1456
1457 0
0 1458
1459 0
0 1460
1461 0
0 1462
1463 0
0 1464
1465 0
0 1466
1467 0
0 1468
1469 0
0 1470
1471 0
0 1472
1473 0
0 1474
1475 0
0 1476
1477 0
0 1478
1479 0
0 1480
1481 0
0 1482
1483 0
0 1484
1485 0
0 1486
1487 0
0 1488
1489 0
0 1490
1491 0
0 1492
1493 0
0 1494
1495 0
0 1496
1497 0
0 1498
1499 0
0 1500
1501 0
0 1502
1503 0
0 1504
1505 0
0 1506
1507 0
0 1508
1509 0
0 1510
1511 0
0 1512
1513 0
0 1514
1515 0
0 1516
1517 0
0 1518
1519 0
0 1520
1521 0
0 1522
1523 0
0 1524
1525 0
0 1526
1527 0
0 1528
1529 0
0 1530
1531 0
0 1532
1533 0
0 1534
1535 0
0 1536
1537 0
0 1538
1539 0
0 1540
1541 0
0 1542
1543 0
0 1544
1545 0
0 1546
1547 0
0 1548
1549 0
0 1550
1551 0
0 1552
1553 0
0 1554
1555 0
0 1556
1557 0
0 1558
1559 0
0 1560
1561 0
0 1562
1563 0
0 1564
1565 0
0 1566
1567 0
0 1568
1569 0
0 1570
1571 0
0 1572
1573 0
0 1574
1575 0
0 1576
1577 0
0 1578
1579 0
0 1580
1581 0
0 1582
1583 0
0 1584
1585 0
0 1586
1587 0
0 1588
1589 0
0 1590
1591 0
0 1592
1593 0
0 1594
1595 0
0 1596
1597 0
0 1598
1599 0
0 1600
1601 0
0 1602
1603 0
0 1604
1605 0
0 1606
1607 0
0 1608
1609 0
0 1610
1611 0
0 1612
1613 0
0 1614
1615 0
0 1616
1617 0
0 1618
1619 0
0 1620
1621 0
0 1622
1623 0
0 1624
1625 0
0 1626
1627 0
0 1628
1629 0
0 1630
1631 0
0 1632
1633 0
0 1634
1635 0
0 1636
1637 0
0 1638
1639 0
0 1640
1641 0
0 1642
1643 0
0 1644
1645 0
0 1646
1647 0
0 1648
1649 0
0 1650
1651 0
0 1652
1653 0
0 1654
1655 0
0 1656
1657 0
0 1658
1659 0
0 1660
1661 0
0 1662
1663 0
0 1664
1665 0
0 1666
1667 0
0 1668
1669 0
0 1670
1671 0
0 1672
1673 0
0 1674
1675 0
0 1676
1677 0
0 1678
1679 0
0 1680
1681 0
0 1682
1683 0
0 1684
1685 0
0 1686
1687 0
0 1688
1689 0
0 1690
1691 0
0 1692
1693 0
0 1694
1695 0
0 1696
1697 0
0 1698
1699 0
0 1700
1701 0
0 1702
1703 0
0 1704
1705 0
0 1706
1707 0
0 1708
1709 0
0 1710
1711 0
0 1712
1713 0
0 1714
1715 0
0 1716
1717 0
0 1718
1719 0
0 1720
1721 0
0 1722
1723 0
0 1724
1725 0
0 1726
1727 0
0 1728
1729 0
0 1730
1731 0
0 1732
1733 0
0 1734
1735 0
0 1736
1737 0
0 1738
1739 0
0 1740
1741 0
0 1742
1743 0
0 1744
1745 0
0 1746
1747 0
0 1748
1749 0
0 1750
1751 0
0 1752
1753 0
0 1754
1755 0
0 1756
1757 0
0 1758
1759 0
0 1760
1761 0
0 1762
1763 0
0 1764
1765 0
0 1766
1767 0
0 1768
1769 0
0 1770
1771 0
0 1772
1773 0
0 1774
1775 0
0 1776
1777 0
0 1778
1779 0
0 1780
1781 0
0 1782
1783 0
0 1784
1785 0
0 1786
1787 0
0 1788
1789 0
0 1790
1791 0
0 1792
1793 0
0 1794
1795 0
0 1796
1797 0
0 1798
1799 0
0 1800
1801 0
0 1802
1803 0
0 1804
1805 0
0 1806
1807 0
0 1808
1809 0
0 1810
1811 0
0 1812
1813 0
0 1814
1815 0
0 1816
1817 0
0 1818
1819 0
0 1820
1821 0
0 1822
1823 0
0 1824
1825 0
0 1826
1827 0
0 1828
1829 0
0 1830
1831 0
0 1832
1833 0
0 1834
1835 0
0 1836
1837 0
0 1838
1839 0
0 1840
1841 0
0 1842
1843 0
0 1844
1845 0
0 1846
1847 0
0 1848
1849 0
0 1850
1851 0
0 1852
1853 0
0 1854
1855 0
0 1856
1857 0
0 1858
1859 0
0 1860
1861 0
0 1862
1863 0
0 1864
1865 0
0 1866
1867 0
0 1868
1869 0
0 1870
1871 0
0 1872
1873 0
0 1874
1875 0
0 1876
1877 0
0 1878
1879 0
0 1880
1881 0
0 1882
1883 0
0 1884
1885 0
0 1886
1887 0
0 1888
1889 0
0 1890
1891 0
0 1892
1893 0
0 1894
1895 0
0 1896
1897 0
0 1898
1899 0
0 1900
1901 0
0 1902
1903 0
0 1904
1905 0
0 1906
1907 0
0 1908
1909 0
0 1910
1911 0
0 1912
1913 0
0 1914
1915 0
0 1916
1917 0
0 1918
1919 0
0 1920
1921 0
0 1922
1923 0
0 1924
1925 0
0 1926
1927 0
0 1928
1929 0
0 1930
1931 0
0 1932
1933 0
0 1934
1935 0
0 1936
1937 0
0 1938
1939 0
0 1940
1941 0
0 1942
1943 0
0 1944
1945 0
0 1946
1947 0
0 1948
1949 0
0 1950
1951 0
0 1952
1953 0
0 1954
1955 0
0 1956
1957 0
0 1958
1959 0
0 1960
1961 0
0 1962
1963 0
0 1964
1965 0
0 1966
1967 0
0 1968
1969 0
0 1970
1971 0
0 1972
1973 0
0 1974
1975 0
0 1976
1977 0
0 1978
1979 0
0 1980
1981 0
0 1982
1983 0
0 1984
1985 0
0 1986
1987 0
0 1988
1989 0
0 1990
1991 0
0 1992
1993 0
0 1994
1995 0
0 1996
1997 0
0 1998
1999 0
0 2000
1 0
0 2
3 0
0 4
5 0
0 6
7 0
0 8
9 0
0 10
11 0
0 12
13 0
0 14
15 0
0 16
17 0
0 18
19 0
0 20
21 0
0 22
23 0
0 24
25 0
0 26
27 0
0 28
29 0
0 30
31 0
0 32
33 0
0 34
35 0
0 36
37 0
0 38
39 0
0 40
41 0
0 42
43 0
0 44
45 0
0 46
47 0
0 48
49 0
0 50
51 0
0 52
53 0
0 54
55 0
0 56
57 0
0 58
59 0
0 60
61 0
0 62
63 0
0 64
65 0
0 66
67 0
0 68
69 0
0 70
71 0
0 72
73 0
0 74
75 0
0 76
77 0
0 78
79 0
0 80
81 0
0 82
83 0
0 84
85 0
0 86
87 0
0 88
89 0
0 90
91 0
0 92
93 0
0 94
95 0
0 96
97 0
0 98
99 0
0 100
101 0
0 102
103 0
0 104
105 0
0 106
107 0
0 108
109 0
0 110
111 0
0 112
113 0
0 114
115 0
0 116
117 0
0 118
119 0
0 120
121 0
0 122
123 0
0 124
125 0
0 126
127 0
0 128
129 0
0 130
131 0
0 132
133 0
0 134
135 0
0 136
137 0
0 138
139 0
0 140
141 0
0 142
143 0
0 144
145 0
0 146
147 0
0 148
149 0
0 150
151 0
0 152
153 0
0 154
155 0
0 156
157 0
0 158
159 0
0 160
161 0
0 162
163 0
0 164
165 0
0 166
167 0
0 168
169 0
0 170
171 0
0 172
173 0
0 174
175 0
0 176
177 0
0 178
179 0
0 180
181 0
0 182
183 0
0 184
185 0
0 186
187 0
0 188
189 0
0 190
191 0
0 192
193 0
0 194
195 0
0 196
197 0
0 198
199 0
0 200
201 0
0 202
203 0
0 204
205 0
0 206
207 0
0 208
209 0
0 210
211 0
0 212
213 0
0 214
215 0
0 216
217 0
0 218
219 0
0 220
221 0
0 222
223 0
0 224
225 0
0 226
227 0
0 228
229 0
0 230
231 0
0 232
233 0
0 234
235 0
0 236
237 0
0 238
239 0
0 240
241 0
0 242
243 0
0 244
245 0
0 246
247 0
0 248
249 0
0 250
251 0
0 252
253 0
0 254
255 0
0 256
257 0
0 258
259 0
0 260
261 0
0 262
263 0
0 264
265 0
0 266
267 0
0 268
269 0
0 270
271 0
0 272
273 0
0 274
275 0
0 276
277 0
0 278
279 0
0 280
281 0
0 282
283 0
0 284
285 0
0 286
287 0
0 288
289 0
0 290
291 0
0 292
293 0
0 294
295 0
0 296
297 0
0 298
299 0
0 300
301 0
0 302
303 0
0 304
305 0
0 306
307 0
0 308
309 0
0 310
311 0
0 312
313 0
0 314
315 0
0 316
317 0
0 318
319 0
0 320
321 0
0 322
323 0
0 324
325 0
0 326
327 0
0 328
329 0
0 330
331 0
0 332
333 0
0 334
335 0
0 336
337 0
0 338
339 0
0 340
341 0
0 342
343 0
0 344
345 0
0 346
347 0
0 348
349 0
0 350
351 0
0 352
353 0
0 354
355 0
0 356
357 0
0 358
359 0
0 360
361 0
0 362
363 0
0 364
365 0
0 366
367 0
0 368
369 0
0 370
371 0
0 372
373 0
0 374
375 0
0 376
377 0
0 378
379 0
0 380
381 0
0 382
383 0
0 384
385 0
0 386
387 0
0 388
389 0
0 390
391 0
0 392
393 0
0 394
395 0
0 396
397 0
0 398
399 0
0 400
401 0
0 402
403 0
0 404
405 0
0 406
407 0
0 408
409 0
0 410
411 0
0 412
413 0
0 414
415 0
0 416
417 0
0 418
419 0
0 420
421 0
0 422
423 0
0 424
425 0
0 426
427 0
0 428
429 0
0 430
431 0
0 432
433 0
0 434
435 0
0 436
437 0
0 438
439 0
0 440
441 0
0 442
443 0
0 444
445 0
0 446
447 0
0 448
449 0
0 450
451 0
0 452
453 0
0 454
455 0
0 456
457 0
0 458
459 0
0 460
461 0
0 462
463 0
0 464
465 0
0 466
467 0
0 468
469 0
0 470
471 0
0 472
473 0
0 474
475 0
0 476
477 0
0 478
479 0
0 480
481 0
0 482
483 0
0 484
485 0
0 486
487 0
0 488
489 0
0 490
491 0
0 492
493 0
0 494
495 0
0 496
497 0
0 498
499 0
0 500
501 0
0 502
503 0
0 504
505 0
0 506
507 0
0 508
509 0
0 510
511 0
0 512
513 0
0 514
515 0
0 516
517 0
0 518
519 0
0 520
521 0
0 522
523 0
0 524
525 0
0 526
527 0
0 528
529 0
0 530
531 0
0 532
533 0
0 534
535 0
0 536
537 0
0 538
539 0
0 540
541 0
0 542
543 0
0 544
545 0
0 546
547 0
0 548
549 0
0 550
551 0
0 552
553 0
0 554
555 0
0 556
557 0
0 558
559 0
0 560
561 0
0 562
563 0
0 564
565 0
0 566
567 0
0 568
569 0
0 570
571 0
0 572
573 0
0 574
575 0
0 576
577 0
0 578
579 0
0 580
581 0
0 582
583 0
0 584
585 0
0 586
587 0
0 588
589 0
0 590
591 0
0 592
593 0
0 594
595 0
0 596
597 0
0 598
599 0
0 600
601 0
0 602
603 0
0 604
605 0
0 606
607 0
0 608
609 0
0 610
611 0
0 612
613 0
0 614
615 0
0 616
617 0
0 618
619 0
0 620
621 0
0 622
623 0
0 624
625 0
0 626
627 0
0 628
629 0
0 630
631 0
0 632
633 0
0 634
635 0
0 636
637 0
0 638
639 0
0 640
641 0
0 642
643 0
0 644
645 0
0 646
647 0
0 648
649 0
0 650
651 0
0 652
653 0
0 654
655 0
0 656
657 0
0 658
659 0
0 660
661 0
0 662
663 0
0 664
665 0
0 666
667 0
0 668
669 0
0 670
671 0
0 672
673 0
0 674
675 0
0 676
677 0
0 678
679 0
0 680
681 0
0 682
683 0
0 684
685 0
0 686
687 0
0 688
689 0
0 690
691 0
0 692
693 0
0 694
695 0
0 696
697 0
0 698
699 0
0 700
701 0
0 702
703 0
0 704
705 0
0 706
707 0
0 708
709 0
0 710
711 0
0 712
713 0
0 714
715 0
0 716
717 0
0 718
719 0
0 720
721 0
0 722
723 0
0 724
725 0
0 726
727 0
0 728
729 0
0 730
731 0
0 732
733 0
0 734
735 0
0 736
737 0
0 738
739 0
0 740
741 0
0 742
743 0
0 744
745 0
0 746
747 0
0 748
749 0
0 750
751 0
0 752
753 0
0 754
755 0
0 756
757 0
0 758
759 0
0 760
761 0
0 762
763 0
0 764
765 0
0 766
767 0
0 768
769 0
0 770
771 0
0 772
773 0
0 774
775 0
0 776
777 0
0 778
779 0
0 780
781 0
0 782
783 0
0 784
785 0
0 786
787 0
0 788
789 0
0 790
791 0
0 792
793 0
0 794
795 0
0 796
797 0
0 798
799 0
0 800
801 0
0 802
803 0
0 804
805 0
0 806
807 0
0 808
809 0
0 810
811 0
0 812
813 0
0 814
815 0
0 816
817 0
0 818
819 0
0 820
821 0
0 822
823 0
0 824
825 0
0 826
827 0
0 828
829 0
0 830
831 0
0 832
833 0
0 834
835 0
0 836
837 0
0 838
839 0
0 840
841 0
0 842
843 0
0 844
845 0
0 846
847 0
0 848
849 0
0 850
851 0
0 852
853 0
0 854
855 0
0 856
857 0
0 858
859 0
0 860
861 0
0 862
863 0
0 864
865 0
0 866
867 0
0 868
869 0
0 870
871 0
0 872
873 0
0 874
875 0
0 876
877 0
0 878
879 0
0 880
881 0
0 882
883 0
0 884
885 0
0 886
887 0
0 888
889 0
0 890
891 0
0 892
893 0
0 894
895 0
0 896
897 0
0 898
899 0
0 900
901 0
0 902
903 0
0 904
905 0
0 906
907 0
0 908
909 0
0 910
911 0
0 912
913 0
0 914
915 0
0 916
917 0
0 918
919 0
0 920
921 0
0 922
923 0
0 924
925 0
0 926
927 0
0 928
929 0
0 930
931 0
0 932
933 0
0 934
935 0
0 936
937 0
0 938
939 0
0 940
941 0
0 942
943 0
0 944
945 0
0 946
947 0
0 948
949 0
0 950
951 0
0 952
953 0
0 954
955 0
0 956
957 0
0 958
959 0
0 960
961 0
0 962
963 0
0 964
965 0
0 966
967 0
0 968
969 0
0 970
971 0
0 972
973 0
0 974
975 0
0 976
977 0
0 978
979 0
0 980
981 0
0 982
983 0
0 984
985 0
0 986
987 0
0 988
989 0
0 990
991 0
0 992
993 0
0 994
995 0
0 996
997 0
0 998
999 0
0 1000
1001 0
0 1002
1003 0
0 1004
1005 0
0 1006
1007 0
0 1008
1009 0
0 1010
1011 0
0 1012
1013 0
0 1014
1015 0
0 1016
1017 0
0 1018
1019 0
0 1020
1021 0
0 1022
1023 0
0 1024
1025 0
0 1026
1027 0
0 1028
1029 0
0 1030
1031 0
0 1032
1033 0
0 1034
1035 0
0 1036
1037 0
0 1038
1039 0
0 1040
1041 0
0 1042
1043 0
0 1044
1045 0
0 1046
1047 0
0 1048
1049 0
0 1050
1051 0
0 1052
1053 0
0 1054
1055 0
0 1056
1057 0
0 1058
1059 0
0 1060
1061 0
0 1062
1063 0
0 1064
1065 0
0 1066
1067 0
0 1068
1069 0
0 1070
1071 0
0 1072
1073 0
0 1074
1075 0
0 1076
1077 0
0 1078
1079 0
0 1080
1081 0
0 1082
1083 0
0 1084
1085 0
0 1086
1087 0
0 1088
1089 0
0 1090
1091 0
0 1092
1093 0
0 1094
1095 0
0 1096
1097 0
0 1098
1099 0
0 1100
1101 0
0 1102
1103 0
0 1104
1105 0
0 1106
1107 0
0 1108
1109 0
0 1110
1111 0
0 1112
1113 0
0 1114
1115 0
0 1116
1117 0
0 1118
1119 0
0 1120
1121 0
0 1122
1123 0
0 1124
1125 0
0 1126
1127 0
0 1128
1129 0
0 1130
1131 0
0 1132
1133 0
0 1134
1135 0
0 1136
1137 0
0 1138
1139 0
0 1140
1141 0
0 1142
1143 0
0 1144
1145 0
0 1146
1147 0
0 1148
1149 0
0 1150
1151 0
0 1152
1153 0
0 1154
1155 0
0 1156
1157 0
0 1158
1159 0
0 1160
1161 0
0 1162
1163 0
0 1164
1165 0
0 1166
1167 0
0 1168
1169 0
0 1170
1171 0
0 1172
1173 0
0 1174
1175 0
0 1176
1177 0
0 1178
1179 0
0 1180
1181 0
0 1182
1183 0
0 1184
1185 0
0 1186
1187 0
0 1188
1189 0
0 1190
1191 0
0 1192
1193 0
0 1194
1195 0
0 1196
1197 0
0 1198
1199 0
0 1200
1201 0
0 1202
1203 0
0 1204
1205 0
0 1206
1207 0
0 1208
1209 0
0 1210
1211 0
0 1212
1213 0
0 1214
1215 0
0 1216
1217 0
0 1218
1219 0
0 1220
1221 0
0 1222
1223 0
0 1224
1225 0
0 1226
1227 0
0 1228
1229 0
0 1230
1231 0
0 1232
1233 0
0 1234
1235 0
0 1236
1237 0
0 1238
1239 0
0 1240
1241 0
0 1242
1243 0
0 1244
1245 0
0 1246
1247 0
0 1248
1249 0
0 1250
1251 0
0 1252
1253 0
0 1254
1255 0
0 1256
1257 0
0 1258
1259 0
0 1260
1261 0
0 1262
1263 0
0 1264
1265 0
0 1266
1267 0
0 1268
1269 0
0 1270
1271 0
0 1272
1273 0
0 1274
1275 0
0 1276
1277 0
0 1278
1279 0
0 1280
1281 0
0 1282
1283 0
0 1284
1285 0
0 1286
1287 0
0 1288
1289 0
0 1290
1291 0
0 1292
1293 0
0 1294
1295 0
0 1296
1297 0
0 1298
1299 0
0 1300
1301 0
0 1302
1303 0
0 1304
1305 0
0 1306
1307 0
0 1308
1309 0
0 1310
1311 0
0 1312
1313 0
0 1314
1315 0
0 1316
1317 0
0 1318
1319 0
0 1320
1321 0
0 1322
1323 0
0 1324
1325 0
0 1326
1327 0
0 1328
1329 0
0 1330
1331 0
0 1332
1333 0
0 1334
1335 0
0 1336
1337 0
0 1338
1339 0
0 1340
1341 0
0 1342
1343 0
0 1344
1345 0
0 1346
1347 0
0 1348
1349 0
0 1350
1351 0
0 1352
1353 0
0 1354
1355 0
0 1356
1357 0
0 1358
1359 0
0 1360
1361 0
0 1362
1363 0
0 1364
1365 0
0 1366
1367 0
0 1368
1369 0
0 1370
1371 0
0 1372
1373 0
0 1374
1375 0
0 1376
1377 0
0 1378
1379 0
0 1380
1381 0
0 1382
1383 0
0 1384
1385 0
0 1386
1387 0
0 1388
1389 0
0 1390
1391 0
0 1392
1393 0
0 1394
1395 0
0 1396
1397 0
0 1398
1399 0
0 1400
1401 0
0 1402
1403 0
0 1404
1405 0
0 1406
1407 0
0 1408
1409 0
0 1410
1411 0
0 1412
1413 0
0 1414
1415 0
0 1416
1417 0
0 1418
1419 0
0 1420
1421 0
0 1422
1423 0
0 1424
1425 0
0 1426
1427 0
0 1428
1429 0
0 1430
1431 0
0 1432
1433 0
0 1434
1435 0
0 1436
1437 0
0 1438
1439 0
0 1440
1441 0
0 1442
1443 0
0 1444
1445 0
0 1446
1447 0
0 1448
1449 0
0 1450
1451 0
0 1452
1453 0
0 1454
1455 0
0 1456
1457 0
0 1458
1459 0
0 1460
1461 0
0 1462
1463 0
0 1464
1465 0
0 1466
1467 0
0 1468
1469 0
0 1470
1471 0
0 1472
1473 0
0 1474
1475 0
0 1476
1477 0
0 1478
1479 0
0 1480
1481 0
0 1482
1483 0
0 1484
1485 0
0 1486
1487 0
0 1488
1489 0
0 1490
1491 0
0 1492
1493 0
0 1494
1495 0
0 1496
1497 0
0 1498
1499 0
0 1500
1501 0
0 1502
1503 0
0 1504
1505 0
0 1506
1507 0
0 1508
1509 0
0 1510
1511 0
0 1512
1513 0
0 1514
1515 0
0 1516
1517 0
0 1518
1519 0
0 1520
1521 0
0 1522
1523 0
0 1524
1525 0
0 1526
1527 0
0 1528
1529 0
0 1530
1531 0
0 1532
1533 0
0 1534
1535 0
0 1536
1537 0
0 1538
1539 0
0 1540
1541 0
0 1542
1543 0
0 1544
1545 0
0 1546
1547 0
0 1548
1549 0
0 1550
1551 0
0 1552
1553 0
0 1554
1555 0
0 1556
1557 0
0 1558
1559 0
0 1560
1561 0
0 1562
1563 0
0 1564
1565 0
0 1566
1567 0
0 1568
1569 0
0 1570
1571 0
0 1572
1573 0
0 1574
1575 0
0 1576
1577 0
0 1578
1579 0
0 1580
1581 0
0 1582
1583 0
0 1584
1585 0
0 1586
1587 0
0 1588
1589 0
0 1590
1591 0
0 1592
1593 0
0 1594
1595 0
0 1596
1597 0
0 1598
1599 0
0 1600
1601 0
0 1602
1603 0
0 1604
1605 0
0 1606
1607 0
0 1608
1609 0
0 1610
1611 0
0 1612
1613 0
0 1614
1615 0
0 1616
1617 0
0 1618
1619 0
0 1620
1621 0
0 1622
1623 0
0 1624
1625 0
0 1626
1627 0
0 1628
1629 0
0 1630
1631 0
0 1632
1633 0
0 1634
1635 0
0 1636
1637 0
0 1638
1639 0
0 1640
1641 0
0 1642
1643 0
0 1644
1645 0
0 1646
1647 0
0 1648
1649 0
0 1650
1651 0
0 1652
1653 0
0 1654
1655 0
0 1656
1657 0
0 1658
1659 0
0 1660
1661 0
0 1662
1663 0
0 1664
1665 0
0 1666
1667 0
0 1668
1669 0
0 1670
1671 0
0 1672
1673 0
0 1674
1675 0
0 1676
1677 0
0 1678
1679 0
0 1680
1681 0
0 1682
1683 0
0 1684
1685 0
0 1686
1687 0
0 1688
1689 0
0 1690
1691 0
0 1692
1693 0
0 1694
1695 0
0 1696
1697 0
0 1698
1699 0
0 1700
1701 0
0 1702
1703 0
0 1704
1705 0
0 1706
1707 0
0 1708
1709 0
0 1710
1711 0
0 1712
1713 0
0 1714
1715 0
0 1716
1717 0
0 1718
1719 0
0 1720
1721 0
0 1722
1723 0
0 1724
1725 0
0 1726
1727 0
0 1728
1729 0
0 1730
1731 0
0 1732
1733 0
0 1734
1735 0
0 1736
1737 0
0 1738
1739 0
0 1740
1741 0
0 1742
1743 0
0 1744
1745 0
0 1746
1747 0
0 1748
1749 0
0 1750
1751 0
0 1752
1753 0
0 1754
1755 0
0 1756
1757 0
0 1758
1759 0
0 1760
1761 0
0 1762
1763 0
0 1764
1765 0
0 1766
1767 0
0 1768
1769 0
0 1770
1771 0
0 1772
1773 0
0 1774
1775 0
0 1776
1777 0
0 1778
1779 0
0 1780
1781 0
0 1782
1783 0
0 1784
1785 0
0 1786
1787 0
0 1788
1789 0
0 1790
1791 0
0 1792
1793 0
0 1794
1795 0
0 1796
1797 0
0 1798
1799 0
0 1800
1801 0
0 1802
1803 0
0 1804
1805 0
0 1806
1807 0
0 1808
1809 0
0 1810
1811 0
0 1812
1813 0
0 1814
1815 0
0 1816
1817 0
0 1818
1819 0
0 1820
1821 0
0 1822
1823 0
0 1824
1825 0
0 1826
1827 0
0 1828
1829 0
0 1830
1831 0
0 1832
1833 0
0 1834
1835 0
0 1836
1837 0
0 1838
1839 0
0 1840
1841 0
0 1842
1843 0
0 1844
1845 0
0 1846
1847 0
0 1848
1849 0
0 1850
1851 0
0 1852
1853 0
0 1854
1855 0
0 1856
1857 0
0 1858
1859 0
0 1860
1861 0
0 1862
1863 0
0 1864
1865 0
0 1866
1867 0
0 1868
1869 0
0 1870
1871 0
0 1872
1873 0
0 1874
1875 0
0 1876
1877 0
0 1878
1879 0
0 1880
1881 0
0 1882
1883 0
0 1884
1885 0
0 1886
1887 0
0 1888
1889 0
0 1890
1891 0
0 1892
1893 0
0 1894
1895 0
0 1896
1897 0
0 1898
1899 0
0 1900
1901 0
0 1902
1903 0
0 1904
1905 0
0 1906
1907 0
0 1908
1909 0
0 1910
1911 0
0 1912
1913 0
0 1914
1915 0
0 1916
1917 0
0 1918
1919 0
0 1920
1921 0
0 1922
1923 0
0 1924
1925 0
0 1926
1927 0
0 1928
1929 0
0 1930
1931 0
0 1932
1933 0
0 1934
1935 0
0 1936
1937 0
0 1938
1939 0
0 1940
1941 0
0 1942
1943 0
0 1944
1945 0
0 1946
1947 0
0 1948
1949 0
0 1950
1951 0
0 1952
1953 0
0 1954
1955 0
0 1956
1957 0
0 1958
1959 0
0 1960
1961 0
0 1962
1963 0
0 1964
1965 0
0 1966
1967 0
0 1968
1969 0
0 1970
1971 0
0 1972
1973 0
0 1974
1975 0
0 1976
1977 0
0 1978
1979 0
0 1980
1981 0
0 1982
1983 0
0 1984
1985 0
0 1986
1987 0
0 1988
1989 0
0 1990
1991 0
0 1992
1993 0
0 1994
1995 0
0 1996
1997 0
0 1998
1999 0
0 2000
1 0
0 2
3 0
0 4
5 0
0 6
7 0
0 8
9 0
0 10
11 0
0 12
13 0
0 14
15 0
0 16
17 0
0 18
19 0
0 20
21 0
0 22
23 0
0 24
25 0
0 26
27 0
0 28
29 0
0 30
31 0
0 32
33 0
0 34
35 0
0 36
37 0
0 38
39 0
0 40
41 0
0 42
43 0
0 44
45 0
0 46
47 0
0 48
49 0
0 50
51 0
0 52
53 0
0 54
55 0
0 56
57 0
0 58
59 0
0 60
61 0
0 62
63 0
0 64
65 0
0 66
67 0
0 68
69 0
0 70
71 0
0 72
73 0
0 74
75 0
0 76
77 0
0 78
79 0
0 80
81 0
0 82
83 0
0 84
85 0
0 86
87 0
0 88
89 0
0 90
91 0
0 92
93 0
0 94
95 0
0 96
97 0
0 98
99 0
0 100
101 0
0 102
103 0
0 104
105 0
0 106
107 0
0 108
109 0
0 110
111 0
0 112
113 0
0 114
115 0
0 116
117 0
0 118
119 0
0 120
121 0
0 122
123 0
0 124
125 0
0 126
127 0
0 128
129 0
0 130
131 0
0 132
133 0
0 134
135 0
0 136
137 0
0 138
139 0
0 140
141 0
0 142
143 0
0 144
145 0
0 146
147 0
0 148
149 0
0 150
151 0
0 152
153 0
0 154
155 0
0 156
157 0
0 158
159 0
0 160
161 0
0 162
163 0
0 164
165 0
0 166
167 0
0 168
169 0
0 170
171 0
0 172
173 0
0 174
175 0
0 176
177 0
0 178
179 0
0 180
181 0
0 182
183 0
0 184
185 0
0 186
187 0
0 188
189 0
0 190
191 0
0 192
193 0
0 194
195 0
0 196
197 0
0 198
199 0
0 200
201 0
0 202
203 0
0 204
205 0
0 206
207 0
0 208
209 0
0 210
211 0
0 212
213 0
0 214
215 0
0 216
217 0
0 218
219 0
0 220
221 0
0 222
223 0
0 224
225 0
0 226
227 0
0 228
229 0
0 230
231 0
0 232
233 0
0 234
235 0
0 236
237 0
0 238
239 0
0 240
241 0
0 242
243 0
0 244
245 0
0 246
247 0
0 248
249 0
0 250
251 0
0 252
253 0
0 254
255 0
0 256
257 0
0 258
259 0
0 260
261 0
0 262
263 0
0 264
265 0
0 266
267 0
0 268
269 0
0 270
271 0
0 272
273 0
0 274
275 0
0 276
277 0
0 278
279 0
0 280
281 0
0 282
283 0
0 284
285 0
0 286
287 0
0 288
289 0
0 290
291 0
0 292
293 0
0 294
295 0
0 296
297 0
0 298
299 0
0 300
301 0
0 302
303 0
0 304
305 0
0 306
307 0
0 308
309 0
0 310
311 0
0 312
313 0
0 314
315 0
0 316
317 0
0 318
319 0
0 320
321 0
0 322
323 0
0 324
325 0
0 326
327 0
0 328
329 0
0 330
331 0
0 332
333 0
0 334
335 0
0 336
337 0
0 338
339 0
0 340
341 0
0 342
343 0
0 344
345 0
0 346
347 0
0 348
349 0
0 350
351 0
0 352
353 0
0 354
355 0
0 356
357 0
0 358
359 0
0 360
361 0
0 362
363 0
0 364
365 0
0 366
367 0
0 368
369 0
0 370
371 0
0 372
373 0
0 374
375 0
0 376
377 0
0 378
379 0
0 380
381 0
0 382
383 0
0 384
385 0
0 386
387 0
0 388
389 0
0 390
391 0
0 392
393 0
0 394
395 0
0 396
397 0
0 398
399 0
0 400
401 0
0 402
403 0
0 404
405 0
0 406
407 0
0 408
409 0
0 410
411 0
0 412
413 0
0 414
415 0
0 416
417 0
0 418
419 0
0 420
421 0
0 422
423 0
0 424
425 0
0 426
427 0
0 428
429 0
0 430
431 0
0 432
433 0
0 434
435 0
0 436
437 0
0 438
439 0
0 440
441 0
0 442
443 0
0 444
445 0
0 446
447 0
0 448
449 0
0 450
451 0
0 452
453 0
0 454
455 0
0 456
457 0
0 458
459 0
0 460
461 0
0 462
463 0
0 464
465 0
0 466
467 0
0 468
469 0
0 470
471 0
0 472
473 0
0 474
475 0
0 476
477 0
0 478
479 0
0 480
481 0
0 482
483 0
0 484
485 0
0 486
487 0
0 488
489 0
0 490
491 0
0 492
493 0
0 494
495 0
0 496
497 0
0 498
499 0
0 500
501 0
0 502
503 0
0 504
505 0
0 506
507 0
0 508
509 0
0 510
511 0
0 512
513 0
0 514
515 0
0 516
517 0
0 518
519 0
0 520
521 0
0 522
523 0
0 524
525 0
0 526
527 0
0 528
529 0
0 530
531 0
0 532
533 0
0 534
535 0
0 536
537 0
0 538
539 0
0 540
541 0
0 542
543 0
0 544
545 0
0 546
547 0
0 548
549 0
0 550
551 0
0 552
553 0
0 554
555 0
0 556
557 0
0 558
559 0
0 560
561 0
0 562
563 0
0 564
565 0
0 566
567 0
0 568
569 0
0 570
571 0
0 572
573 0
0 574
575 0
0 576
577 0
0 578
579 0
0 580
581 0
0 582
583 0
0 584
585 0
0 586
587 0
0 588
589 0
0 590
591 0
0 592
593 0
0 594
595 0
0 596
597 0
0 598
599 0
0 600
601 0
0 602
603 0
0 604
605 0
0 606
607 0
0 608
609 0
0 610
611 0
0 612
613 0
0 614
615 0
0 616
617 0
0 618
619 0
0 620
621 0
0 622
623 0
0 624
625 0
0 626
627 0
0 628
629 0
0 630
631 0
0 632
633 0
0 634
635 0
0 636
637 0
0 638
639 0
0 640
641 0
0 642
643 0
0 644
645 0
0 646
647 0
0 648
649 0
0 650
651 0
0 652
653 0
0 654
655 0
0 656
657 0
0 658
659 0
0 660
661 0
0 662
663 0
0 664
665 0
0 666
667 0
0 668
669 0
0 670
671 0
0 672
673 0
0 674
675 0
0 676
677 0
0 678
679 0
0 680
681 0
0 682
683 0
0 684
685 0
0 686
687 0
0 688
689 0
0 690
691 0
0 692
693 0
0 694
695 0
0 696
697 0
0 698
699 0
0 700
701 0
0 702
703 0
0 704
705 0
0 706
707 0
0 708
709 0
0 710
711 0
0 712
713 0
0 714
715 0
0 716
717 0
0 718
719 0
0 720
721 0
0 722
723 0
0 724
725 0
0 726
727 0
0 728
729 0
0 730
731 0
0 732
733 0
0 734
735 0
0 736
737 0
0 738
739 0
0 740
741 0
0 742
743 0
0 744
745 0
0 746
747 0
0 748
749 0
0 750
751 0
0 752
753 0
0 754
755 0
0 756
757 0
0 758
759 0
0 760
761 0
0 762
763 0
0 764
765 0
0 766
767 0
0 768
769 0
0 770
771 0
0 772
773 0
0 774
775 0
0 776
777 0
0 778
779 0
0 780
781 0
0 782
783 0
0 784
785 0
0 786
787 0
0 788
789 0
0 790
791 0
0 792
793 0
0 794
795 0
0 796
797 0
0 798
799 0
0 800
801 0
0 802
803 0
0 804
805 0
0 806
807 0
0 808
809 0
0 810
811 0
0 812
813 0
0 814
815 0
0 816
817 0
0 818
819 0
0 820
821 0
0 822
823 0
0 824
825 0
0 826
827 0
0 828
829 0
0 830
831 0
0 832
833 0
0 834
835 0
0 836
837 0
0 838
839 0
0 840
841 0
0 842
843 0
0 844
845 0
0 846
847 0
0 848
849 0
0 850
851 0
0 852
853 0
0 854
855 0
0 856
857 0
0 858
859 0
0 860
861 0
0 862
863 0
0 864
865 0
0 866
867 0
0 868
869 0
0 870
871 0
0 872
873 0
0 874
875 0
0 876
877 0
0 878
879 0
0 880
881 0
0 882
883 0
0 884
885 0
0 886
887 0
0 888
889 0
0 890
891 0
0 892
893 0
0 894
895 0
0 896
897 0
0 898
899 0
0 900
901 0
0 902
903 0
0 904
905 0
0 906
907 0
0 908
909 0
0 910
911 0
0 912
913 0
0 914
915 0
0 916
917 0
0 918
919 0
0 920
921 0
0 922
923 0
0 924
925 0
0 926
927 0
0 928
929 0
0 930
931 0
0 932
933 0
0 934
935 0
0 936
937 0
0 938
939 0
0 940
941 0
0 942
943 0
0 944
945 0
0 946
947 0
0 948
949 0
0 950
951 0
0 952
953 0
0 954
955 0
0 956
957 0
0 958
959 0
0 960
961 0
0 962
963 0
0 964
965 0
0 966
967 0
0 968
969 0
0 970
971 0
0 972
973 0
0 974
975 0
0 976
977 0
0 978
979 0
0 980
981 0
0 982
983 0
0 984
985 0
0 986
987 0
0 988
989 0
0 990
991 0
0 992
993 0
0 994
995 0
0 996
997 0
0 998
999 0
0 1000
1001 0
0 1002
1003 0
0 1004
1005 0
0 1006
1007 0
0 1008
1009 0
0 1010
1011 0
0 1012
1013 0
0 1014
1015 0
0 1016
1017 0
0 1018
1019 0
0 1020
1021 0
0 1022
1023 0
0 1024
1025 0
0 1026
1027 0
0 1028
1029 0
0 1030
1031 0
0 1032
1033 0
0 1034
1035 0
0 1036
1037 0
0 1038
1039 0
0 1040
1041 0
0 1042
1043 0
0 1044
1045 0
0 1046
1047 0
0 1048
1049 0
0 1050
1051 0
0 1052
1053 0
0 1054
1055 0
0 1056
1057 0
0 1058
1059 0
0 1060
1061 0
0 1062
1063 0
0 1064
1065 0
0 1066
1067 0
0 1068
1069 0
0 1070
1071 0
0 1072
1073 0
0 1074
1075 0
0 1076
1077 0
0 1078
1079 0
0 1080
1081 0
0 1082
1083 0
0 1084
1085 0
0 1086
1087 0
0 1088
1089 0
0 1090
1091 0
0 1092
1093 0
0 1094
1095 0
0 1096
1097 0
0 1098
1099 0
0 1100
1101 0
0 1102
1103 0
0 1104
1105 0
0 1106
1107 0
0 1108
1109 0
0 1110
1111 0
0 1112
1113 0
0 1114
1115 0
0 1116
1117 0
0 1118
1119 0
0 1120
1121 0
0 1122
1123 0
0 1124
1125 0
0 1126
1127 0
0 1128
1129 0
0 1130
1131 0
0 1132
1133 0
0 1134
1135 0
0 1136
1137 0
0 1138
1139 0
0 1140
1141 0
0 1142
1143 0
0 1144
1145 0
0 1146
1147 0
0 1148
1149 0
0 1150
1151 0
0 1152
1153 0
0 1154
1155 0
0 1156
1157 0
0 1158
1159 0
0 1160
1161 0
0 1162
1163 0
0 1164
1165 0
0 1166
1167 0
0 1168
1169 0
0 1170
1171 0
0 1172
1173 0
0 1174
1175 0
0 1176
1177 0
0 1178
1179 0
0 1180
1181 0
0 1182
1183 0
0 1184
1185 0
0 1186
1187 0
0 1188
1189 0
0 1190
1191 0
0 1192
1193 0
0 1194
1195 0
0 1196
1197 0
0 1198
1199 0
0 1200
1201 0
0 1202
1203 0
0 1204
1205 0
0 1206
1207 0
0 1208
1209 0
0 1210
1211 0
0 1212
1213 0
0 1214
1215 0
0 1216
1217 0
0 1218
1219 0
0 1220
1221 0
0 1222
1223 0
0 1224
1225 0
0 1226
1227 0
0 1228
1229 0
0 1230
1231 0
0 1232
1233 0
0 1234
1235 0
0 1236
1237 0
0 1238
1239 0
0 1240
1241 0
0 1242
1243 0
0 1244
1245 0
0 1246
1247 0
0 1248
1249 0
0 1250
1251 0
0 1252
1253 0
0 1254
1255 0
0 1256
1257 0
0 1258
1259 0
0 1260
1261 0
0 1262
1263 0
0 1264
1265 0
0 1266
1267 0
0 1268
1269 0
0 1270
1271 0
0 1272
1273 0
0 1274
1275 0
0 1276
1277 0
0 1278
1279 0
0 1280
1281 0
0 1282
1283 0
0 1284
1285 0
0 1286
1287 0
0 1288
1289 0
0 1290
1291 0
0 1292
1293 0
0 1294
1295 0
0 1296
1297 0
0 1298
1299 0
0 1300
1301 0
0 1302
1303 0
0 1304
1305 0
0 1306
1307 0
0 1308
1309 0
0 1310
1311 0
0 1312
1313 0
0 1314
1315 0
0 1316
1317 0
0 1318
1319 0
0 1320
1321 0
0 1322
1323 0
0 1324
1325 0
0 1326
1327 0
0 1328
1329 0
0 1330
1331 0
0 1332
1333 0
0 1334
1335 0
0 1336
1337 0
0 1338
1339 0
0 1340
1341 0
0 1342
1343 0
0 1344
1345 0
0 1346
1347 0
0 1348
1349 0
0 1350
1351 0
0 1352
1353 0
0 1354
1355 0
0 1356
1357 0
0 1358
1359 0
0 1360
1361 0
0 1362
1363 0
0 1364
1365 0
0 1366
1367 0
0 1368
1369 0
0 1370
1371 0
0 1372
1373 0
0 1374
1375 0
0 1376
1377 0
0 1378
1379 0
0 1380
1381 0
0 1382
1383 0
0 1384
1385 0
0 1386
1387 0
0 1388
1389 0
0 1390
1391 0
0 1392
1393 0
0 1394
1395 0
0 1396
1397 0
0 1398
1399 0
0 1400
1401 0
0 1402
1403 0
0 1404
1405 0
0 1406
1407 0
0 1408
1409 0
0 1410
1411 0
0 1412
1413 0
0 1414
1415 0
0 1416
1417 0
0 1418
1419 0
0 1420
1421 0
0 1422
1423 0
0 1424
1425 0
0 1426
1427 0
0 1428
1429 0
0 1430
1431 0
0 1432
1433 0
0 1434
1435 0
0 1436
1437 0
0 1438
1439 0
0 1440
1441 0
0 1442
1443 0
0 1444
1445 0
0 1446
1447 0
0 1448
1449 0
0 1450
1451 0
0 1452
1453 0
0 1454
1455 0
0 1456
1457 0
0 1458
1459 0
0 1460
1461 0
0 1462
1463 0
0 1464
1465 0
0 1466
1467 0
0 1468
1469 0
0 1470
1471 0
0 1472
1473 0
0 1474
1475 0
0 1476
1477 0
0 1478
1479 0
0 1480
1481 0
0 1482
1483 0
0 1484
1485 0
0 1486
1487 0
0 1488
1489 0
0 1490
1491 0
0 1492
1493 0
0 1494
1495 0
0 1496
1497 0
0 1498
1499 0
0 1500
1501 0
0 1502
1503 0
0 1504
1505 0
0 1506
1507 0
0 1508
1509 0
0 1510
1511 0
0 1512
1513 0
0 1514
1515 0
0 1516
1517 0
0 1518
1519 0
0 1520
1521 0
0 1522
1523 0
0 1524
1525 0
0 1526
1527 0
0 1528
1529 0
0 1530
1531 0
0 1532
1533 0
0 1534
1535 0
0 1536
1537 0
0 1538
1539 0
0 1540
1541 0
0 1542
1543 0
0 1544
1545 0
0 1546
1547 0
0 1548
1549 0
0 1550
1551 0
0 1552
1553 0
0 1554
1555 0
0 1556
1557 0
0 1558
1559 0
0 1560
1561 0
0 1562
1563 0
0 1564
1565 0
0 1566
1567 0
0 1568
1569 0
0 1570
1571 0
0 1572
1573 0
0 1574
1575 0
0 1576
1577 0
0 1578
1579 0
0 1580
1581 0
0 1582
1583 0
0 1584
1585 0
0 1586
1587 0
0 1588
1589 0
0 1590
1591 0
0 1592
1593 0
0 1594
1595 0
0 1596
1597 0
0 1598
1599 0
0 1600
1601 0
0 1602
1603 0
0 1604
1605 0
0 1606
1607 0
0 1608
1609 0
0 1610
1611 0
0 1612
1613 0
0 1614
1615 0
0 1616
1617 0
0 1618
1619 0
0 1620
1621 0
0 1622
1623 0
0 1624
1625 0
0 1626
1627 0
0 1628
1629 0
0 1630
1631 0
0 1632
1633 0
0 1634
1635 0
0 1636
1637 0
0 1638
1639 0
0 1640
1641 0
0 1642
1643 0
0 1644
1645 0
0 1646
1647 0
0 1648
1649 0
0 1650
1651 0
0 1652
1653 0
0 1654
1655 0
0 1656
1657 0
0 1658
1659 0
0 1660
1661 0
0 1662
1663 0
0 1664
1665 0
0 1666
1667 0
0 1668
1669 0
0 1670
1671 0
0 1672
1673 0
0 1674
1675 0
0 1676
1677 0
0 1678
1679 0
0 1680
1681 0
0 1682
1683 0
0 1684
1685 0
0 1686
1687 0
0 1688
1689 0
0 1690
1691 0
0 1692
1693 0
0 1694
1695 0
0 1696
1697 0
0 1698
1699 0
0 1700
1701 0
0 1702
1703 0
0 1704
1705 0
0 1706
1707 0
0 1708
1709 0
0 1710
1711 0
0 1712
1713 0
0 1714
1715 0
0 1716
1717 0
0 1718
1719 0
0 1720
1721 0
0 1722
1723 0
0 1724
1725 0
0 1726
1727 0
0 1728
1729 0
0 1730
1731 0
0 1732
1733 0
0 1734
1735 0
0 1736
1737 0
0 1738
1739 0
0 1740
1741 0
0 1742
1743 0
0 1744
1745 0
0 1746
1747 0
0 1748
1749 0
0 1750
1751 0
0 1752
1753 0
0 1754
1755 0
0 1756
1757 0
0 1758
1759 0
0 1760
1761 0
0 1762
1763 0
0 1764
1765 0
0 1766
1767 0
0 1768
1769 0
0 1770
1771 0
0 1772
1773 0
0 1774
1775 0
0 1776
1777 0
0 1778
1779 0
0 1780
1781 0
0 1782
1783 0
0 1784
1785 0
0 1786
1787 0
0 1788
1789 0
0 1790
1791 0
0 1792
1793 0
0 1794
1795 0
0 1796
1797 0
0 1798
1799 0
0 1800
1801 0
0 1802
1803 0
0 1804
1805 0
0 1806
1807 0
0 1808
1809 0
0 1810
1811 0
0 1812
1813 0
0 1814
1815 0
0 1816
1817 0
0 1818
1819 0
0 1820
1821 0
0 1822
1823 0
0 1824
1825 0
0 1826
1827 0
0 1828
1829 0
0 1830
1831 0
0 1832
1833 0
0 1834
1835 0
0 1836
1837 0
0 1838
1839 0
0 1840
1841 0
0 1842
1843 0
0 1844
1845 0
0 1846
1847 0
0 1848
1849 0
0 1850
1851 0
0 1852
1853 0
0 1854
1855 0
0 1856
1857 0
0 1858
1859 0
0 1860
1861 0
0 1862
1863 0
0 1864
1865 0
0 1866
1867 0
0 1868
1869 0
0 1870
1871 0
0 1872
1873 0
0 1874
1875 0
0 1876
1877 0
0 1878
1879 0
0 1880
1881 0
0 1882
1883 0
0 1884
1885 0
0 1886
1887 0
0 1888
1889 0
0 1890
1891 0
0 1892
1893 0
0 1894
1895 0
0 1896
1897 0
0 1898
1899 0
0 1900
1901 0
0 1902
1903 0
0 1904
1905 0
0 1906
1907 0
0 1908
1909 0
0 1910
1911 0
0 1912
1913 0
0 1914
1915 0
0 1916
1917 0
0 1918
1919 0
0 1920
1921 0
0 1922
1923 0
0 1924
1925 0
0 1926
1927 0
0 1928
1929 0
0 1930
1931 0
0 1932
1933 0
0 1934
1935 0
0 1936
1937 0
0 1938
1939 0
0 1940
1941 0
0 1942
1943 0
0 1944
1945 0
0 1946
1947 0
0 1948
1949 0
0 1950
1951 0
0 1952
1953 0
0 1954
1955 0
0 1956
1957 0
0 1958
1959 0
0 1960
1961 0
0 1962
1963 0
0 1964
1965 0
0 1966
1967 0
0 1968
1969 0
0 1970
1971 0
0 1972
1973 0
0 1974
1975 0
0 1976
1977 0
0 1978
1979 0
0 1980
1981 0
0 1982
1983 0
0 1984
1985 0
0 1986
1987 0
0 1988
1989 0
0 1990
1991 0
0 1992
1993 0
0 1994
1995 0
0 1996
1997 0
0 1998
1999 0
0 2000
1 0
0 2
3 0
0 4
5 0
0 6
7 0
0 8
9 0
0 10
11 0
0 12
13 0
0 14
15 0
0 16
17 0
0 18
19 0
0 20
21 0
0 22
23 0
0 24
25 0
0 26
27 0
0 28
29 0
0 30
31 0
0 32
33 0
0 34
35 0
0 36
37 0
0 38
39 0
0 40
41 0
0 42
43 0
0 44
45 0
0 46
47 0
0 48
49 0
0 50
51 0
0 52
53 0
0 54
55 0
0 56
57 0
0 58
59 0
0 60
61 0
0 62
63 0
0 64
65 0
0 66
67 0
0 68
69 0
0 70
71 0
0 72
73 0
0 74
75 0
0 76
77 0
0 78
79 0
0 80
81 0
0 82
83 0
0 84
85 0
0 86
87 0
0 88
89 0
0 90
91 0
0 92
93 0
0 94
95 0
0 96
97 0
0 98
99 0
0 100
101 0
0 102
103 0
0 104
105 0
0 106
107 0
0 108
109 0
0 110
111 0
0 112
113 0
0 114
115 0
0 116
117 0
0 118
119 0
0 120
121 0
0 122
123 0
0 124
125 0
0 126
127 0
0 128
129 0
0 130
131 0
0 132
133 0
0 134
135 0
0 136
137 0
0 138
139 0
0 140
141 0
0 142
143 0
0 144
145 0
0 146
147 0
0 148
149 0
0 150
151 0
0 152
153 0
0 154
155 0
0 156
157 0
0 158
159 0
0 160
161 0
0 162
163 0
0 164
165 0
0 166
167 0
0 168
169 0
0 170
171 0
0 172
173 0
0 174
175 0
0 176
177 0
0 178
179 0
0 180
181 0
0 182
183 0
0 184
185 0
0 186
187 0
0 188
189 0
0 190
191 0
0 192
193 0
0 194
195 0
0 196
197 0
0 198
199 0
0 200
201 0
0 202
203 0
0 204
205 0
0 206
207 0
0 208
209 0
0 210
211 0
0 212
213 0
0 214
215 0
0 216
217 0
0 218
219 0
0 220
221 0
0 222
223 0
0 224
225 0
0 226
227 0
0 228
229 0
0 230
231 0
0 232
233 0
0 234
235 0
0 236
237 0
0 238
239 0
0 240
241 0
0 242
243 0
0 244
245 0
0 246
247 0
0 248
249 0
0 250
251 0
0 252
253 0
0 254
255 0
0 256
257 0
0 258
259 0
0 260
261 0
0 262
263 0
0 264
265 0
0 266
267 0
0 268
269 0
0 270
271 0
0 272
273 0
0 274
275 0
0 276
277 0
0 278
279 0
0 280
281 0
0 282
283 0
0 284
285 0
0 286
287 0
0 288
289 0
0 290
291 0
0 292
293 0
0 294
295 0
0 296
297 0
0 298
299 0
0 300
301 0
0 302
303 0
0 304
305 0
0 306
307 0
0 308
309 0
0 310
311 0
0 312
313 0
0 314
315 0
0 316
317 0
0 318
319 0
0 320
321 0
0 322
323 0
0 324
325 0
0 326
327 0
0 328
329 0
0 330
331 0
0 332
333 0
0 334
335 0
0 336
337 0
0 338
339 0
0 340
341 0
0 342
343 0
0 344
345 0
0 346
347 0
0 348
349 0
0 350
351 0
0 352
353 0
0 354
355 0
0 356
357 0
0 358
359 0
0 360
361 0
0 362
363 0
0 364
365 0
0 366
367 0
0 368
369 0
0 370
371 0
0 372
373 0
0 374
375 0
0 376
377 0
0 378
379 0
0 380
381 0
0 382
383 0
0 384
385 0
0 386
387 0
0 388
389 0
0 390
391 0
0 392
393 0
0 394
395 0
0 396
397 0
0 398
399 0
0 400
401 0
0 402
403 0
0 404
405 0
0 406
407 0
0 408
409 0
0 410
411 0
0 412
413 0
0 414
415 0
0 416
417 0
0 418
419 0
0 420
421 0
0 422
423 0
0 424
425 0
0 426
427 0
0 428
429 0
0 430
431 0
0 432
433 0
0 434
435 0
0 436
437 0
0 438
439 0
0 440
441 0
0 442
443 0
0 444
445 0
0 446
447 0
0 448
449 0
0 450
451 0
0 452
453 0
0 454
455 0
0 456
457 0
0 458
459 0
0 460
461 0
0 462
463 0
0 464
465 0
0 466
467 0
0 468
469 0
0 470
471 0
0 472
473 0
0 474
475 0
0 476
477 0
0 478
479 0
0 480
481 0
0 482
483 0
0 484
485 0
0 486
487 0
0 488
489 0
0 490
491 0
0 492
493 0
0 494
495 0
0 496
497 0
0 498
499 0
0 500
501 0
0 502
503 0
0 504
505 0
0 506
507 0
0 508
509 0
0 510
511 0
0 512
513 0
0 514
515 0
0 516
517 0
0 518
519 0
0 520
521 0
0 522
523 0
0 524
525 0
0 526
527 0
0 528
529 0
0 530
531 0
0 532
533 0
0 534
535 0
0 536
537 0
0 538
539 0
0 540
541 0
0 542
543 0
0 544
545 0
0 546
547 0
0 548
549 0
0 550
551 0
0 552
553 0
0 554
555 0
0 556
557 0
0 558
559 0
0 560
561 0
0 562
563 0
0 564
565 0
0 566
567 0
0 568
569 0
0 570
571 0
0 572
573 0
0 574
575 0
0 576
577 0
0 578
579 0
0 580
581 0
0 582
583 0
0 584
585 0
0 586
587 0
0 588
589 0
0 590
591 0
0 592
593 0
0 594
595 0
0 596
597 0
0 598
599 0
0 600
601 0
0 602
603 0
0 604
605 0
0 606
607 0
0 608
609 0
0 610
611 0
0 612
613 0
0 614
615 0
0 616
617 0
0 618
619 0
0 620
621 0
0 622
623 0
0 624
625 0
0 626
627 0
0 628
629 0
0 630
631 0
0 632
633 0
0 634
635 0
0 636
637 0
0 638
639 0
0 640
641 0
0 642
643 0
0 644
645 0
0 646
647 0
0 648
649 0
0 650
651 0
0 652
653 0
0 654
655 0
0 656
657 0
0 658
659 0
0 660
661 0
0 662
663 0
0 664
665 0
0 666
667 0
0 668
669 0
0 670
671 0
0 672
673 0
0 674
675 0
0 676
677 0
0 678
679 0
0 680
681 0
0 682
683 0
0 684
685 0
0 686
687 0
0 688
689 0
0 690
691 0
0 692
693 0
0 694
695 0
0 696
697 0
0 698
699 0
0 700
701 0
0 702
703 0
0 704
705 0
0 706
707 0
0 708
709 0
0 710
711 0
0 712
713 0
0 714
715 0
0 716
717 0
0 718
719 0
0 720
721 0
0 722
723 0
0 724
725 0
0 726
727 0
0 728
729 0
0 730
731 0
0 732
733 0
0 734
735 0
0 736
737 0
0 738
739 0
0 740
741 0
0 742
743 0
0 744
745 0
0 746
747 0
0 748
749 0
0 750
751 0
0 752
753 0
0 754
755 0
0 756
757 0
0 758
759 0
0 760
761 0
0 762
763 0
0 764
765 0
0 766
767 0
0 768
769 0
0 770
771 0
0 772
773 0
0 774
775 0
0 776
777 0
0 778
779 0
0 780
781 0
0 782
783 0
0 784
785 0
0 786
787 0
0 788
789 0
0 790
791 0
0 792
793 0
0 794
795 0
0 796
797 0
0 798
799 0
0 800
801 0
0 802
803 0
0 804
805 0
0 806
807 0
0 808
809 0
0 810
811 0
0 812
813 0
0 814
815 0
0 816
817 0
0 818
819 0
0 820
821 0
0 822
823 0
0 824
825 0
0 826
827 0
0 828
829 0
0 830
831 0
0 832
833 0
0 834
835 0
0 836
837 0
0 838
839 0
0 840
841 0
0 842
843 0
0 844
845 0
0 846
847 0
0 848
849 0
0 850
851 0
0 852
853 0
0 854
855 0
0 856
857 0
0 858
859 0
0 860
861 0
0 862
863 0
0 864
865 0
0 866
867 0
0 868
869 0
0 870
871 0
0 872
873 0
0 874
875 0
0 876
877 0
0 878
879 0
0 880
881 0
0 882
883 0
0 884
885 0
0 886
887 0
0 888
889 0
0 890
891 0
0 892
893 0
0 894
895 0
0 896
897 0
0 898
899 0
0 900
901 0
0 902
903 0
0 904
905 0
0 906
907 0
0 908
909 0
0 910
911 0
0 912
913 0
0 914
915 0
0 916
917 0
0 918
919 0
0 920
921 0
0 922
923 0
0 924
925 0
0 926
927 0
0 928
929 0
0 930
931 0
0 932
933 0
0 934
935 0
0 936
937 0
0 938
939 0
0 940
941 0
0 942
943 0
0 944
945 0
0 946
947 0
0 948
949 0
0 950
951 0
0 952
953 0
0 954
955 0
0 956
957 0
0 958
959 0
0 960
961 0
0 962
963 0
0 964
965 0
0 966
967 0
0 968
969 0
0 970
971 0
0 972
973 0
0 974
975 0
0 976
977 0
0 978
979 0
0 980
981 0
0 982
983 0
0 984
985 0
0 986
987 0
0 988
989 0
0 990
991 0
0 992
993 0
0 994
995 0
0 996
997 0
0 998
999 0
0 1000
1001 0
0 1002
1003 0
0 1004
1005 0
0 1006
1007 0
0 1008
1009 0
0 1010
1011 0
0 1012
1013 0
0 1014
1015 0
0 1016
1017 0
0 1018
1019 0
0 1020
1021 0
0 1022
1023 0
0 1024
1025 0
0 1026
1027 0
0 1028
1029 0
0 1030
1031 0
0 1032
1033 0
0 1034
1035 0
0 1036
1037 0
0 1038
1039 0
0 1040
1041 0
0 1042
1043 0
0 1044
1045 0
0 1046
1047 0
0 1048
1049 0
0 1050
1051 0
0 1052
1053 0
0 1054
1055 0
0 1056
1057 0
0 1058
1059 0
0 1060
1061 0
0 1062
1063 0
0 1064
1065 0
0 1066
1067 0
0 1068
1069 0
0 1070
1071 0
0 1072
1073 0
0 1074
1075 0
0 1076
1077 0
0 1078
1079 0
0 1080
1081 0
0 1082
1083 0
0 1084
1085 0
0 1086
1087 0
0 1088
1089 0
0 1090
1091 0
0 1092
1093 0
0 1094
1095 0
0 1096
1097 0
0 1098
1099 0
0 1100
1101 0
0 1102
1103 0
0 1104
1105 0
0 1106
1107 0
0 1108
1109 0
0 1110
1111 0
0 1112
1113 0
0 1114
1115 0
0 1116
1117 0
0 1118
1119 0
0 1120
1121 0
0 1122
1123 0
0 1124
1125 0
0 1126
1127 0
0 1128
1129 0
0 1130
1131 0
0 1132
1133 0
0 1134
1135 0
0 1136
1137 0
0 1138
1139 0
0 1140
1141 0
0 1142
1143 0
0 1144
1145 0
0 1146
1147 0
0 1148
1149 0
0 1150
1151 0
0 1152
1153 0
0 1154
1155 0
0 1156
1157 0
0 1158
1159 0
0 1160
1161 0
0 1162
1163 0
0 1164
1165 0
0 1166
1167 0
0 1168
1169 0
0 1170
1171 0
0 1172
1173 0
0 1174
1175 0
0 1176
1177 0
0 1178
1179 0
0 1180
1181 0
0 1182
1183 0
0 1184
1185 0
0 1186
1187 0
0 1188
1189 0
0 1190
1191 0
0 1192
1193 0
0 1194
1195 0
0 1196
1197 0
0 1198
1199 0
0 1200
1201 0
0 1202
1203 0
0 1204
1205 0
0 1206
1207 0
0 1208
1209 0
0 1210
1211 0
0 1212
1213 0
0 1214
1215 0
0 1216
1217 0
0 1218
1219 0
0 1220
1221 0
0 1222
1223 0
0 1224
1225 0
0 1226
1227 0
0 1228
1229 0
0 1230
1231 0
0 1232
1233 0
0 1234
1235 0
0 1236
1237 0
0 1238
1239 0
0 1240
1241 0
0 1242
1243 0
0 1244
1245 0
0 1246
1247 0
0 1248
1249 0
0 1250
1251 0
0 1252
1253 0
0 1254
1255 0
0 1256
1257 0
0 1258
1259 0
0 1260
1261 0
0 1262
1263 0
0 1264
1265 0
0 1266
1267 0
0 1268
1269 0
0 1270
1271 0
0 1272
1273 0
0 1274
1275 0
0 1276
1277 0
0 1278
1279 0
0 1280
1281 0
0 1282
1283 0
0 1284
1285 0
0 1286
1287 0
0 1288
1289 0
0 1290
1291 0
0 1292
1293 0
0 1294
1295 0
0 1296
1297 0
0 1298
1299 0
0 1300
1301 0
0 1302
1303 0
0 1304
1305 0
0 1306
1307 0
0 1308
1309 0
0 1310
1311 0
0 1312
1313 0
0 1314
1315 0
0 1316
1317 0
0 1318
1319 0
0 1320
1321 0
0 1322
1323 0
0 1324
1325 0
0 1326
1327 0
0 1328
1329 0
0 1330
1331 0
0 1332
1333 0
0 1334
1335 0
0 1336
1337 0
0 1338
1339 0
0 1340
1341 0
0 1342
1343 0
0 1344
1345 0
0 1346
1347 0
0 1348
1349 0
0 1350
1351 0
0 1352
1353 0
0 1354
1355 0
0 1356
1357 0
0 1358
1359 0
0 1360
1361 0
0 1362
1363 0
0 1364
1365 0
0 1366
1367 0
0 1368
1369 0
0 1370
1371 0
0 1372
1373 0
0 1374
1375 0
0 1376
1377 0
0 1378
1379 0
0 1380
1381 0
0 1382
1383 0
0 1384
1385 0
0 1386
1387 0
0 1388
1389 0
0 1390
1391 0
0 1392
1393 0
0 1394
1395 0
0 1396
1397 0
0 1398
1399 0
0 1400
1401 0
0 1402
1403 0
0 1404
1405 0
0 1406
1407 0
0 1408
1409 0
0 1410
1411 0
0 1412
1413 0
0 1414
1415 0
0 1416
1417 0
0 1418
1419 0
0 1420
1421 0
0 1422
1423 0
0 1424
1425 0
0 1426
1427 0
0 1428
1429 0
0 1430
1431 0
0 1432
1433 0
0 1434
1435 0
0 1436
1437 0
0 1438
1439 0
0 1440
1441 0
0 1442
1443 0
0 1444
1445 0
0 1446
1447 0
0 1448
1449 0
0 1450
1451 0
0 1452
1453 0
0 1454
1455 0
0 1456
1457 0
0 1458
1459 0
0 1460
1461 0
0 1462
1463 0
0 1464
1465 0
0 1466
1467 0
0 1468
1469 0
0 1470
1471 0
0 1472
1473 0
0 1474
1475 0
0 1476
1477 0
0 1478
1479 0
0 1480
1481 0
0 1482
1483 0
0 1484
1485 0
0 1486
1487 0
0 1488
1489 0
0 1490
1491 0
0 1492
1493 0
0 1494
1495 0
0 1496
1497 0
0 1498
1499 0
0 1500
1501 0
0 1502
1503 0
0 1504
1505 0
0 1506
1507 0
0 1508
1509 0
0 1510
1511 0
0 1512
1513 0
0 1514
1515 0
0 1516
1517 0
0 1518
1519 0
0 1520
1521 0
0 1522
1523 0
0 1524
1525 0
0 1526
1527 0
0 1528
1529 0
0 1530
1531 0
0 1532
1533 0
0 1534
1535 0
0 1536
1537 0
0 1538
1539 0
0 1540
1541 0
0 1542
1543 0
0 1544
1545 0
0 1546
1547 0
0 1548
1549 0
0 1550
1551 0
0 1552
1553 0
0 1554
1555 0
0 1556
1557 0
0 1558
1559 0
0 1560
1561 0
0 1562
1563 0
0 1564
1565 0
0 1566
1567 0
0 1568
1569 0
0 1570
1571 0
0 1572
1573 0
0 1574
1575 0
0 1576
1577 0
0 1578
1579 0
0 1580
1581 0
0 1582
1583 0
0 1584
1585 0
0 1586
1587 0
0 1588
1589 0
0 1590
1591 0
0 1592
1593 0
0 1594
1595 0
0 1596
1597 0
0 1598
1599 0
0 1600
1601 0
0 1602
1603 0
0 1604
1605 0
0 1606
1607 0
0 1608
1609 0
0 1610
1611 0
0 1612
1613 0
0 1614
1615 0
0 1616
1617 0
0 1618
1619 0
0 1620
1621 0
0 1622
1623 0
0 1624
1625 0
0 1626
1627 0
0 1628
1629 0
0 1630
1631 0
0 1632
1633 0
0 1634
1635 0
0 1636
1637 0
0 1638
1639 0
0 1640
1641 0
0 1642
1643 0
0 1644
1645 0
0 1646
1647 0
0 1648
1649 0
0 1650
1651 0
0 1652
1653 0
0 1654
1655 0
0 1656
1657 0
0 1658
1659 0
0 1660
1661 0
0 1662
1663 0
0 1664
1665 0
0 1666
1667 0
0 1668
1669 0
0 1670
1671 0
0 1672
1673 0
0 1674
1675 0
0 1676
1677 0
0 1678
1679 0
0 1680
1681 0
0 1682
1683 0
0 1684
1685 0
0 1686
1687 0
0 1688
1689 0
0 1690
1691 0
0 1692
1693 0
0 1694
1695 0
0 1696
1697 0
0 1698
1699 0
0 1700
1701 0
0 1702
1703 0
0 1704
1705 0
0 1706
1707 0
0 1708
1709 0
0 1710
1711 0
0 1712
1713 0
0 1714
1715 0
0 1716
1717 0
0 1718
1719 0
0 1720
1721 0
0 1722
1723 0
0 1724
1725 0
0 1726
1727 0
0 1728
1729 0
0 1730
1731 0
0 1732
1733 0
0 1734
1735 0
0 1736
1737 0
0 1738
1739 0
0 1740
1741 0
0 1742
1743 0
0 1744
1745 0
0 1746
1747 0
0 1748
1749 0
0 1750
1751 0
0 1752
1753 0
0 1754
1755 0
0 1756
1757 0
0 1758
1759 0
0 1760
1761 0
0 1762
1763 0
0 1764
1765 0
0 1766
1767 0
0 1768
1769 0
0 1770
1771 0
0 1772
1773 0
0 1774
1775 0
0 1776
1777 0
0 1778
1779 0
0 1780
1781 0
0 1782
1783 0
0 1784
1785 0
0 1786
1787 0
0 1788
1789 0
0 1790
1791 0
0 1792
1793 0
0 1794
1795 0
0 1796
1797 0
0 1798
1799 0
0 1800
1801 0
0 1802
1803 0
0 1804
1805 0
0 1806
1807 0
0 1808
1809 0
0 1810
1811 0
0 1812
1813 0
0 1814
1815 0
0 1816
1817 0
0 1818
1819 0
0 1820
1821 0
0 1822
1823 0
0 1824
1825 0
0 1826
1827 0
0 1828
1829 0
0 1830
1831 0
0 1832
1833 0
0 1834
1835 0
0 1836
1837 0
0 1838
1839 0
0 1840
1841 0
0 1842
1843 0
0 1844
1845 0
0 1846
1847 0
0 1848
1849 0
0 1850
1851 0
0 1852
1853 0
0 1854
1855 0
0 1856
1857 0
0 1858
1859 0
0 1860
1861 0
0 1862
1863 0
0 1864
1865 0
0 1866
1867 0
0 1868
1869 0
0 1870
1871 0
0 1872
1873 0
0 1874
1875 0
0 1876
1877 0
0 1878
1879 0
0 1880
1881 0
0 1882
1883 0
0 1884
1885 0
0 1886
1887 0
0 1888
1889 0
0 1890
1891 0
0 1892
1893 0
0 1894
1895 0
0 1896
1897 0
0 1898
1899 0
0 1900
1901 0
0 1902
1903 0
0 1904
1905 0
0 1906
1907 0
0 1908
1909 0
0 1910
1911 0
0 1912
1913 0
0 1914
1915 0
0 1916
1917 0
0 1918
1919 0
0 1920
1921 0
0 1922
1923 0
0 1924
1925 0
0 1926
1927 0
0 1928
1929 0
0 1930
1931 0
0 1932
1933 0
0 1934
1935 0
0 1936
1937 0
0 1938
1939 0
0 1940
1941 0
0 1942
1943 0
0 1944
1945 0
0 1946
1947 0
0 1948
1949 0
0 1950
1951 0
0 1952
1953 0
0 1954
1955 0
0 1956
1957 0
0 1958
1959 0
0 1960
1961 0
0 1962
1963 0
0 1964
1965 0
0 1966
1967 0
0 1968
1969 0
0 1970
1971 0
0 1972
1973 0
0 1974
1975 0
0 1976
1977 0
0 1978
1979 0
0 1980
1981 0
0 1982
1983 0
0 1984
1985 0
0 1986
1987 0
0 1988
1989 0
0 1990
1991 0
0 1992
1993 0
0 1994
1995 0
0 1996
1997 0
0 1998
1999 0
0 2000
1 0
0 2
3 0
0 4
5 0
0 6
7 0
0 8
9 0
0 10
11 0
0 12
13 0
0 14
15 0
0 16
17 0
0 18
19 0
0 20
21 0
0 22
23 0
0 24
25 0
0 26
27 0
0 28
29 0
0 30
31 0
0 32
33 0
0 34
35 0
0 36
37 0
0 38
39 0
0 40
41 0
0 42
43 0
0 44
45 0
0 46
47 0
0 48
49 0
0 50
51 0
0 52
53 0
0 54
55 0
0 56
57 0
0 58
59 0
0 60
61 0
0 62
63 0
0 64
65 0
0 66
67 0
0 68
69 0
0 70
71 0
0 72
73 0
0 74
75 0
0 76
77 0
0 78
79 0
0 80
81 0
0 82
83 0
0 84
85 0
0 86
87 0
0 88
89 0
0 90
91 0
0 92
93 0
0 94
95 0
0 96
97 0
0 98
99 0
0 100
101 0
0 102
103 0
0 104
105 0
0 106
107 0
0 108
109 0
0 110
111 0
0 112
113 0
0 114
115 0
0 116
117 0
0 118
119 0
0 120
121 0
0 122
123 0
0 124
125 0
0 126
127 0
0 128
129 0
0 130
131 0
0 132
133 0
0 134
135 0
0 136
137 0
0 138
139 0
0 140
141 0
0 142
143 0
0 144
145 0
0 146
147 0
0 148
149 0
0 150
151 0
0 152
153 0
0 154
155 0
0 156
157 0
0 158
159 0
0 160
161 0
0 162
163 0
0 164
165 0
0 166
167 0
0 168
169 0
0 170
171 0
0 172
173 0
0 174
175 0
0 176
177 0
0 178
179 0
0 180
181 0
0 182
183 0
0 184
185 0
0 186
187 0
0 188
189 0
0 190
191 0
0 192
193 0
0 194
195 0
0 196
197 0
0 198
199 0
0 200
201 0
0 202
203 0
0 204
205 0
0 206
207 0
0 208
209 0
0 210
211 0
0 212
213 0
0 214
215 0
0 216
217 0
0 218
219 0
0 220
221 0
0 222
223 0
0 224
225 0
0 226
227 0
0 228
229 0
0 230
231 0
0 232
233 0
0 234
235 0
0 236
237 0
0 238
239 0
0 240
241 0
0 242
243 0
0 244
245 0
0 246
247 0
0 248
249 0
0 250
251 0
0 252
253 0
0 254
255 0
0 256
257 0
0 258
259 0
0 260
261 0
0 262
263 0
0 264
265 0
0 266
267 0
0 268
269 0
0 270
271 0
0 272
273 0
0 274
275 0
0 276
277 0
0 278
279 0
0 280
281 0
0 282
283 0
0 284
285 0
0 286
287 0
0 288
289 0
0 290
291 0
0 292
293 0
0 294
295 0
0 296
297 0
0 298
299 0
0 300
301 0
0 302
303 0
0 304
305 0
0 306
307 0
0 308
309 0
0 310
311 0
0 312
313 0
0 314
315 0
0 316
317 0
0 318
319 0
0 320
321 0
0 322
323 0
0 324
325 0
0 326
327 0
0 328
329 0
0 330
331 0
0 332
333 0
0 334
335 0
0 336
337 0
0 338
339 0
0 340
341 0
0 342
343 0
0 344
345 0
0 346
347 0
0 348
349 0
0 350
351 0
0 352
353 0
0 354
355 0
0 356
357 0
0 358
359 0
0 360
361 0
0 362
363 0
0 364
365 0
0 366
367 0
0 368
369 0
0 370
371 0
0 372
373 0
0 374
375 0
0 376
377 0
0 378
379 0
0 380
381 0
0 382
383 0
0 384
385 0
0 386
387 0
0 388
389 0
0 390
391 0
0 392
393 0
0 394
395 0
0 396
397 0
0 398
399 0
0 400
401 0
0 402
403 0
0 404
405 0
0 406
407 0
0 408
409 0
0 410
411 0
0 412
413 0
0 414
415 0
0 416
417 0
0 418
419 0
0 420
421 0
0 422
423 0
0 424
425 0
0 426
427 0
0 428
429 0
0 430
431 0
0 432
433 0
0 434
435 0
0 436
437 0
0 438
439 0
0 440
441 0
0 442
443 0
0 444
445 0
0 446
447 0
0 448
449 0
0 450
451 0
0 452
453 0
0 454
455 0
0 456
457 0
0 458
459 0
0 460
461 0
0 462
463 0
0 464
465 0
0 466
467 0
0 468
469 0
0 470
471 0
0 472
473 0
0 474
475 0
0 476
477 0
0 478
479 0
0 480
481 0
0 482
483 0
0 484
485 0
0 486
487 0
0 488
489 0
0 490
491 0
0 492
493 0
0 494
495 0
0 496
497 0
0 498
499 0
0 500
501 0
0 502
503 0
0 504
505 0
0 506
507 0
0 508
509 0
0 510
511 0
0 512
513 0
0 514
515 0
0 516
517 0
0 518
519 0
0 520
521 0
0 522
523 0
0 524
525 0
0 526
527 0
0 528
529 0
0 530
531 0
0 532
533 0
0 534
535 0
0 536
537 0
0 538
539 0
0 540
541 0
0 542
543 0
0 544
545 0
0 546
547 0
0 548
549 0
0 550
551 0
0 552
553 0
0 554
555 0
0 556
557 0
0 558
559 0
0 560
561 0
0 562
563 0
0 564
565 0
0 566
567 0
0 568
569 0
0 570
571 0
0 572
573 0
0 574
575 0
0 576
577 0
0 578
579 0
0 580
581 0
0 582
583 0
0 584
585 0
0 586
587 0
0 588
589 0
0 590
591 0
0 592
593 0
0 594
595 0
0 596
597 0
0 598
599 0
0 600
601 0
0 602
603 0
0 604
605 0
0 606
607 0
0 608
609 0
0 610
611 0
0 612
613 0
0 614
615 0
0 616
617 0
0 618
619 0
0 620
621 0
0 622
623 0
0 624
625 0
0 626
627 0
0 628
629 0
0 630
631 0
0 632
633 0
0 634
635 0
0 636
637 0
0 638
639 0
0 640
641 0
0 642
643 0
0 644
645 0
0 646
647 0
0 648
649 0
0 650
651 0
0 652
653 0
0 654
655 0
0 656
657 0
0 658
659 0
0 660
661 0
0 662
663 0
0 664
665 0
0 666
667 0
0 668
669 0
0 670
671 0
0 672
673 0
0 674
675 0
0 676
677 0
0 678
679 0
0 680
681 0
0 682
683 0
0 684
685 0
0 686
687 0
0 688
689 0
0 690
691 0
0 692
693 0
0 694
695 0
0 696
697 0
0 698
699 0
0 700
701 0
0 702
703 0
0 704
705 0
0 706
707 0
0 708
709 0
0 710
711 0
0 712
713 0
0 714
715 0
0 716
717 0
0 718
719 0
0 720
721 0
0 722
723 0
0 724
725 0
0 726
727 0
0 728
729 0
0 730
731 0
0 732
733 0
0 734
735 0
0 736
737 0
0 738
739 0
0 740
741 0
0 742
743 0
0 744
745 0
0 746
747 0
0 748
749 0
0 750
751 0
0 752
753 0
0 754
755 0
0 756
757 0
0 758
759 0
0 760
761 0
0 762
763 0
0 764
765 0
0 766
767 0
0 768
769 0
0 770
771 0
0 772
773 0
0 774
775 0
0 776
777 0
0 778
779 0
0 780
781 0
0 782
783 0
0 784
785 0
0 786
787 0
0 788
789 0
0 790
791 0
0 792
793 0
0 794
795 0
0 796
797 0
0 798
799 0
0 800
801 0
0 802
803 0
0 804
805 0
0 806
807 0
0 808
809 0
0 810
811 0
0 812
813 0
0 814
815 0
0 816
817 0
0 818
819 0
0 820
821 0
0 822
823 0
0 824
825 0
0 826
827 0
0 828
829 0
0 830
831 0
0 832
833 0
0 834
835 0
0 836
837 0
0 838
839 0
0 840
841 0
0 842
843 0
0 844
845 0
0 846
847 0
0 848
849 0
0 850
851 0
0 852
853 0
0 854
855 0
0 856
857 0
0 858
859 0
0 860
861 0
0 862
863 0
0 864
865 0
0 866
867 0
0 868
869 0
0 870
871 0
0 872
873 0
0 874
875 0
0 876
877 0
0 878
879 0
0 880
881 0
0 882
883 0
0 884
885 0
0 886
887 0
0 888
889 0
0 890
891 0
0 892
893 0
0 894
895 0
0 896
897 0
0 898
899 0
0 900
901 0
0 902
903 0
0 904
905 0
0 906
907 0
0 908
909 0
0 910
911 0
0 912
913 0
0 914
915 0
0 916
917 0
0 918
919 0
0 920
921 0
0 922
923 0
0 924
925 0
0 926
927 0
0 928
929 0
0 930
931 0
0 932
933 0
0 934
935 0
0 936
937 0
0 938
939 0
0 940
941 0
0 942
943 0
0 944
945 0
0 946
947 0
0 948
949 0
0 950
951 0
0 952
953 0
0 954
955 0
0 956
957 0
0 958
959 0
0 960
961 0
0 962
963 0
0 964
965 0
0 966
967 0
0 968
969 0
0 970
971 0
0 972
973 0
0 974
975 0
0 976
977 0
0 978
979 0
0 980
981 0
0 982
983 0
0 984
985 0
0 986
987 0
0 988
989 0
0 990
991 0
0 992
993 0
0 994
995 0
0 996
997 0
0 998
999 0
0 1000
1001 0
0 1002
1003 0
0 1004
1005 0
0 1006
1007 0
0 1008
1009 0
0 1010
1011 0
0 1012
1013 0
0 1014
1015 0
0 1016
1017 0
0 1018
1019 0
0 1020
1021 0
0 1022
1023 0
0 1024
1025 0
0 1026
1027 0
0 1028
1029 0
0 1030
1031 0
0 1032
1033 0
0 1034
1035 0
0 1036
1037 0
0 1038
1039 0
0 1040
1041 0
0 1042
1043 0
0 1044
1045 0
0 1046
1047 0
0 1048
1049 0
0 1050
1051 0
0 1052
1053 0
0 1054
1055 0
0 1056
1057 0
0 1058
1059 0
0 1060
1061 0
0 1062
1063 0
0 1064
1065 0
0 1066
1067 0
0 1068
1069 0
0 1070
1071 0
0 1072
1073 0
0 1074
1075 0
0 1076
1077 0
0 1078
1079 0
0 1080
1081 0
0 1082
1083 0
0 1084
1085 0
0 1086
1087 0
0 1088
1089 0
0 1090
1091 0
0 1092
1093 0
0 1094
1095 0
0 1096
1097 0
0 1098
1099 0
0 1100
1101 0
0 1102
1103 0
0 1104
1105 0
0 1106
1107 0
0 1108
1109 0
0 1110
1111 0
0 1112
1113 0
0 1114
1115 0
0 1116
1117 0
0 1118
1119 0
0 1120
1121 0
0 1122
1123 0
0 1124
1125 0
0 1126
1127 0
0 1128
1129 0
0 1130
1131 0
0 1132
1133 0
0 1134
1135 0
0 1136
1137 0
0 1138
1139 0
0 1140
1141 0
0 1142
1143 0
0 1144
1145 0
0 1146
1147 0
0 1148
1149 0
0 1150
1151 0
0 1152
1153 0
0 1154
1155 0
0 1156
1157 0
0 1158
1159 0
0 1160
1161 0
0 1162
1163 0
0 1164
1165 0
0 1166
1167 0
0 1168
1169 0
0 1170
1171 0
0 1172
1173 0
0 1174
1175 0
0 1176
1177 0
0 1178
1179 0
0 1180
1181 0
0 1182
1183 0
0 1184
1185 0
0 1186
1187 0
0 1188
1189 0
0 1190
1191 0
0 1192
1193 0
0 1194
1195 0
0 1196
1197 0
0 1198
1199 0
0 1200
1201 0
0 1202
1203 0
0 1204
1205 0
0 1206
1207 0
0 1208
1209 0
0 1210
1211 0
0 1212
1213 0
0 1214
1215 0
0 1216
1217 0
0 1218
1219 0
0 1220
1221 0
0 1222
1223 0
0 1224
1225 0
0 1226
1227 0
0 1228
1229 0
0 1230
1231 0
0 1232
1233 0
0 1234
1235 0
0 1236
1237 0
0 1238
1239 0
0 1240
1241 0
0 1242
1243 0
0 1244
1245 0
0 1246
1247 0
0 1248
1249 0
0 1250
1251 0
0 1252
1253 0
0 1254
1255 0
0 1256
1257 0
0 1258
1259 0
0 1260
1261 0
0 1262
1263 0
0 1264
1265 0
0 1266
1267 0
0 1268
1269 0
0 1270
1271 0
0 1272
1273 0
0 1274
1275 0
0 1276
1277 0
0 1278
1279 0
0 1280
1281 0
0 1282
1283 0
0 1284
1285 0
0 1286
1287 0
0 1288
1289 0
0 1290
1291 0
0 1292
1293 0
0 1294
1295 0
0 1296
1297 0
0 1298
1299 0
0 1300
1301 0
0 1302
1303 0
0 1304
1305 0
0 1306
1307 0
0 1308
1309 0
0 1310
1311 0
0 1312
1313 0
0 1314
1315 0
0 1316
1317 0
0 1318
1319 0
0 1320
1321 0
0 1322
1323 0
0 1324
1325 0
0 1326
1327 0
0 1328
1329 0
0 1330
1331 0
0 1332
1333 0
0 1334
1335 0
0 1336
1337 0
0 1338
1339 0
0 1340
1341 0
0 1342
1343 0
0 1344
1345 0
0 1346
1347 0
0 1348
1349 0
0 1350
1351 0
0 1352
1353 0
0 1354
1355 0
0 1356
1357 0
0 1358
1359 0
0 1360
1361 0
0 1362
1363 0
0 1364
1365 0
0 1366
1367 0
0 1368
1369 0
0 1370
1371 0
0 1372
1373 0
0 1374
1375 0
0 1376
1377 0
0 1378
1379 0
0 1380
1381 0
0 1382
1383 0
0 1384
1385 0
0 1386
1387 0
0 1388
1389 0
0 1390
1391 0
0 1392
1393 0
0 1394
1395 0
0 1396
1397 0
0 1398
1399 0
0 1400
1401 0
0 1402
1403 0
0 1404
1405 0
0 1406
1407 0
0 1408
1409 0
0 1410
1411 0
0 1412
1413 0
0 1414
1415 0
0 1416
1417 0
0 1418
1419 0
0 1420
1421 0
0 1422
1423 0
0 1424
1425 0
0 1426
1427 0
0 1428
1429 0
0 1430
1431 0
0 1432
1433 0
0 1434
1435 0
0 1436
1437 0
0 1438
1439 0
0 1440
1441 0
0 1442
1443 0
0 1444
1445 0
0 1446
1447 0
0 1448
1449 0
0 1450
1451 0
0 1452
1453 0
0 1454
1455 0
0 1456
1457 0
0 1458
1459 0
0 1460
1461 0
0 1462
1463 0
0 1464
1465 0
0 1466
1467 0
0 1468
1469 0
0 1470
1471 0
0 1472
1473 0
0 1474
1475 0
0 1476
1477 0
0 1478
1479 0
0 1480
1481 0
0 1482
1483 0
0 1484
1485 0
0 1486
1487 0
0 1488
1489 0
0 1490
1491 0
0 1492
1493 0
0 1494
1495 0
0 1496
1497 0
0 1498
1499 0
0 1500
1501 0
0 1502
1503 0
0 1504
1505 0
0 1506
1507 0
0 1508
1509 0
0 1510
1511 0
0 1512
1513 0
0 1514
1515 0
0 1516
1517 0
0 1518
1519 0
0 1520
1521 0
0 1522
1523 0
0 1524
1525 0
0 1526
1527 0
0 1528
1529 0
0 1530
1531 0
0 1532
1533 0
0 1534
1535 0
0 1536
1537 0
0 1538
1539 0
0 1540
1541 0
0 1542
1543 0
0 1544
1545 0
0 1546
1547 0
0 1548
1549 0
0 1550
1551 0
0 1552
1553 0
0 1554
1555 0
0 1556
1557 0
0 1558
1559 0
0 1560
1561 0
0 1562
1563 0
0 1564
1565 0
0 1566
1567 0
0 1568
1569 0
0 1570
1571 0
0 1572
1573 0
0 1574
1575 0
0 1576
1577 0
0 1578
1579 0
0 1580
1581 0
0 1582
1583 0
0 1584
1585 0
0 1586
1587 0
0 1588
1589 0
0 1590
1591 0
0 1592
1593 0
0 1594
1595 0
0 1596
1597 0
0 1598
1599 0
0 1600
1601 0
0 1602
1603 0
0 1604
1605 0
0 1606
1607 0
0 1608
1609 0
0 1610
1611 0
0 1612
1613 0
0 1614
1615 0
0 1616
1617 0
0 1618
1619 0
0 1620
1621 0
0 1622
1623 0
0 1624
1625 0
0 1626
1627 0
0 1628
1629 0
0 1630
1631 0
0 1632
1633 0
0 1634
1635 0
0 1636
1637 0
0 1638
1639 0
0 1640
1641 0
0 1642
1643 0
0 1644
1645 0
0 1646
1647 0
0 1648
1649 0
0 1650
1651 0
0 1652
1653 0
0 1654
1655 0
0 1656
1657 0
0 1658
1659 0
0 1660
1661 0
0 1662
1663 0
0 1664
1665 0
0 1666
1667 0
0 1668
1669 0
0 1670
1671 0
0 1672
1673 0
0 1674
1675 0
0 1676
1677 0
0 1678
1679 0
0 1680
1681 0
0 1682
1683 0
0 1684
1685 0
0 1686
1687 0
0 1688
1689 0
0 1690
1691 0
0 1692
1693 0
0 1694
1695 0
0 1696
1697 0
0 1698
1699 0
0 1700
1701 0
0 1702
1703 0
0 1704
1705 0
0 1706
1707 0
0 1708
1709 0
0 1710
1711 0
0 1712
1713 0
0 1714
1715 0
0 1716
1717 0
0 1718
1719 0
0 1720
1721 0
0 1722
1723 0
0 1724
1725 0
0 1726
1727 0
0 1728
1729 0
0 1730
1731 0
0 1732
1733 0
0 1734
1735 0
0 1736
1737 0
0 1738
1739 0
0 1740
1741 0
0 1742
1743 0
0 1744
1745 0
0 1746
1747 0
0 1748
1749 0
0 1750
1751 0
0 1752
1753 0
0 1754
1755 0
0 1756
1757 0
0 1758
1759 0
0 1760
1761 0
0 1762
1763 0
0 1764
1765 0
0 1766
1767 0
0 1768
1769 0
0 1770
1771 0
0 1772
1773 0
0 1774
1775 0
0 1776
1777 0
0 1778
1779 0
0 1780
1781 0
0 1782
1783 0
0 1784
1785 0
0 1786
1787 0
0 1788
1789 0
0 1790
1791 0
0 1792
1793 0
0 1794
1795 0
0 1796
1797 0
0 1798
1799 0
0 1800
1801 0
0 1802
1803 0
0 1804
1805 0
0 1806
1807 0
0 1808
1809 0
0 1810
1811 0
0 1812
1813 0
0 1814
1815 0
0 1816
1817 0
0 1818
1819 0
0 1820
1821 0
0 1822
1823 0
0 1824
1825 0
0 1826
1827 0
0 1828
1829 0
0 1830
1831 0
0 1832
1833 0
0 1834
1835 0
0 1836
1837 0
0 1838
1839 0
0 1840
1841 0
0 1842
1843 0
0 1844
1845 0
0 1846
1847 0
0 1848
1849 0
0 1850
1851 0
0 1852
1853 0
0 1854
1855 0
0 1856
1857 0
0 1858
1859 0
0 1860
1861 0
0 1862
1863 0
0 1864
1865 0
0 1866
1867 0
0 1868
1869 0
0 1870
1871 0
0 1872
1873 0
0 1874
1875 0
0 1876
1877 0
0 1878
1879 0
0 1880
1881 0
0 1882
1883 0
0 1884
1885 0
0 1886
1887 0
0 1888
1889 0
0 1890
1891 0
0 1892
1893 0
0 1894
1895 0
0 1896
1897 0
0 1898
1899 0
0 1900
1901 0
0 1902
1903 0
0 1904
1905 0
0 1906
1907 0
0 1908
1909 0
0 1910
1911 0
0 1912
1913 0
0 1914
1915 0
0 1916
1917 0
0 1918
1919 0
0 1920
1921 0
0 1922
1923 0
0 1924
1925 0
0 1926
1927 0
0 1928
1929 0
0 1930
1931 0
0 1932
1933 0
0 1934
1935 0
0 1936
1937 0
0 1938
1939 0
0 1940
1941 0
0 1942
1943 0
0 1944
1945 0
0 1946
1947 0
0 1948
1949 0
0 1950
1951 0
0 1952
1953 0
0 1954
1955 0
0 1956
1957 0
0 1958
1959 0
0 1960
1961 0
0 1962
1963 0
0 1964
1965 0
0 1966
1967 0
0 1968
1969 0
0 1970
1971 0
0 1972
1973 0
0 1974
1975 0
0 1976
1977 0
0 1978
1979 0
0 1980
1981 0
0 1982
1983 0
0 1984
1985 0
0 1986
1987 0
0 1988
1989 0
0 1990
1991 0
0 1992
1993 0
0 1994
1995 0
0 1996
1997 0
0 1998
1999 0
0 2000
1 0
0 2
3 0
0 4
5 0
0 6
7 0
0 8
9 0
0 10
11 0
0 12
13 0
0 14
15 0
0 16
17 0
0 18
19 0
0 20
21 0
0 22
23 0
0 24
25 0
0 26
27 0
0 28
29 0
0 30
31 0
0 32
33 0
0 34
35 0
0 36
37 0
0 38
39 0
0 40
41 0
0 42
43 0
0 44
45 0
0 46
47 0
0 48
49 0
0 50
51 0
0 52
53 0
0 54
55 0
0 56
57 0
0 58
59 0
0 60
61 0
0 62
63 0
0 64
65 0
0 66
67 0
0 68
69 0
0 70
71 0
0 72
73 0
0 74
75 0
0 76
77 0
0 78
79 0
0 80
81 0
0 82
83 0
0 84
85 0
0 86
87 0
0 88
89 0
0 90
91 0
0 92
93 0
0 94
95 0
0 96
97 0
0 98
99 0
0 100
101 0
0 102
103 0
0 104
105 0
0 106
107 0
0 108
109 0
0 110
111 0
0 112
113 0
0 114
115 0
0 116
117 0
0 118
119 0
0 120
121 0
0 122
123 0
0 124
125 0
0 126
127 0
0 128
129 0
0 130
131 0
0 132
133 0
0 134
135 0
0 136
137 0
0 138
139 0
0 140
141 0
0 142
143 0
0 144
145 0
0 146
147 0
0 148
149 0
0 150
151 0
0 152
153 0
0 154
155 0
0 156
157 0
0 158
159 0
0 160
161 0
0 162
163 0
0 164
165 0
0 166
167 0
0 168
169 0
0 170
171 0
0 172
173 0
0 174
175 0
0 176
177 0
0 178
179 0
0 180
181 0
0 182
183 0
0 184
185 0
0 186
187 0
0 188
189 0
0 190
191 0
0 192
193 0
0 194
195 0
0 196
197 0
0 198
199 0
0 200
201 0
0 202
203 0
0 204
205 0
0 206
207 0
0 208
209 0
0 210
211 0
0 212
213 0
0 214
215 0
0 216
217 0
0 218
219 0
0 220
221 0
0 222
223 0
0 224
225 0
0 226
227 0
0 228
229 0
0 230
231 0
0 232
233 0
0 234
235 0
0 236
237 0
0 238
239 0
0 240
241 0
0 242
243 0
0 244
245 0
0 246
247 0
0 248
249 0
0 250
251 0
0 252
253 0
0 254
255 0
0 256
257 0
0 258
259 0
0 260
261 0
0 262
263 0
0 264
265 0
0 266
267 0
0 268
269 0
0 270
271 0
0 272
273 0
0 274
275 0
0 276
277 0
0 278
279 0
0 280
281 0
0 282
283 0
0 284
285 0
0 286
287 0
0 288
289 0
0 290
291 0
0 292
293 0
0 294
295 0
0 296
297 0
0 298
299 0
0 300
301 0
0 302
303 0
0 304
305 0
0 306
307 0
0 308
309 0
0 310
311 0
0 312
313 0
0 314
315 0
0 316
317 0
0 318
319 0
0 320
321 0
0 322
323 0
0 324
325 0
0 326
327 0
0 328
329 0
0 330
331 0
0 332
333 0
0 334
335 0
0 336
337 0
0 338
339 0
0 340
341 0
0 342
343 0
0 344
345 0
0 346
347 0
0 348
349 0
0 350
351 0
0 352
353 0
0 354
355 0
0 356
357 0
0 358
359 0
0 360
361 0
0 362
363 0
0 364
365 0
0 366
367 0
0 368
369 0
0 370
371 0
0 372
373 0
0 374
375 0
0 376
377 0
0 378
379 0
0 380
381 0
0 382
383 0
0 384
385 0
0 386
387 0
0 388
389 0
0 390
391 0
0 392
393 0
0 394
395 0
0 396
397 0
0 398
399 0
0 400
401 0
0 402
403 0
0 404
405 0
0 406
407 0
0 408
409 0
0 410
411 0
0 412
413 0
0 414
415 0
0 416
417 0
0 418
419 0
0 420
421 0
0 422
423 0
0 424
425 0
0 426
427 0
0 428
429 0
0 430
431 0
0 432
433 0
0 434
435 0
0 436
437 0
0 438
439 0
0 440
441 0
0 442
443 0
0 444
445 0
0 446
447 0
0 448
449 0
0 450
451 0
0 452
453 0
0 454
455 0
0 456
457 0
0 458
459 0
0 460
461 0
0 462
463 0
0 464
465 0
0 466
467 0
0 468
469 0
0 470
471 0
0 472
473 0
0 474
475 0
0 476
477 0
0 478
479 0
0 480
481 0
0 482
483 0
0 484
485 0
0 486
487 0
0 488
489 0
0 490
491 0
0 492
493 0
0 494
495 0
0 496
497 0
0 498
499 0
0 500
501 0
0 502
503 0
0 504
505 0
0 506
507 0
0 508
509 0
0 510
511 0
0 512
513 0
0 514
515 0
0 516
517 0
0 518
519 0
0 520
521 0
0 522
523 0
0 524
525 0
0 526
527 0
0 528
529 0
0 530
531 0
0 532
533 0
0 534
535 0
0 536
537 0
0 538
539 0
0 540
541 0
0 542
543 0
0 544
545 0
0 546
547 0
0 548
549 0
0 550
551 0
0 552
553 0
0 554
555 0
0 556
557 0
0 558
559 0
0 560
561 0
0 562
563 0
0 564
565 0
0 566
567 0
0 568
569 0
0 570
571 0
0 572
573 0
0 574
575 0
0 576
577 0
0 578
579 0
0 580
581 0
0 582
583 0
0 584
585 0
0 586
587 0
0 588
589 0
0 590
591 0
0 592
593 0
0 594
595 0
0 596
597 0
0 598
599 0
0 600
601 0
0 602
603 0
0 604
605 0
0 606
607 0
0 608
609 0
0 610
611 0
0 612
613 0
0 614
615 0
0 616
617 0
0 618
619 0
0 620
621 0
0 622
623 0
0 624
625 0
0 626
627 0
0 628
629 0
0 630
631 0
0 632
633 0
0 634
635 0
0 636
637 0
0 638
639 0
0 640
641 0
0 642
643 0
0 644
645 0
0 646
647 0
0 648
649 0
0 650
651 0
0 652
653 0
0 654
655 0
0 656
657 0
0 658
659 0
0 660
661 0
0 662
663 0
0 664
665 0
0 666
667 0
0 668
669 0
0 670
671 0
0 672
673 0
0 674
675 0
0 676
677 0
0 678
679 0
0 680
681 0
0 682
683 0
0 684
685 0
0 686
687 0
0 688
689 0
0 690
691 0
0 692
693 0
0 694
695 0
0 696
697 0
0 698
699 0
0 700
701 0
0 702
703 0
0 704
705 0
0 706
707 0
0 708
709 0
0 710
711 0
0 712
713 0
0 714
715 0
0 716
717 0
0 718
719 0
0 720
721 0
0 722
723 0
0 724
725 0
0 726
727 0
0 728
729 0
0 730
731 0
0 732
733 0
0 734
735 0
0 736
737 0
0 738
739 0
0 740
741 0
0 742
743 0
0 744
745 0
0 746
747 0
0 748
749 0
0 750
751 0
0 752
753 0
0 754
755 0
0 756
757 0
0 758
759 0
0 760
761 0
0 762
763 0
0 764
765 0
0 766
767 0
0 768
769 0
0 770
771 0
0 772
773 0
0 774
775 0
0 776
777 0
0 778
779 0
0 780
781 0
0 782
783 0
0 784
785 0
0 786
787 0
0 788
789 0
0 790
791 0
0 792
793 0
0 794
795 0
0 796
797 0
0 798
799 0
0 800
801 0
0 802
803 0
0 804
805 0
0 806
807 0
0 808
809 0
0 810
811 0
0 812
813 0
0 814
815 0
0 816
817 0
0 818
819 0
0 820
821 0
0 822
823 0
0 824
825 0
0 826
827 0
0 828
829 0
0 830
831 0
0 832
833 0
0 834
835 0
0 836
837 0
0 838
839 0
0 840
841 0
0 842
843 0
0 844
845 0
0 846
847 0
0 848
849 0
0 850
851 0
0 852
853 0
0 854
855 0
0 856
857 0
0 858
859 0
0 860
861 0
0 862
863 0
0 864
865 0
0 866
867 0
0 868
869 0
0 870
871 0
0 872
873 0
0 874
875 0
0 876
877 0
0 878
879 0
0 880
881 0
0 882
883 0
0 884
885 0
0 886
887 0
0 888
889 0
0 890
891 0
0 892
893 0
0 894
895 0
0 896
897 0
0 898
899 0
0 900
901 0
0 902
903 0
0 904
905 0
0 906
907 0
0 908
909 0
0 910
911 0
0 912
913 0
0 914
915 0
0 916
917 0
0 918
919 0
0 920
921 0
0 922
923 0
0 924
925 0
0 926
927 0
0 928
929 0
0 930
931 0
0 932
933 0
0 934
935 0
0 936
937 0
0 938
939 0
0 940
941 0
0 942
943 0
0 944
945 0
0 946
947 0
0 948
949 0
0 950
951 0
0 952
953 0
0 954
955 0
0 956
957 0
0 958
959 0
0 960
961 0
0 962
963 0
0 964
965 0
0 966
967 0
0 968
969 0
0 970
971 0
0 972
973 0
0 974
975 0
0 976
977 0
0 978
979 0
0 980
981 0
0 982
983 0
0 984
985 0
0 986
987 0
0 988
989 0
0 990
991 0
0 992
993 0
0 994
995 0
0 996
997 0
0 998
999 0
0 1000
1001 0
0 1002
1003 0
0 1004
1005 0
0 1006
1007 0
0 1008
1009 0
0 1010
1011 0
0 1012
1013 0
0 1014
1015 0
0 1016
1017 0
0 1018
1019 0
0 1020
1021 0
0 1022
1023 0
0 1024
1025 0
0 1026
1027 0
0 1028
1029 0
0 1030
1031 0
0 1032
1033 0
0 1034
1035 0
0 1036
1037 0
0 1038
1039 0
0 1040
1041 0
0 1042
1043 0
0 1044
1045 0
0 1046
1047 0
0 1048
1049 0
0 1050
1051 0
0 1052
1053 0
0 1054
1055 0
0 1056
1057 0
0 1058
1059 0
0 1060
1061 0
0 1062
1063 0
0 1064
1065 0
0 1066
1067 0
0 1068
1069 0
0 1070
1071 0
0 1072
1073 0
0 1074
1075 0
0 1076
1077 0
0 1078
1079 0
0 1080
1081 0
0 1082
1083 0
0 1084
1085 0
0 1086
1087 0
0 1088
1089 0
0 1090
1091 0
0 1092
1093 0
0 1094
1095 0
0 1096
1097 0
0 1098
1099 0
0 1100
1101 0
0 1102
1103 0
0 1104
1105 0
0 1106
1107 0
0 1108
1109 0
0 1110
1111 0
0 1112
1113 0
0 1114
1115 0
0 1116
1117 0
0 1118
1119 0
0 1120
1121 0
0 1122
1123 0
0 1124
1125 0
0 1126
1127 0
0 1128
1129 0
0 1130
1131 0
0 1132
1133 0
0 1134
1135 0
0 1136
1137 0
0 1138
1139 0
0 1140
1141 0
0 1142
1143 0
0 1144
1145 0
0 1146
1147 0
0 1148
1149 0
0 1150
1151 0
0 1152
1153 0
0 1154
1155 0
0 1156
1157 0
0 1158
1159 0
0 1160
1161 0
0 1162
1163 0
0 1164
1165 0
0 1166
1167 0
0 1168
1169 0
0 1170
1171 0
0 1172
1173 0
0 1174
1175 0
0 1176
1177 0
0 1178
1179 0
0 1180
1181 0
0 1182
1183 0
0 1184
1185 0
0 1186
1187 0
0 1188
1189 0
0 1190
1191 0
0 1192
1193 0
0 1194
1195 0
0 1196
1197 0
0 1198
1199 0
0 1200
1201 0
0 1202
1203 0
0 1204
1205 0
0 1206
1207 0
0 1208
1209 0
0 1210
1211 0
0 1212
1213 0
0 1214
1215 0
0 1216
1217 0
0 1218
1219 0
0 1220
1221 0
0 1222
1223 0
0 1224
1225 0
0 1226
1227 0
0 1228
1229 0
0 1230
1231 0
0 1232
1233 0
0 1234
1235 0
0 1236
1237 0
0 1238
1239 0
0 1240
1241 0
0 1242
1243 0
0 1244
1245 0
0 1246
1247 0
0 1248
1249 0
0 1250
1251 0
0 1252
1253 0
0 1254
1255 0
0 1256
1257 0
0 1258
1259 0
0 1260
1261 0
0 1262
1263 0
0 1264
1265 0
0 1266
1267 0
0 1268
1269 0
0 1270
1271 0
0 1272
1273 0
0 1274
1275 0
0 1276
1277 0
0 1278
1279 0
0 1280
1281 0
0 1282
1283 0
0 1284
1285 0
0 1286
1287 0
0 1288
1289 0
0 1290
1291 0
0 1292
1293 0
0 1294
1295 0
0 1296
1297 0
0 1298
1299 0
0 1300
1301 0
0 1302
1303 0
0 1304
1305 0
0 1306
1307 0
0 1308
1309 0
0 1310
1311 0
0 1312
1313 0
0 1314
1315 0
0 1316
1317 0
0 1318
1319 0
0 1320
1321 0
0 1322
1323 0
0 1324
1325 0
0 1326
1327 0
0 1328
1329 0
0 1330
1331 0
0 1332
1333 0
0 1334
1335 0
0 1336
1337 0
0 1338
1339 0
0 1340
1341 0
0 1342
1343 0
0 1344
1345 0
0 1346
1347 0
0 1348
1349 0
0 1350
1351 0
0 1352
1353 0
0 1354
1355 0
0 1356
1357 0
0 1358
1359 0
0 1360
1361 0
0 1362
1363 0
0 1364
1365 0
0 1366
1367 0
0 1368
1369 0
0 1370
1371 0
0 1372
1373 0
0 1374
1375 0
0 1376
1377 0
0 1378
1379 0
0 1380
1381 0
0 1382
1383 0
0 1384
1385 0
0 1386
1387 0
0 1388
1389 0
0 1390
1391 0
0 1392
1393 0
0 1394
1395 0
0 1396
1397 0
0 1398
1399 0
0 1400
1401 0
0 1402
1403 0
0 1404
1405 0
0 1406
1407 0
0 1408
1409 0
0 1410
1411 0
0 1412
1413 0
0 1414
1415 0
0 1416
1417 0
0 1418
1419 0
0 1420
1421 0
0 1422
1423 0
0 1424
1425 0
0 1426
1427 0
0 1428
1429 0
0 1430
1431 0
0 1432
1433 0
0 1434
1435 0
0 1436
1437 0
0 1438
1439 0
0 1440
1441 0
0 1442
1443 0
0 1444
1445 0
0 1446
1447 0
0 1448
1449 0
0 1450
1451 0
0 1452
1453 0
0 1454
1455 0
0 1456
1457 0
0 1458
1459 0
0 1460
1461 0
0 1462
1463 0
0 1464
1465 0
0 1466
1467 0
0 1468
1469 0
0 1470
1471 0
0 1472
1473 0
0 1474
1475 0
0 1476
1477 0
0 1478
1479 0
0 1480
1481 0
0 1482
1483 0
0 1484
1485 0
0 1486
1487 0
0 1488
1489 0
0 1490
1491 0
0 1492
1493 0
0 1494
1495 0
0 1496
1497 0
0 1498
1499 0
0 1500
1501 0
0 1502
1503 0
0 1504
1505 0
0 1506
1507 0
0 1508
1509 0
0 1510
1511 0
0 1512
1513 0
0 1514
1515 0
0 1516
1517 0
0 1518
1519 0
0 1520
1521 0
0 1522
1523 0
0 1524
1525 0
0 1526
1527 0
0 1528
1529 0
0 1530
1531 0
0 1532
1533 0
0 1534
1535 0
0 1536
1537 0
0 1538
1539 0
0 1540
1541 0
0 1542
1543 0
0 1544
1545 0
0 1546
1547 0
0 1548
1549 0
0 1550
1551 0
0 1552
1553 0
0 1554
1555 0
0 1556
1557 0
0 1558
1559 0
0 1560
1561 0
0 1562
1563 0
0 1564
1565 0
0 1566
1567 0
0 1568
1569 0
0 1570
1571 0
0 1572
1573 0
0 1574
1575 0
0 1576
1577 0
0 1578
1579 0
0 1580
1581 0
0 1582
1583 0
0 1584
1585 0
0 1586
1587 0
0 1588
1589 0
0 1590
1591 0
0 1592
1593 0
0 1594
1595 0
0 1596
1597 0
0 1598
1599 0
0 1600
1601 0
0 1602
1603 0
0 1604
1605 0
0 1606
1607 0
0 1608
1609 0
0 1610
1611 0
0 1612
1613 0
0 1614
1615 0
0 1616
1617 0
0 1618
1619 0
0 1620
1621 0
0 1622
1623 0
0 1624
1625 0
0 1626
1627 0
0 1628
1629 0
0 1630
1631 0
0 1632
1633 0
0 1634
1635 0
0 1636
1637 0
0 1638
1639 0
0 1640
1641 0
0 1642
1643 0
0 1644
1645 0
0 1646
1647 0
0 1648
1649 0
0 1650
1651 0
0 1652
1653 0
0 1654
1655 0
0 1656
1657 0
0 1658
1659 0
0 1660
1661 0
0 1662
1663 0
0 1664
1665 0
0 1666
1667 0
0 1668
1669 0
0 1670
1671 0
0 1672
1673 0
0 1674
1675 0
0 1676
1677 0
0 1678
1679 0
0 1680
1681 0
0 1682
1683 0
0 1684
1685 0
0 1686
1687 0
0 1688
1689 0
0 1690
1691 0
0 1692
1693 0
0 1694
1695 0
0 1696
1697 0
0 1698
1699 0
0 1700
1701 0
0 1702
1703 0
0 1704
1705 0
0 1706
1707 0
0 1708
1709 0
0 1710
1711 0
0 1712
1713 0
0 1714
1715 0
0 1716
1717 0
0 1718
1719 0
0 1720
1721 0
0 1722
1723 0
0 1724
1725 0
0 1726
1727 0
0 1728
1729 0
0 1730
1731 0
0 1732
1733 0
0 1734
1735 0
0 1736
1737 0
0 1738
1739 0
0 1740
1741 0
0 1742
1743 0
0 1744
1745 0
0 1746
1747 0
0 1748
1749 0
0 1750
1751 0
0 1752
1753 0
0 1754
1755 0
0 1756
1757 0
0 1758
1759 0
0 1760
1761 0
0 1762
1763 0
0 1764
1765 0
0 1766
1767 0
0 1768
1769 0
0 1770
1771 0
0 1772
1773 0
0 1774
1775 0
0 1776
1777 0
0 1778
1779 0
0 1780
1781 0
0 1782
1783 0
0 1784
1785 0
0 1786
1787 0
0 1788
1789 0
0 1790
1791 0
0 1792
1793 0
0 1794
1795 0
0 1796
1797 0
0 1798
1799 0
0 1800
1801 0
0 1802
1803 0
0 1804
1805 0
0 1806
1807 0
0 1808
1809 0
0 1810
1811 0
0 1812
1813 0
0 1814
1815 0
0 1816
1817 0
0 1818
1819 0
0 1820
1821 0
0 1822
1823 0
0 1824
1825 0
0 1826
1827 0
0 1828
1829 0
0 1830
1831 0
0 1832
1833 0
0 1834
1835 0
0 1836
1837 0
0 1838
1839 0
0 1840
1841 0
0 1842
1843 0
0 1844
1845 0
0 1846
1847 0
0 1848
1849 0
0 1850
1851 0
0 1852
1853 0
0 1854
1855 0
0 1856
1857 0
0 1858
1859 0
0 1860
1861 0
0 1862
1863 0
0 1864
1865 0
0 1866
1867 0
0 1868
1869 0
0 1870
1871 0
0 1872
1873 0
0 1874
1875 0
0 1876
1877 0
0 1878
1879 0
0 1880
1881 0
0 1882
1883 0
0 1884
1885 0
0 1886
1887 0
0 1888
1889 0
0 1890
1891 0
0 1892
1893 0
0 1894
1895 0
0 1896
1897 0
0 1898
1899 0
0 1900
1901 0
0 1902
1903 0
0 1904
1905 0
0 1906
1907 0
0 1908
1909 0
0 1910
1911 0
0 1912
1913 0
0 1914
1915 0
0 1916
1917 0
0 1918
1919 0
0 1920
1921 0
0 1922
1923 0
0 1924
1925 0
0 1926
1927 0
0 1928
1929 0
0 1930
1931 0
0 1932
1933 0
0 1934
1935 0
0 1936
1937 0
0 1938
1939 0
0 1940
1941 0
0 1942
1943 0
0 1944
1945 0
0 1946
1947 0
0 1948
1949 0
0 1950
1951 0
0 1952
1953 0
0 1954
1955 0
0 1956
1957 0
0 1958
1959 0
0 1960
1961 0
0 1962
1963 0
0 1964
1965 0
0 1966
1967 0
0 1968
1969 0
0 1970
1971 0
0 1972
1973 0
0 1974
1975 0
0 1976
1977 0
0 1978
1979 0
0 1980
1981 0
0 1982
1983 0
0 1984
1985 0
0 1986
1987 0
0 1988
1989 0
0 1990
1991 0
0 1992
1993 0
0 1994
1995 0
0 1996
1997 0
0 1998
1999 0
0 2000
1 0
0 2
3 0
0 4
5 0
0 6
7 0
0 8
9 0
0 10
11 0
0 12
13 0
0 14
15 0
0 16
17 0
0 18
19 0
0 20
21 0
0 22
23 0
0 24
25 0
0 26
27 0
0 28
29 0
0 30
31 0
0 32
33 0
0 34
35 0
0 36
37 0
0 38
39 0
0 40
41 0
0 42
43 0
0 44
45 0
0 46
47 0
0 48
49 0
0 50
51 0
0 52
53 0
0 54
55 0
0 56
57 0
0 58
59 0
0 60
61 0
0 62
63 0
0 64
65 0
0 66
67 0
0 68
69 0
0 70
71 0
0 72
73 0
0 74
75 0
0 76
77 0
0 78
79 0
0 80
81 0
0 82
83 0
0 84
85 0
0 86
87 0
0 88
89 0
0 90
91 0
0 92
93 0
0 94
95 0
0 96
97 0
0 98
99 0
0 100
101 0
0 102
103 0
0 104
105 0
0 106
107 0
0 108
109 0
0 110
111 0
0 112
113 0
0 114
115 0
0 116
117 0
0 118
119 0
0 120
121 0
0 122
123 0
0 124
125 0
0 126
127 0
0 128
129 0
0 130
131 0
0 132
133 0
0 134
135 0
0 136
137 0
0 138
139 0
0 140
141 0
0 142
143 0
0 144
145 0
0 146
147 0
0 148
149 0
0 150
151 0
0 152
153 0
0 154
155 0
0 156
157 0
0 158
159 0
0 160
161 0
0 162
163 0
0 164
165 0
0 166
167 0
0 168
169 0
0 170
171 0
0 172
173 0
0 174
175 0
0 176
177 0
0 178
179 0
0 180
181 0
0 182
183 0
0 184
185 0
0 186
187 0
0 188
189 0
0 190
191 0
0 192
193 0
0 194
195 0
0 196
197 0
0 198
199 0
0 200
201 0
0 202
203 0
0 204
205 0
0 206
207 0
0 208
209 0
0 210
211 0
0 212
213 0
0 214
215 0
0 216
217 0
0 218
219 0
0 220
221 0
0 222
223 0
0 224
225 0
0 226
227 0
0 228
229 0
0 230
231 0
0 232
233 0
0 234
235 0
0 236
237 0
0 238
239 0
0 240
241 0
0 242
243 0
0 244
245 0
0 246
247 0
0 248
249 0
0 250
251 0
0 252
253 0
0 254
255 0
0 256
257 0
0 258
259 0
0 260
261 0
0 262
263 0
0 264
265 0
0 266
267 0
0 268
269 0
0 270
271 0
0 272
273 0
0 274
275 0
0 276
277 0
0 278
279 0
0 280
281 0
0 282
283 0
0 284
285 0
0 286
287 0
0 288
289 0
0 290
291 0
0 292
293 0
0 294
295 0
0 296
297 0
0 298
299 0
0 300
301 0
0 302
303 0
0 304
305 0
0 306
307 0
0 308
309 0
0 310
311 0
0 312
313 0
0 314
315 0
0 316
317 0
0 318
319 0
0 320
321 0
0 322
323 0
0 324
325 0
0 326
327 0
0 328
329 0
0 330
331 0
0 332
333 0
0 334
335 0
0 336
337 0
0 338
339 0
0 340
341 0
0 342
343 0
0 344
345 0
0 346
347 0
0 348
349 0
0 350
351 0
0 352
353 0
0 354
355 0
0 356
357 0
0 358
359 0
0 360
361 0
0 362
363 0
0 364
365 0
0 366
367 0
0 368
369 0
0 370
371 0
0 372
373 0
0 374
375 0
0 376
377 0
0 378
379 0
0 380
381 0
0 382
383 0
0 384
385 0
0 386
387 0
0 388
389 0
0 390
391 0
0 392
393 0
0 394
395 0
0 396
397 0
0 398
399 0
0 400
401 0
0 402
403 0
0 404
405 0
0 406
407 0
0 408
409 0
0 410
411 0
0 412
413 0
0 414
415 0
0 416
417 0
0 418
419 0
0 420
421 0
0 422
423 0
0 424
425 0
0 426
427 0
0 428
429 0
0 430
431 0
0 432
433 0
0 434
435 0
0 436
437 0
0 438
439 0
0 440
441 0
0 442
443 0
0 444
445 0
0 446
447 0
0 448
449 0
0 450
451 0
0 452
453 0
0 454
455 0
0 456
457 0
0 458
459 0
0 460
461 0
0 462
463 0
0 464
465 0
0 466
467 0
0 468
469 0
0 470
471 0
0 472
473 0
0 474
475 0
0 476
477 0
0 478
479 0
0 480
481 0
0 482
483 0
0 484
485 0
0 486
487 0
0 488
489 0
0 490
491 0
0 492
493 0
0 494
495 0
0 496
497 0
0 498
499 0
0 500
501 0
0 502
503 0
0 504
505 0
0 506
507 0
0 508
509 0
0 510
511 0
0 512
513 0
0 514
515 0
0 516
517 0
0 518
519 0
0 520
521 0
0 522
523 0
0 524
525 0
0 526
527 0
0 528
529 0
0 530
531 0
0 532
533 0
0 534
535 0
0 536
537 0
0 538
539 0
0 540
541 0
0 542
543 0
0 544
545 0
0 546
547 0
0 548
549 0
0 550
551 0
0 552
553 0
0 554
555 0
0 556
557 0
0 558
559 0
0 560
561 0
0 562
563 0
0 564
565 0
0 566
567 0
0 568
569 0
0 570
571 0
0 572
573 0
0 574
575 0
0 576
577 0
0 578
579 0
0 580
581 0
0 582
583 0
0 584
585 0
0 586
587 0
0 588
589 0
0 590
591 0
0 592
593 0
0 594
595 0
0 596
597 0
0 598
599 0
0 600
601 0
0 602
603 0
0 604
605 0
0 606
607 0
0 608
609 0
0 610
611 0
0 612
613 0
0 614
615 0
0 616
617 0
0 618
619 0
0 620
621 0
0 622
623 0
0 624
625 0
0 626
627 0
0 628
629 0
0 630
631 0
0 632
633 0
0 634
635 0
0 636
637 0
0 638
639 0
0 640
641 0
0 642
643 0
0 644
645 0
0 646
647 0
0 648
649 0
0 650
651 0
0 652
653 0
0 654
655 0
0 656
657 0
0 658
659 0
0 660
661 0
0 662
663 0
0 664
665 0
0 666
667 0
0 668
669 0
0 670
671 0
0 672
673 0
0 674
675 0
0 676
677 0
0 678
679 0
0 680
681 0
0 682
683 0
0 684
685 0
0 686
687 0
0 688
689 0
0 690
691 0
0 692
693 0
0 694
695 0
0 696
697 0
0 698
699 0
0 700
701 0
0 702
703 0
0 704
705 0
0 706
707 0
0 708
709 0
0 710
711 0
0 712
713 0
0 714
715 0
0 716
717 0
0 718
719 0
0 720
721 0
0 722
723 0
0 724
725 0
0 726
727 0
0 728
729 0
0 730
731 0
0 732
733 0
0 734
735 0
0 736
737 0
0 738
739 0
0 740
741 0
0 742
743 0
0 744
745 0
0 746
747 0
0 748
749 0
0 750
751 0
0 752
753 0
0 754
755 0
0 756
757 0
0 758
759 0
0 760
761 0
0 762
763 0
0 764
765 0
0 766
767 0
0 768
769 0
0 770
771 0
0 772
773 0
0 774
775 0
0 776
777 0
0 778
779 0
0 780
781 0
0 782
783 0
0 784
785 0
0 786
787 0
0 788
789 0
0 790
791 0
0 792
793 0
0 794
795 0
0 796
797 0
0 798
799 0
0 800
801 0
0 802
803 0
0 804
805 0
0 806
807 0
0 808
809 0
0 810
811 0
0 812
813 0
0 814
815 0
0 816
817 0
0 818
819 0
0 820
821 0
0 822
823 0
0 824
825 0
0 826
827 0
0 828
829 0
0 830
831 0
0 832
833 0
0 834
835 0
0 836
837 0
0 838
839 0
0 840
841 0
0 842
843 0
0 844
845 0
0 846
847 0
0 848
849 0
0 850
851 0
0 852
853 0
0 854
855 0
0 856
857 0
0 858
859 0
0 860
861 0
0 862
863 0
0 864
865 0
0 866
867 0
0 868
869 0
0 870
871 0
0 872
873 0
0 874
875 0
0 876
877 0
0 878
879 0
0 880
881 0
0 882
883 0
0 884
885 0
0 886
887 0
0 888
889 0
0 890
891 0
0 892
893 0
0 894
895 0
0 896
897 0
0 898
899 0
0 900
901 0
0 902
903 0
0 904
905 0
0 906
907 0
0 908
909 0
0 910
911 0
0 912
913 0
0 914
915 0
0 916
917 0
0 918
919 0
0 920
921 0
0 922
923 0
0 924
925 0
0 926
927 0
0 928
929 0
0 930
931 0
0 932
933 0
0 934
935 0
0 936
937 0
0 938
939 0
0 940
941 0
0 942
943 0
0 944
945 0
0 946
947 0
0 948
949 0
0 950
951 0
0 952
953 0
0 954
955 0
0 956
957 0
0 958
959 0
0 960
961 0
0 962
963 0
0 964
965 0
0 966
967 0
0 968
969 0
0 970
971 0
0 972
973 0
0 974
975 0
0 976
977 0
0 978
979 0
0 980
981 0
0 982
983 0
0 984
985 0
0 986
987 0
0 988
989 0
0 990
991 0
0 992
993 0
0 994
995 0
0 996
997 0
0 998
999 0
0 1000
1001 0
0 1002
1003 0
0 1004
1005 0
0 1006
1007 0
0 1008
1009 0
0 1010
1011 0
0 1012
1013 0
0 1014
1015 0
0 1016
1017 0
0 1018
1019 0
0 1020
1021 0
0 1022
1023 0
0 1024
1025 0
0 1026
1027 0
0 1028
1029 0
0 1030
1031 0
0 1032
1033 0
0 1034
1035 0
0 1036
1037 0
0 1038
1039 0
0 1040
1041 0
0 1042
1043 0
0 1044
1045 0
0 1046
1047 0
0 1048
1049 0
0 1050
1051 0
0 1052
1053 0
0 1054
1055 0
0 1056
1057 0
0 1058
1059 0
0 1060
1061 0
0 1062
1063 0
0 1064
1065 0
0 1066
1067 0
0 1068
1069 0
0 1070
1071 0
0 1072
1073 0
0 1074
1075 0
0 1076
1077 0
0 1078
1079 0
0 1080
1081 0
0 1082
1083 0
0 1084
1085 0
0 1086
1087 0
0 1088
1089 0
0 1090
1091 0
0 1092
1093 0
0 1094
1095 0
0 1096
1097 0
0 1098
1099 0
0 1100
1101 0
0 1102
1103 0
0 1104
1105 0
0 1106
1107 0
0 1108
1109 0
0 1110
1111 0
0 1112
1113 0
0 1114
1115 0
0 1116
1117 0
0 1118
1119 0
0 1120
1121 0
0 1122
1123 0
0 1124
1125 0
0 1126
1127 0
0 1128
1129 0
0 1130
1131 0
0 1132
1133 0
0 1134
1135 0
0 1136
1137 0
0 1138
1139 0
0 1140
1141 0
0 1142
1143 0
0 1144
1145 0
0 1146
1147 0
0 1148
1149 0
0 1150
1151 0
0 1152
1153 0
0 1154
1155 0
0 1156
1157 0
0 1158
1159 0
0 1160
1161 0
0 1162
1163 0
0 1164
1165 0
0 1166
1167 0
0 1168
1169 0
0 1170
1171 0
0 1172
1173 0
0 1174
1175 0
0 1176
1177 0
0 1178
1179 0
0 1180
1181 0
0 1182
1183 0
0 1184
1185 0
0 1186
1187 0
0 1188
1189 0
0 1190
1191 0
0 1192
1193 0
0 1194
1195 0
0 1196
1197 0
0 1198
1199 0
0 1200
1201 0
0 1202
1203 0
0 1204
1205 0
0 1206
1207 0
0 1208
1209 0
0 1210
1211 0
0 1212
1213 0
0 1214
1215 0
0 1216
1217 0
0 1218
1219 0
0 1220
1221 0
0 1222
1223 0
0 1224
1225 0
0 1226
1227 0
0 1228
1229 0
0 1230
1231 0
0 1232
1233 0
0 1234
1235 0
0 1236
1237 0
0 1238
1239 0
0 1240
1241 0
0 1242
1243 0
0 1244
1245 0
0 1246
1247 0
0 1248
1249 0
0 1250
1251 0
0 1252
1253 0
0 1254
1255 0
0 1256
1257 0
0 1258
1259 0
0 1260
1261 0
0 1262
1263 0
0 1264
1265 0
0 1266
1267 0
0 1268
1269 0
0 1270
1271 0
0 1272
1273 0
0 1274
1275 0
0 1276
1277 0
0 1278
1279 0
0 1280
1281 0
0 1282
1283 0
0 1284
1285 0
0 1286
1287 0
0 1288
1289 0
0 1290
1291 0
0 1292
1293 0
0 1294
1295 0
0 1296
1297 0
0 1298
1299 0
0 1300
1301 0
0 1302
1303 0
0 1304
1305 0
0 1306
1307 0
0 1308
1309 0
0 1310
1311 0
0 1312
1313 0
0 1314
1315 0
0 1316
1317 0
0 1318
1319 0
0 1320
1321 0
0 1322
1323 0
0 1324
1325 0
0 1326
1327 0
0 1328
1329 0
0 1330
1331 0
0 1332
1333 0
0 1334
1335 0
0 1336
1337 0
0 1338
1339 0
0 1340
1341 0
0 1342
1343 0
0 1344
1345 0
0 1346
1347 0
0 1348
1349 0
0 1350
1351 0
0 1352
1353 0
0 1354
1355 0
0 1356
1357 0
0 1358
1359 0
0 1360
1361 0
0 1362
1363 0
0 1364
1365 0
0 1366
1367 0
0 1368
1369 0
0 1370
1371 0
0 1372
1373 0
0 1374
1375 0
0 1376
1377 0
0 1378
1379 0
0 1380
1381 0
0 1382
1383 0
0 1384
1385 0
0 1386
1387 0
0 1388
1389 0
0 1390
1391 0
0 1392
1393 0
0 1394
1395 0
0 1396
1397 0
0 1398
1399 0
0 1400
1401 0
0 1402
1403 0
0 1404
1405 0
0 1406
1407 0
0 1408
1409 0
0 1410
1411 0
0 1412
1413 0
0 1414
1415 0
0 1416
1417 0
0 1418
1419 0
0 1420
1421 0
0 1422
1423 0
0 1424
1425 0
0 1426
1427 0
0 1428
1429 0
0 1430
1431 0
0 1432
1433 0
0 1434
1435 0
0 1436
1437 0
0 1438
1439 0
0 1440
1441 0
0 1442
1443 0
0 1444
1445 0
0 1446
1447 0
0 1448
1449 0
0 1450
1451 0
0 1452
1453 0
0 1454
1455 0
0 1456
1457 0
0 1458
1459 0
0 1460
1461 0
0 1462
1463 0
0 1464
1465 0
0 1466
1467 0
0 1468
1469 0
0 1470
1471 0
0 1472
1473 0
0 1474
1475 0
0 1476
1477 0
0 1478
1479 0
0 1480
1481 0
0 1482
1483 0
0 1484
1485 0
0 1486
1487 0
0 1488
1489 0
0 1490
1491 0
0 1492
1493 0
0 1494
1495 0
0 1496
1497 0
0 1498
1499 0
0 1500
1501 0
0 1502
1503 0
0 1504
1505 0
0 1506
1507 0
0 1508
1509 0
0 1510
1511 0
0 1512
1513 0
0 1514
1515 0
0 1516
1517 0
0 1518
1519 0
0 1520
1521 0
0 1522
1523 0
0 1524
1525 0
0 1526
1527 0
0 1528
1529 0
0 1530
1531 0
0 1532
1533 0
0 1534
1535 0
0 1536
1537 0
0 1538
1539 0
0 1540
1541 0
0 1542
1543 0
0 1544
1545 0
0 1546
1547 0
0 1548
1549 0
0 1550
1551 0
0 1552
1553 0
0 1554
1555 0
0 1556
1557 0
0 1558
1559 0
0 1560
1561 0
0 1562
1563 0
0 1564
1565 0
0 1566
1567 0
0 1568
1569 0
0 1570
1571 0
0 1572
1573 0
0 1574
1575 0
0 1576
1577 0
0 1578
1579 0
0 1580
1581 0
0 1582
1583 0
0 1584
1585 0
0 1586
1587 0
0 1588
1589 0
0 1590
1591 0
0 1592
1593 0
0 1594
1595 0
0 1596
1597 0
0 1598
1599 0
0 1600
1601 0
0 1602
1603 0
0 1604
1605 0
0 1606
1607 0
0 1608
1609 0
0 1610
1611 0
0 1612
1613 0
0 1614
1615 0
0 1616
1617 0
0 1618
1619 0
0 1620
1621 0
0 1622
1623 0
0 1624
1625 0
0 1626
1627 0
0 1628
1629 0
0 1630
1631 0
0 1632
1633 0
0 1634
1635 0
0 1636
1637 0
0 1638
1639 0
0 1640
1641 0
0 1642
1643 0
0 1644
1645 0
0 1646
1647 0
0 1648
1649 0
0 1650
1651 0
0 1652
1653 0
0 1654
1655 0
0 1656
1657 0
0 1658
1659 0
0 1660
1661 0
0 1662
1663 0
0 1664
1665 0
0 1666
1667 0
0 1668
1669 0
0 1670
1671 0
0 1672
1673 0
0 1674
1675 0
0 1676
1677 0
0 1678
1679 0
0 1680
1681 0
0 1682
1683 0
0 1684
1685 0
0 1686
1687 0
0 1688
1689 0
0 1690
1691 0
0 1692
1693 0
0 1694
1695 0
0 1696
1697 0
0 1698
1699 0
0 1700
1701 0
0 1702
1703 0
0 1704
1705 0
0 1706
1707 0
0 1708
1709 0
0 1710
1711 0
0 1712
1713 0
0 1714
1715 0
0 1716
1717 0
0 1718
1719 0
0 1720
1721 0
0 1722
1723 0
0 1724
1725 0
0 1726
1727 0
0 1728
1729 0
0 1730
1731 0
0 1732
1733 0
0 1734
1735 0
0 1736
1737 0
0 1738
1739 0
0 1740
1741 0
0 1742
1743 0
0 1744
1745 0
0 1746
1747 0
0 1748
1749 0
0 1750
1751 0
0 1752
1753 0
0 1754
1755 0
0 1756
1757 0
0 1758
1759 0
0 1760
1761 0
0 1762
1763 0
0 1764
1765 0
0 1766
1767 0
0 1768
1769 0
0 1770
1771 0
0 1772
1773 0
0 1774
1775 0
0 1776
1777 0
0 1778
1779 0
0 1780
1781 0
0 1782
1783 0
0 1784
1785 0
0 1786
1787 0
0 1788
1789 0
0 1790
1791 0
0 1792
1793 0
0 1794
1795 0
0 1796
1797 0
0 1798
1799 0
0 1800
1801 0
0 1802
1803 0
0 1804
1805 0
0 1806
1807 0
0 1808
1809 0
0 1810
1811 0
0 1812
1813 0
0 1814
1815 0
0 1816
1817 0
0 1818
1819 0
0 1820
1821 0
0 1822
1823 0
0 1824
1825 0
0 1826
1827 0
0 1828
1829 0
0 1830
1831 0
0 1832
1833 0
0 1834
1835 0
0 1836
1837 0
0 1838
1839 0
0 1840
1841 0
0 1842
1843 0
0 1844
1845 0
0 1846
1847 0
0 1848
1849 0
0 1850
1851 0
0 1852
1853 0
0 1854
1855 0
0 1856
1857 0
0 1858
1859 0
0 1860
1861 0
0 1862
1863 0
0 1864
1865 0
0 1866
1867 0
0 1868
1869 0
0 1870
1871 0
0 1872
1873 0
0 1874
1875 0
0 1876
1877 0
0 1878
1879 0
0 1880
1881 0
0 1882
1883 0
0 1884
1885 0
0 1886
1887 0
0 1888
1889 0
0 1890
1891 0
0 1892
1893 0
0 1894
1895 0
0 1896
1897 0
0 1898
1899 0
0 1900
1901 0
0 1902
1903 0
0 1904
1905 0
0 1906
1907 0
0 1908
1909 0
0 1910
1911 0
0 1912
1913 0
0 1914
1915 0
0 1916
1917 0
0 1918
1919 0
0 1920
1921 0
0 1922
1923 0
0 1924
1925 0
0 1926
1927 0
0 1928
1929 0
0 1930
1931 0
0 1932
1933 0
0 1934
1935 0
0 1936
1937 0
0 1938
1939 0
0 1940
1941 0
0 1942
1943 0
0 1944
1945 0
0 1946
1947 0
0 1948
1949 0
0 1950
1951 0
0 1952
1953 0
0 1954
1955 0
0 1956
1957 0
0 1958
1959 0
0 1960
1961 0
0 1962
1963 0
0 1964
1965 0
0 1966
1967 0
0 1968
1969 0
0 1970
1971 0
0 1972
1973 0
0 1974
1975 0
0 1976
1977 0
0 1978
1979 0
0 1980
1981 0
0 1982
1983 0
0 1984
1985 0
0 1986
1987 0
0 1988
1989 0
0 1990
1991 0
0 1992
1993 0
0 1994
1995 0
0 1996
1997 0
0 1998
1999 0
0 2000
1 0
0 2
3 0
0 4
5 0
0 6
7 0
0 8
9 0
0 10
11 0
0 12
13 0
0 14
15 0
0 16
17 0
0 18
19 0
0 20
21 0
0 22
23 0
0 24
25 0
0 26
27 0
0 28
29 0
0 30
31 0
0 32
33 0
0 34
35 0
0 36
37 0
0 38
39 0
0 40
41 0
0 42
43 0
0 44
45 0
0 46
47 0
0 48
49 0
0 50
51 0
0 52
53 0
0 54
55 0
0 56
57 0
0 58
59 0
0 60
61 0
0 62
63 0
0 64
65 0
0 66
67 0
0 68
69 0
0 70
71 0
0 72
73 0
0 74
75 0
0 76
77 0
0 78
79 0
0 80
81 0
0 82
83 0
0 84
85 0
0 86
87 0
0 88
89 0
0 90
91 0
0 92
93 0
0 94
95 0
0 96
97 0
0 98
99 0
0 100
101 0
0 102
103 0
0 104
105 0
0 106
107 0
0 108
109 0
0 110
111 0
0 112
113 0
0 114
115 0
0 116
117 0
0 118
119 0
0 120
121 0
0 122
123 0
0 124
125 0
0 126
127 0
0 128
129 0
0 130
131 0
0 132
133 0
0 134
135 0
0 136
137 0
0 138
139 0
0 140
141 0
0 142
143 0
0 144
145 0
0 146
147 0
0 148
149 0
0 150
151 0
0 152
153 0
0 154
155 0
0 156
157 0
0 158
159 0
0 160
161 0
0 162
163 0
0 164
165 0
0 166
167 0
0 168
169 0
0 170
171 0
0 172
173 0
0 174
175 0
0 176
177 0
0 178
179 0
0 180
181 0
0 182
183 0
0 184
185 0
0 186
187 0
0 188
189 0
0 190
191 0
0 192
193 0
0 194
195 0
0 196
197 0
0 198
199 0
0 200
201 0
0 202
203 0
0 204
205 0
0 206
207 0
0 208
209 0
0 210
211 0
0 212
213 0
0 214
215 0
0 216
217 0
0 218
219 0
0 220
221 0
0 222
223 0
0 224
225 0
0 226
227 0
0 228
229 0
0 230
231 0
0 232
233 0
0 234
235 0
0 236
237 0
0 238
239 0
0 240
241 0
0 242
243 0
0 244
245 0
0 246
247 0
0 248
249 0
0 250
251 0
0 252
253 0
0 254
255 0
0 256
257 0
0 258
259 0
0 260
261 0
0 262
263 0
0 264
265 0
0 266
267 0
0 268
269 0
0 270
271 0
0 272
273 0
0 274
275 0
0 276
277 0
0 278
279 0
0 280
281 0
0 282
283 0
0 284
285 0
0 286
287 0
0 288
289 0
0 290
291 0
0 292
293 0
0 294
295 0
0 296
297 0
0 298
299 0
0 300
301 0
0 302
303 0
0 304
305 0
0 306
307 0
0 308
309 0
0 310
311 0
0 312
313 0
0 314
315 0
0 316
317 0
0 318
319 0
0 320
321 0
0 322
323 0
0 324
325 0
0 326
327 0
0 328
329 0
0 330
331 0
0 332
333 0
0 334
335 0
0 336
337 0
0 338
339 0
0 340
341 0
0 342
343 0
0 344
345 0
0 346
347 0
0 348
349 0
0 350
351 0
0 352
353 0
0 354
355 0
0 356
357 0
0 358
359 0
0 360
361 0
0 362
363 0
0 364
365 0
0 366
367 0
0 368
369 0
0 370
371 0
0 372
373 0
0 374
375 0
0 376
377 0
0 378
379 0
0 380
381 0
0 382
383 0
0 384
385 0
0 386
387 0
0 388
389 0
0 390
391 0
0 392
393 0
0 394
395 0
0 396
397 0
0 398
399 0
0 400
401 0
0 402
403 0
0 404
405 0
0 406
407 0
0 408
409 0
0 410
411 0
0 412
413 0
0 414
415 0
0 416
417 0
0 418
419 0
0 420
421 0
0 422
423 0
0 424
425 0
0 426
427 0
0 428
429 0
0 430
431 0
0 432
433 0
0 434
435 0
0 436
437 0
0 438
439 0
0 440
441 0
0 442
443 0
0 444
445 0
0 446
447 0
0 448
449 0
0 450
451 0
0 452
453 0
0 454
455 0
0 456
457 0
0 458
459 0
0 460
461 0
0 462
463 0
0 464
465 0
0 466
467 0
0 468
469 0
0 470
471 0
0 472
473 0
0 474
475 0
0 476
477 0
0 478
479 0
0 480
481 0
0 482
483 0
0 484
485 0
0 486
487 0
0 488
489 0
0 490
491 0
0 492
493 0
0 494
495 0
0 496
497 0
0 498
499 0
0 500
501 0
0 502
503 0
0 504
505 0
0 506
507 0
0 508
509 0
0 510
511 0
0 512
513 0
0 514
515 0
0 516
517 0
0 518
519 0
0 520
521 0
0 522
523 0
0 524
525 0
0 526
527 0
0 528
529 0
0 530
531 0
0 532
533 0
0 534
535 0
0 536
537 0
0 538
539 0
0 540
541 0
0 542
543 0
0 544
545 0
0 546
547 0
0 548
549 0
0 550
551 0
0 552
553 0
0 554
555 0
0 556
557 0
0 558
559 0
0 560
561 0
0 562
563 0
0 564
565 0
0 566
567 0
0 568
569 0
0 570
571 0
0 572
573 0
0 574
575 0
0 576
577 0
0 578
579 0
0 580
581 0
0 582
583 0
0 584
585 0
0 586
587 0
0 588
589 0
0 590
591 0
0 592
593 0
0 594
595 0
0 596
597 0
0 598
599 0
0 600
601 0
0 602
603 0
0 604
605 0
0 606
607 0
0 608
609 0
0 610
611 0
0 612
613 0
0 614
615 0
0 616
617 0
0 618
619 0
0 620
621 0
0 622
623 0
0 624
625 0
0 626
627 0
0 628
629 0
0 630
631 0
0 632
633 0
0 634
635 0
0 636
637 0
0 638
639 0
0 640
641 0
0 642
643 0
0 644
645 0
0 646
647 0
0 648
649 0
0 650
651 0
0 652
653 0
0 654
655 0
0 656
657 0
0 658
659 0
0 660
661 0
0 662
663 0
0 664
665 0
0 666
667 0
0 668
669 0
0 670
671 0
0 672
673 0
0 674
675 0
0 676
677 0
0 678
679 0
0 680
681 0
0 682
683 0
0 684
685 0
0 686
687 0
0 688
689 0
0 690
691 0
0 692
693 0
0 694
695 0
0 696
697 0
0 698
699 0
0 700
701 0
0 702
703 0
0 704
705 0
0 706
707 0
0 708
709 0
0 710
711 0
0 712
713 0
0 714
715 0
0 716
717 0
0 718
719 0
0 720
721 0
0 722
723 0
0 724
725 0
0 726
727 0
0 728
729 0
0 730
731 0
0 732
733 0
0 734
735 0
0 736
737 0
0 738
739 0
0 740
741 0
0 742
743 0
0 744
745 0
0 746
747 0
0 748
749 0
0 750
751 0
0 752
753 0
0 754
755 0
0 756
757 0
0 758
759 0
0 760
761 0
0 762
763 0
0 764
765 0
0 766
767 0
0 768
769 0
0 770
771 0
0 772
773 0
0 774
775 0
0 776
777 0
0 778
779 0
0 780
781 0
0 782
783 0
0 784
785 0
0 786
787 0
0 788
789 0
0 790
791 0
0 792
793 0
0 794
795 0
0 796
797 0
0 798
799 0
0 800
801 0
0 802
803 0
0 804
805 0
0 806
807 0
0 808
809 0
0 810
811 0
0 812
813 0
0 814
815 0
0 816
817 0
0 818
819 0
0 820
821 0
0 822
823 0
0 824
825 0
0 826
827 0
0 828
829 0
0 830
831 0
0 832
833 0
0 834
835 0
0 836
837 0
0 838
839 0
0 840
841 0
0 842
843 0
0 844
845 0
0 846
847 0
0 848
849 0
0 850
851 0
0 852
853 0
0 854
855 0
0 856
857 0
0 858
859 0
0 860
861 0
0 862
863 0
0 864
865 0
0 866
867 0
0 868
869 0
0 870
871 0
0 872
873 0
0 874
875 0
0 876
877 0
0 878
879 0
0 880
881 0
0 882
883 0
0 884
885 0
0 886
887 0
0 888
889 0
0 890
891 0
0 892
893 0
0 894
895 0
0 896
897 0
0 898
899 0
0 900
901 0
0 902
903 0
0 904
905 0
0 906
907 0
0 908
909 0
0 910
911 0
0 912
913 0
0 914
915 0
0 916
917 0
0 918
919 0
0 920
921 0
0 922
923 0
0 924
925 0
0 926
927 0
0 928
929 0
0 930
931 0
0 932
933 0
0 934
935 0
0 936
937 0
0 938
939 0
0 940
941 0
0 942
943 0
0 944
945 0
0 946
947 0
0 948
949 0
0 950
951 0
0 952
953 0
0 954
955 0
0 956
957 0
0 958
959 0
0 960
961 0
0 962
963 0
0 964
965 0
0 966
967 0
0 968
969 0
0 970
971 0
0 972
973 0
0 974
975 0
0 976
977 0
0 978
979 0
0 980
981 0
0 982
983 0
0 984
985 0
0 986
987 0
0 988
989 0
0 990
991 0
0 992
993 0
0 994
995 0
0 996
997 0
0 998
999 0
0 1000
1001 0
0 1002
1003 0
0 1004
1005 0
0 1006
1007 0
0 1008
1009 0
0 1010
1011 0
0 1012
1013 0
0 1014
1015 0
0 1016
1017 0
0 1018
1019 0
0 1020
1021 0
0 1022
1023 0
0 1024
1025 0
0 1026
1027 0
0 1028
1029 0
0 1030
1031 0
0 1032
1033 0
0 1034
1035 0
0 1036
1037 0
0 1038
1039 0
0 1040
1041 0
0 1042
1043 0
0 1044
1045 0
0 1046
1047 0
0 1048
1049 0
0 1050
1051 0
0 1052
1053 0
0 1054
1055 0
0 1056
1057 0
0 1058
1059 0
0 1060
1061 0
0 1062
1063 0
0 1064
1065 0
0 1066
1067 0
0 1068
1069 0
0 1070
1071 0
0 1072
1073 0
0 1074
1075 0
0 1076
1077 0
0 1078
1079 0
0 1080
1081 0
0 1082
1083 0
0 1084
1085 0
0 1086
1087 0
0 1088
1089 0
0 1090
1091 0
0 1092
1093 0
0 1094
1095 0
0 1096
1097 0
0 1098
1099 0
0 1100
1101 0
0 1102
1103 0
0 1104
1105 0
0 1106
1107 0
0 1108
1109 0
0 1110
1111 0
0 1112
1113 0
0 1114
1115 0
0 1116
1117 0
0 1118
1119 0
0 1120
1121 0
0 1122
1123 0
0 1124
1125 0
0 1126
1127 0
0 1128
1129 0
0 1130
1131 0
0 1132
1133 0
0 1134
1135 0
0 1136
1137 0
0 1138
1139 0
0 1140
1141 0
0 1142
1143 0
0 1144
1145 0
0 1146
1147 0
0 1148
1149 0
0 1150
1151 0
0 1152
1153 0
0 1154
1155 0
0 1156
1157 0
0 1158
1159 0
0 1160
1161 0
0 1162
1163 0
0 1164
1165 0
0 1166
1167 0
0 1168
1169 0
0 1170
1171 0
0 1172
1173 0
0 1174
1175 0
0 1176
1177 0
0 1178
1179 0
0 1180
1181 0
0 1182
1183 0
0 1184
1185 0
0 1186
1187 0
0 1188
1189 0
0 1190
1191 0
0 1192
1193 0
0 1194
1195 0
0 1196
1197 0
0 1198
1199 0
0 1200
1201 0
0 1202
1203 0
0 1204
1205 0
0 1206
1207 0
0 1208
1209 0
0 1210
1211 0
0 1212
1213 0
0 1214
1215 0
0 1216
1217 0
0 1218
1219 0
0 1220
1221 0
0 1222
1223 0
0 1224
1225 0
0 1226
1227 0
0 1228
1229 0
0 1230
1231 0
0 1232
1233 0
0 1234
1235 0
0 1236
1237 0
0 1238
1239 0
0 1240
1241 0
0 1242
1243 0
0 1244
1245 0
0 1246
1247 0
0 1248
1249 0
0 1250
1251 0
0 1252
1253 0
0 1254
1255 0
0 1256
1257 0
0 1258
1259 0
0 1260
1261 0
0 1262
1263 0
0 1264
1265 0
0 1266
1267 0
0 1268
1269 0
0 1270
1271 0
0 1272
1273 0
0 1274
1275 0
0 1276
1277 0
0 1278
1279 0
0 1280
1281 0
0 1282
1283 0
0 1284
1285 0
0 1286
1287 0
0 1288
1289 0
0 1290
1291 0
0 1292
1293 0
0 1294
1295 0
0 1296
1297 0
0 1298
1299 0
0 1300
1301 0
0 1302
1303 0
0 1304
1305 0
0 1306
1307 0
0 1308
1309 0
0 1310
1311 0
0 1312
1313 0
0 1314
1315 0
0 1316
1317 0
0 1318
1319 0
0 1320
1321 0
0 1322
1323 0
0 1324
1325 0
0 1326
1327 0
0 1328
1329 0
0 1330
1331 0
0 1332
1333 0
0 1334
1335 0
0 1336
1337 0
0 1338
1339 0
0 1340
1341 0
0 1342
1343 0
0 1344
1345 0
0 1346
1347 0
0 1348
1349 0
0 1350
1351 0
0 1352
1353 0
0 1354
1355 0
0 1356
1357 0
0 1358
1359 0
0 1360
1361 0
0 1362
1363 0
0 1364
1365 0
0 1366
1367 0
0 1368
1369 0
0 1370
1371 0
0 1372
1373 0
0 1374
1375 0
0 1376
1377 0
0 1378
1379 0
0 1380
1381 0
0 1382
1383 0
0 1384
1385 0
0 1386
1387 0
0 1388
1389 0
0 1390
1391 0
0 1392
1393 0
0 1394
1395 0
0 1396
1397 0
0 1398
1399 0
0 1400
1401 0
0 1402
1403 0
0 1404
1405 0
0 1406
1407 0
0 1408
1409 0
0 1410
1411 0
0 1412
1413 0
0 1414
1415 0
0 1416
1417 0
0 1418
1419 0
0 1420
1421 0
0 1422
1423 0
0 1424
1425 0
0 1426
1427 0
0 1428
1429 0
0 1430
1431 0
0 1432
1433 0
0 1434
1435 0
0 1436
1437 0
0 1438
1439 0
0 1440
1441 0
0 1442
1443 0
0 1444
1445 0
0 1446
1447 0
0 1448
1449 0
0 1450
1451 0
0 1452
1453 0
0 1454
1455 0
0 1456
1457 0
0 1458
1459 0
0 1460
1461 0
0 1462
1463 0
0 1464
1465 0
0 1466
1467 0
0 1468
1469 0
0 1470
1471 0
0 1472
1473 0
0 1474
1475 0
0 1476
1477 0
0 1478
1479 0
0 1480
1481 0
0 1482
1483 0
0 1484
1485 0
0 1486
1487 0
0 1488
1489 0
0 1490
1491 0
0 1492
1493 0
0 1494
1495 0
0 1496
1497 0
0 1498
1499 0
0 1500
1501 0
0 1502
1503 0
0 1504
1505 0
0 1506
1507 0
0 1508
1509 0
0 1510
1511 0
0 1512
1513 0
0 1514
1515 0
0 1516
1517 0
0 1518
1519 0
0 1520
1521 0
0 1522
1523 0
0 1524
1525 0
0 1526
1527 0
0 1528
1529 0
0 1530
1531 0
0 1532
1533 0
0 1534
1535 0
0 1536
1537 0
0 1538
1539 0
0 1540
1541 0
0 1542
1543 0
0 1544
1545 0
0 1546
1547 0
0 1548
1549 0
0 1550
1551 0
0 1552
1553 0
0 1554
1555 0
0 1556
1557 0
0 1558
1559 0
0 1560
1561 0
0 1562
1563 0
0 1564
1565 0
0 1566
1567 0
0 1568
1569 0
0 1570
1571 0
0 1572
1573 0
0 1574
1575 0
0 1576
1577 0
0 1578
1579 0
0 1580
1581 0
0 1582
1583 0
0 1584
1585 0
0 1586
1587 0
0 1588
1589 0
0 1590
1591 0
0 1592
1593 0
0 1594
1595 0
0 1596
1597 0
0 1598
1599 0
0 1600
1601 0
0 1602
1603 0
0 1604
1605 0
0 1606
1607 0
0 1608
1609 0
0 1610
1611 0
0 1612
1613 0
0 1614
1615 0
0 1616
1617 0
0 1618
1619 0
0 1620
1621 0
0 1622
1623 0
0 1624
1625 0
0 1626
1627 0
0 1628
1629 0
0 1630
1631 0
0 1632
1633 0
0 1634
1635 0
0 1636
1637 0
0 1638
1639 0
0 1640
1641 0
0 1642
1643 0
0 1644
1645 0
0 1646
1647 0
0 1648
1649 0
0 1650
1651 0
0 1652
1653 0
0 1654
1655 0
0 1656
1657 0
0 1658
1659 0
0 1660
1661 0
0 1662
1663 0
0 1664
1665 0
0 1666
1667 0
0 1668
1669 0
0 1670
1671 0
0 1672
1673 0
0 1674
1675 0
0 1676
1677 0
0 1678
1679 0
0 1680
1681 0
0 1682
1683 0
0 1684
1685 0
0 1686
1687 0
0 1688
1689 0
0 1690
1691 0
0 1692
1693 0
0 1694
1695 0
0 1696
1697 0
0 1698
1699 0
0 1700
1701 0
0 1702
1703 0
0 1704
1705 0
0 1706
1707 0
0 1708
1709 0
0 1710
1711 0
0 1712
1713 0
0 1714
1715 0
0 1716
1717 0
0 1718
1719 0
0 1720
1721 0
0 1722
1723 0
0 1724
1725 0
0 1726
1727 0
0 1728
1729 0
0 1730
1731 0
0 1732
1733 0
0 1734
1735 0
0 1736
1737 0
0 1738
1739 0
0 1740
1741 0
0 1742
1743 0
0 1744
1745 0
0 1746
1747 0
0 1748
1749 0
0 1750
1751 0
0 1752
1753 0
0 1754
1755 0
0 1756
1757 0
0 1758
1759 0
0 1760
1761 0
0 1762
1763 0
0 1764
1765 0
0 1766
1767 0
0 1768
1769 0
0 1770
1771 0
0 1772
1773 0
0 1774
1775 0
0 1776
1777 0
0 1778
1779 0
0 1780
1781 0
0 1782
1783 0
0 1784
1785 0
0 1786
1787 0
0 1788
1789 0
0 1790
1791 0
0 1792
1793 0
0 1794
1795 0
0 1796
1797 0
0 1798
1799 0
0 1800
1801 0
0 1802
1803 0
0 1804
1805 0
0 1806
1807 0
0 1808
1809 0
0 1810
1811 0
0 1812
1813 0
0 1814
1815 0
0 1816
1817 0
0 1818
1819 0
0 1820
1821 0
0 1822
1823 0
0 1824
1825 0
0 1826
1827 0
0 1828
1829 0
0 1830
1831 0
0 1832
1833 0
0 1834
1835 0
0 1836
1837 0
0 1838
1839 0
0 1840
1841 0
0 1842
1843 0
0 1844
1845 0
0 1846
1847 0
0 1848
1849 0
0 1850
1851 0
0 1852
1853 0
0 1854
1855 0
0 1856
1857 0
0 1858
1859 0
0 1860
1861 0
0 1862
1863 0
0 1864
1865 0
0 1866
1867 0
0 1868
1869 0
0 1870
1871 0
0 1872
1873 0
0 1874
1875 0
0 1876
1877 0
0 1878
1879 0
0 1880
1881 0
0 1882
1883 0
0 1884
1885 0
0 1886
1887 0
0 1888
1889 0
0 1890
1891 0
0 1892
1893 0
0 1894
1895 0
0 1896
1897 0
0 1898
1899 0
0 1900
1901 0
0 1902
1903 0
0 1904
1905 0
0 1906
1907 0
0 1908
1909 0
0 1910
1911 0
0 1912
1913 0
0 1914
1915 0
0 1916
1917 0
0 1918
1919 0
0 1920
1921 0
0 1922
1923 0
0 1924
1925 0
0 1926
1927 0
0 1928
1929 0
0 1930
1931 0
0 1932
1933 0
0 1934
1935 0
0 1936
1937 0
0 1938
1939 0
0 1940
1941 0
0 1942
1943 0
0 1944
1945 0
0 1946
1947 0
0 1948
1949 0
0 1950
1951 0
0 1952
1953 0
0 1954
1955 0
0 1956
1957 0
0 1958
1959 0
0 1960
1961 0
0 1962
1963 0
0 1964
1965 0
0 1966
1967 0
0 1968
1969 0
0 1970
1971 0
0 1972
1973 0
0 1974
1975 0
0 1976
1977 0
0 1978
1979 0
0 1980
1981 0
0 1982
1983 0
0 1984
1985 0
0 1986
1987 0
0 1988
1989 0
0 1990
1991 0
0 1992
1993 0
0 1994
1995 0
0 1996
1997 0
0 1998
1999 0
0 2000
1 0
0 2
3 0
0 4
5 0
0 6
7 0
0 8
9 0
0 10
11 0
0 12
13 0
0 14
15 0
0 16
17 0
0 18
19 0
0 20
21 0
0 22
23 0
0 24
25 0
0 26
27 0
0 28
29 0
0 30
31 0
0 32
33 0
0 34
35 0
0 36
37 0
0 38
39 0
0 40
41 0
0 42
43 0
0 44
45 0
0 46
47 0
0 48
49 0
0 50
51 0
0 52
53 0
0 54
55 0
0 56
57 0
0 58
59 0
0 60
61 0
0 62
63 0
0 64
65 0
0 66
67 0
0 68
69 0
0 70
71 0
0 72
73 0
0 74
75 0
0 76
77 0
0 78
79 0
0 80
81 0
0 82
83 0
0 84
85 0
0 86
87 0
0 88
89 0
0 90
91 0
0 92
93 0
0 94
95 0
0 96
97 0
0 98
99 0
0 100
101 0
0 102
103 0
0 104
105 0
0 106
107 0
0 108
109 0
0 110
111 0
0 112
113 0
0 114
115 0
0 116
117 0
0 118
119 0
0 120
121 0
0 122
123 0
0 124
125 0
0 126
127 0
0 128
129 0
0 130
131 0
0 132
133 0
0 134
135 0
0 136
137 0
0 138
139 0
0 140
141 0
0 142
143 0
0 144
145 0
0 146
147 0
0 148
149 0
0 150
151 0
0 152
153 0
0 154
155 0
0 156
157 0
0 158
159 0
0 160
161 0
0 162
163 0
0 164
165 0
0 166
167 0
0 168
169 0
0 170
171 0
0 172
173 0
0 174
175 0
0 176
177 0
0 178
179 0
0 180
181 0
0 182
183 0
0 184
185 0
0 186
187 0
0 188
189 0
0 190
191 0
0 192
193 0
0 194
195 0
0 196
197 0
0 198
199 0
0 200
201 0
0 202
203 0
0 204
205 0
0 206
207 0
0 208
209 0
0 210
211 0
0 212
213 0
0 214
215 0
0 216
217 0
0 218
219 0
0 220
221 0
0 222
223 0
0 224
225 0
0 226
227 0
0 228
229 0
0 230
231 0
0 232
233 0
0 234
235 0
0 236
237 0
0 238
239 0
0 240
241 0
0 242
243 0
0 244
245 0
0 246
247 0
0 248
249 0
0 250
251 0
0 252
253 0
0 254
255 0
0 256
257 0
0 258
259 0
0 260
261 0
0 262
263 0
0 264
265 0
0 266
267 0
0 268
269 0
0 270
271 0
0 272
273 0
0 274
275 0
0 276
277 0
0 278
279 0
0 280
281 0
0 282
283 0
0 284
285 0
0 286
287 0
0 288
289 0
0 290
291 0
0 292
293 0
0 294
295 0
0 296
297 0
0 298
299 0
0 300
301 0
0 302
303 0
0 304
305 0
0 306
307 0
0 308
309 0
0 310
311 0
0 312
313 0
0 314
315 0
0 316
317 0
0 318
319 0
0 320
321 0
0 322
323 0
0 324
325 0
0 326
327 0
0 328
329 0
0 330
331 0
0 332
333 0
0 334
335 0
0 336
337 0
0 338
339 0
0 340
341 0
0 342
343 0
0 344
345 0
0 346
347 0
0 348
349 0
0 350
351 0
0 352
353 0
0 354
355 0
0 356
357 0
0 358
359 0
0 360
361 0
0 362
363 0
0 364
365 0
0 366
367 0
0 368
369 0
0 370
371 0
0 372
373 0
0 374
375 0
0 376
377 0
0 378
379 0
0 380
381 0
0 382
383 0
0 384
385 0
0 386
387 0
0 388
389 0
0 390
391 0
0 392
393 0
0 394
395 0
0 396
397 0
0 398
399 0
0 400
401 0
0 402
403 0
0 404
405 0
0 406
407 0
0 408
409 0
0 410
411 0
0 412
413 0
0 414
415 0
0 416
417 0
0 418
419 0
0 420
421 0
0 422
423 0
0 424
425 0
0 426
427 0
0 428
429 0
0 430
431 0
0 432
433 0
0 434
435 0
0 436
437 0
0 438
439 0
0 440
441 0
0 442
443 0
0 444
445 0
0 446
447 0
0 448
449 0
0 450
451 0
0 452
453 0
0 454
455 0
0 456
457 0
0 458
459 0
0 460
461 0
0 462
463 0
0 464
465 0
0 466
467 0
0 468
469 0
0 470
471 0
0 472
473 0
0 474
475 0
0 476
477 0
0 478
479 0
0 480
481 0
0 482
483 0
0 484
485 0
0 486
487 0
0 488
489 0
0 490
491 0
0 492
493 0
0 494
495 0
0 496
497 0
0 498
499 0
0 500
501 0
0 502
503 0
0 504
505 0
0 506
507 0
0 508
509 0
0 510
511 0
0 512
513 0
0 514
515 0
0 516
517 0
0 518
519 0
0 520
521 0
0 522
523 0
0 524
525 0
0 526
527 0
0 528
529 0
0 530
531 0
0 532
533 0
0 534
535 0
0 536
537 0
0 538
539 0
0 540
541 0
0 542
543 0
0 544
545 0
0 546
547 0
0 548
549 0
0 550
551 0
0 552
553 0
0 554
555 0
0 556
557 0
0 558
559 0
0 560
561 0
0 562
563 0
0 564
565 0
0 566
567 0
0 568
569 0
0 570
571 0
0 572
573 0
0 574
575 0
0 576
577 0
0 578
579 0
0 580
581 0
0 582
583 0
0 584
585 0
0 586
587 0
0 588
589 0
0 590
591 0
0 592
593 0
0 594
595 0
0 596
597 0
0 598
599 0
0 600
601 0
0 602
603 0
0 604
605 0
0 606
607 0
0 608
609 0
0 610
611 0
0 612
613 0
0 614
615 0
0 616
617 0
0 618
619 0
0 620
621 0
0 622
623 0
0 624
625 0
0 626
627 0
0 628
629 0
0 630
631 0
0 632
633 0
0 634
635 0
0 636
637 0
0 638
639 0
0 640
641 0
0 642
643 0
0 644
645 0
0 646
647 0
0 648
649 0
0 650
651 0
0 652
653 0
0 654
655 0
0 656
657 0
0 658
659 0
0 660
661 0
0 662
663 0
0 664
665 0
0 666
667 0
0 668
669 0
0 670
671 0
0 672
673 0
0 674
675 0
0 676
677 0
0 678
679 0
0 680
681 0
0 682
683 0
0 684
685 0
0 686
687 0
0 688
689 0
0 690
691 0
0 692
693 0
0 694
695 0
0 696
697 0
0 698
699 0
0 700
701 0
0 702
703 0
0 704
705 0
0 706
707 0
0 708
709 0
0 710
711 0
0 712
713 0
0 714
715 0
0 716
717 0
0 718
719 0
0 720
721 0
0 722
723 0
0 724
725 0
0 726
727 0
0 728
729 0
0 730
731 0
0 732
733 0
0 734
735 0
0 736
737 0
0 738
739 0
0 740
741 0
0 742
743 0
0 744
745 0
0 746
747 0
0 748
749 0
0 750
751 0
0 752
753 0
0 754
755 0
0 756
757 0
0 758
759 0
0 760
761 0
0 762
763 0
0 764
765 0
0 766
767 0
0 768
769 0
0 770
771 0
0 772
773 0
0 774
775 0
0 776
777 0
0 778
779 0
0 780
781 0
0 782
783 0
0 784
785 0
0 786
787 0
0 788
789 0
0 790
791 0
0 792
793 0
0 794
795 0
0 796
797 0
0 798
799 0
0 800
801 0
0 802
803 0
0 804
805 0
0 806
807 0
0 808
809 0
0 810
811 0
0 812
813 0
0 814
815 0
0 816
817 0
0 818
819 0
0 820
821 0
0 822
823 0
0 824
825 0
0 826
827 0
0 828
829 0
0 830
831 0
0 832
833 0
0 834
835 0
0 836
837 0
0 838
839 0
0 840
841 0
0 842
843 0
0 844
845 0
0 846
847 0
0 848
849 0
0 850
851 0
0 852
853 0
0 854
855 0
0 856
857 0
0 858
859 0
0 860
861 0
0 862
863 0
0 864
865 0
0 866
867 0
0 868
869 0
0 870
871 0
0 872
873 0
0 874
875 0
0 876
877 0
0 878
879 0
0 880
881 0
0 882
883 0
0 884
885 0
0 886
887 0
0 888
889 0
0 890
891 0
0 892
893 0
0 894
895 0
0 896
897 0
0 898
899 0
0 900
901 0
0 902
903 0
0 904
905 0
0 906
907 0
0 908
909 0
0 910
911 0
0 912
913 0
0 914
915 0
0 916
917 0
0 918
919 0
0 920
921 0
0 922
923 0
0 924
925 0
0 926
927 0
0 928
929 0
0 930
931 0
0 932
933 0
0 934
935 0
0 936
937 0
0 938
939 0
0 940
941 0
0 942
943 0
0 944
945 0
0 946
947 0
0 948
949 0
0 950
951 0
0 952
953 0
0 954
955 0
0 956
957 0
0 958
959 0
0 960
961 0
0 962
963 0
0 964
965 0
0 966
967 0
0 968
969 0
0 970
971 0
0 972
973 0
0 974
975 0
0 976
977 0
0 978
979 0
0 980
981 0
0 982
983 0
0 984
985 0
0 986
987 0
0 988
989 0
0 990
991 0
0 992
993 0
0 994
995 0
0 996
997 0
0 998
999 0
0 1000
1001 0
0 1002
1003 0
0 1004
1005 0
0 1006
1007 0
0 1008
1009 0
0 1010
1011 0
0 1012
1013 0
0 1014
1015 0
0 1016
1017 0
0 1018
1019 0
0 1020
1021 0
0 1022
1023 0
0 1024
1025 0
0 1026
1027 0
0 1028
1029 0
0 1030
1031 0
0 1032
1033 0
0 1034
1035 0
0 1036
1037 0
0 1038
1039 0
0 1040
1041 0
0 1042
1043 0
0 1044
1045 0
0 1046
1047 0
0 1048
1049 0
0 1050
1051 0
0 1052
1053 0
0 1054
1055 0
0 1056
1057 0
0 1058
1059 0
0 1060
1061 0
0 1062
1063 0
0 1064
1065 0
0 1066
1067 0
0 1068
1069 0
0 1070
1071 0
0 1072
1073 0
0 1074
1075 0
0 1076
1077 0
0 1078
1079 0
0 1080
1081 0
0 1082
1083 0
0 1084
1085 0
0 1086
1087 0
0 1088
1089 0
0 1090
1091 0
0 1092
1093 0
0 1094
1095 0
0 1096
1097 0
0 1098
1099 0
0 1100
1101 0
0 1102
1103 0
0 1104
1105 0
0 1106
1107 0
0 1108
1109 0
0 1110
1111 0
0 1112
1113 0
0 1114
1115 0
0 1116
1117 0
0 1118
1119 0
0 1120
1121 0
0 1122
1123 0
0 1124
1125 0
0 1126
1127 0
0 1128
1129 0
0 1130
1131 0
0 1132
1133 0
0 1134
1135 0
0 1136
1137 0
0 1138
1139 0
0 1140
1141 0
0 1142
1143 0
0 1144
1145 0
0 1146
1147 0
0 1148
1149 0
0 1150
1151 0
0 1152
1153 0
0 1154
1155 0
0 1156
1157 0
0 1158
1159 0
0 1160
1161 0
0 1162
1163 0
0 1164
1165 0
0 1166
1167 0
0 1168
1169 0
0 1170
1171 0
0 1172
1173 0
0 1174
1175 0
0 1176
1177 0
0 1178
1179 0
0 1180
1181 0
0 1182
1183 0
0 1184
1185 0
0 1186
1187 0
0 1188
1189 0
0 1190
1191 0
0 1192
1193 0
0 1194
1195 0
0 1196
1197 0
0 1198
1199 0
0 1200
1201 0
0 1202
1203 0
0 1204
1205 0
0 1206
1207 0
0 1208
1209 0
0 1210
1211 0
0 1212
1213 0
0 1214
1215 0
0 1216
1217 0
0 1218
1219 0
0 1220
1221 0
0 1222
1223 0
0 1224
1225 0
0 1226
1227 0
0 1228
1229 0
0 1230
1231 0
0 1232
1233 0
0 1234
1235 0
0 1236
1237 0
0 1238
1239 0
0 1240
1241 0
0 1242
1243 0
0 1244
1245 0
0 1246
1247 0
0 1248
1249 0
0 1250
1251 0
0 1252
1253 0
0 1254
1255 0
0 1256
1257 0
0 1258
1259 0
0 1260
1261 0
0 1262
1263 0
0 1264
1265 0
0 1266
1267 0
0 1268
1269 0
0 1270
1271 0
0 1272
1273 0
0 1274
1275 0
0 1276
1277 0
0 1278
1279 0
0 1280
1281 0
0 1282
1283 0
0 1284
1285 0
0 1286
1287 0
0 1288
1289 0
0 1290
1291 0
0 1292
1293 0
0 1294
1295 0
0 1296
1297 0
0 1298
1299 0
0 1300
1301 0
0 1302
1303 0
0 1304
1305 0
0 1306
1307 0
0 1308
1309 0
0 1310
1311 0
0 1312
1313 0
0 1314
1315 0
0 1316
1317 0
0 1318
1319 0
0 1320
1321 0
0 1322
1323 0
0 1324
1325 0
0 1326
1327 0
0 1328
1329 0
0 1330
1331 0
0 1332
1333 0
0 1334
1335 0
0 1336
1337 0
0 1338
1339 0
0 1340
1341 0
0 1342
1343 0
0 1344
1345 0
0 1346
1347 0
0 1348
1349 0
0 1350
1351 0
0 1352
1353 0
0 1354
1355 0
0 1356
1357 0
0 1358
1359 0
0 1360
1361 0
0 1362
1363 0
0 1364
1365 0
0 1366
1367 0
0 1368
1369 0
0 1370
1371 0
0 1372
1373 0
0 1374
1375 0
0 1376
1377 0
0 1378
1379 0
0 1380
1381 0
0 1382
1383 0
0 1384
1385 0
0 1386
1387 0
0 1388
1389 0
0 1390
1391 0
0 1392
1393 0
0 1394
1395 0
0 1396
1397 0
0 1398
1399 0
0 1400
1401 0
0 1402
1403 0
0 1404
1405 0
0 1406
1407 0
0 1408
1409 0
0 1410
1411 0
0 1412
1413 0
0 1414
1415 0
0 1416
1417 0
0 1418
1419 0
0 1420
1421 0
0 1422
1423 0
0 1424
1425 0
0 1426
1427 0
0 1428
1429 0
0 1430
1431 0
0 1432
1433 0
0 1434
1435 0
0 1436
1437 0
0 1438
1439 0
0 1440
1441 0
0 1442
1443 0
0 1444
1445 0
0 1446
1447 0
0 1448
1449 0
0 1450
1451 0
0 1452
1453 0
0 1454
1455 0
0 1456
1457 0
0 1458
1459 0
0 1460
1461 0
0 1462
1463 0
0 1464
1465 0
0 1466
1467 0
0 1468
1469 0
0 1470
1471 0
0 1472
1473 0
0 1474
1475 0
0 1476
1477 0
0 1478
1479 0
0 1480
1481 0
0 1482
1483 0
0 1484
1485 0
0 1486
1487 0
0 1488
1489 0
0 1490
1491 0
0 1492
1493 0
0 1494
1495 0
0 1496
1497 0
0 1498
1499 0
0 1500
1501 0
0 1502
1503 0
0 1504
1505 0
0 1506
1507 0
0 1508
1509 0
0 1510
1511 0
0 1512
1513 0
0 1514
1515 0
0 1516
1517 0
0 1518
1519 0
0 1520
1521 0
0 1522
1523 0
0 1524
1525 0
0 1526
1527 0
0 1528
1529 0
0 1530
1531 0
0 1532
1533 0
0 1534
1535 0
0 1536
1537 0
0 1538
1539 0
0 1540
1541 0
0 1542
1543 0
0 1544
1545 0
0 1546
1547 0
0 1548
1549 0
0 1550
1551 0
0 1552
1553 0
0 1554
1555 0
0 1556
1557 0
0 1558
1559 0
0 1560
1561 0
0 1562
1563 0
0 1564
1565 0
0 1566
1567 0
0 1568
1569 0
0 1570
1571 0
0 1572
1573 0
0 1574
1575 0
0 1576
1577 0
0 1578
1579 0
0 1580
1581 0
0 1582
1583 0
0 1584
1585 0
0 1586
1587 0
0 1588
1589 0
0 1590
1591 0
0 1592
1593 0
0 1594
1595 0
0 1596
1597 0
0 1598
1599 0
0 1600
1601 0
0 1602
1603 0
0 1604
1605 0
0 1606
1607 0
0 1608
1609 0
0 1610
1611 0
0 1612
1613 0
0 1614
1615 0
0 1616
1617 0
0 1618
1619 0
0 1620
1621 0
0 1622
1623 0
0 1624
1625 0
0 1626
1627 0
0 1628
1629 0
0 1630
1631 0
0 1632
1633 0
0 1634
1635 0
0 1636
1637 0
0 1638
1639 0
0 1640
1641 0
0 1642
1643 0
0 1644
1645 0
0 1646
1647 0
0 1648
1649 0
0 1650
1651 0
0 1652
1653 0
0 1654
1655 0
0 1656
1657 0
0 1658
1659 0
0 1660
1661 0
0 1662
1663 0
0 1664
1665 0
0 1666
1667 0
0 1668
1669 0
0 1670
1671 0
0 1672
1673 0
0 1674
1675 0
0 1676
1677 0
0 1678
1679 0
0 1680
1681 0
0 1682
1683 0
0 1684
1685 0
0 1686
1687 0
0 1688
1689 0
0 1690
1691 0
0 1692
1693 0
0 1694
1695 0
0 1696
1697 0
0 1698
1699 0
0 1700
1701 0
0 1702
1703 0
0 1704
1705 0
0 1706
1707 0
0 1708
1709 0
0 1710
1711 0
0 1712
1713 0
0 1714
1715 0
0 1716
1717 0
0 1718
1719 0
0 1720
1721 0
0 1722
1723 0
0 1724
1725 0
0 1726
1727 0
0 1728
1729 0
0 1730
1731 0
0 1732
1733 0
0 1734
1735 0
0 1736
1737 0
0 1738
1739 0
0 1740
1741 0
0 1742
1743 0
0 1744
1745 0
0 1746
1747 0
0 1748
1749 0
0 1750
1751 0
0 1752
1753 0
0 1754
1755 0
0 1756
1757 0
0 1758
1759 0
0 1760
1761 0
0 1762
1763 0
0 1764
1765 0
0 1766
1767 0
0 1768
1769 0
0 1770
1771 0
0 1772
1773 0
0 1774
1775 0
0 1776
1777 0
0 1778
1779 0
0 1780
1781 0
0 1782
1783 0
0 1784
1785 0
0 1786
1787 0
0 1788
1789 0
0 1790
1791 0
0 1792
1793 0
0 1794
1795 0
0 1796
1797 0
0 1798
1799 0
0 1800
1801 0
0 1802
1803 0
0 1804
1805 0
0 1806
1807 0
0 1808
1809 0
0 1810
1811 0
0 1812
1813 0
0 1814
1815 0
0 1816
1817 0
0 1818
1819 0
0 1820
1821 0
0 1822
1823 0
0 1824
1825 0
0 1826
1827 0
0 1828
1829 0
0 1830
1831 0
0 1832
1833 0
0 1834
1835 0
0 1836
1837 0
0 1838
1839 0
0 1840
1841 0
0 1842
1843 0
0 1844
1845 0
0 1846
1847 0
0 1848
1849 0
0 1850
1851 0
0 1852
1853 0
0 1854
1855 0
0 1856
1857 0
0 1858
1859 0
0 1860
1861 0
0 1862
1863 0
0 1864
1865 0
0 1866
1867 0
0 1868
1869 0
0 1870
1871 0
0 1872
1873 0
0 1874
1875 0
0 1876
1877 0
0 1878
1879 0
0 1880
1881 0
0 1882
1883 0
0 1884
1885 0
0 1886
1887 0
0 1888
1889 0
0 1890
1891 0
0 1892
1893 0
0 1894
1895 0
0 1896
1897 0
0 1898
1899 0
0 1900
1901 0
0 1902
1903 0
0 1904
1905 0
0 1906
1907 0
0 1908
1909 0
0 1910
1911 0
0 1912
1913 0
0 1914
1915 0
0 1916
1917 0
0 1918
1919 0
0 1920
1921 0
0 1922
1923 0
0 1924
1925 0
0 1926
1927 0
0 1928
1929 0
0 1930
1931 0
0 1932
1933 0
0 1934
1935 0
0 1936
1937 0
0 1938
1939 0
0 1940
1941 0
0 1942
1943 0
0 1944
1945 0
0 1946
1947 0
0 1948
1949 0
0 1950
1951 0
0 1952
1953 0
0 1954
1955 0
0 1956
1957 0
0 1958
1959 0
0 1960
1961 0
0 1962
1963 0
0 1964
1965 0
0 1966
1967 0
0 1968
1969 0
0 1970
1971 0
0 1972
1973 0
0 1974
1975 0
0 1976
1977 0
0 1978
1979 0
0 1980
1981 0
0 1982
1983 0
0 1984
1985 0
0 1986
1987 0
0 1988
1989 0
0 1990
1991 0
0 1992
1993 0
0 1994
1995 0
0 1996
1997 0
0 1998
1999 0
0 2000
1 0
0 2
3 0
0 4
5 0
0 6
7 0
0 8
9 0
0 10
11 0
0 12
13 0
0 14
15 0
0 16
17 0
0 18
19 0
0 20
21 0
0 22
23 0
0 24
25 0
0 26
27 0
0 28
29 0
0 30
31 0
0 32
33 0
0 34
35 0
0 36
37 0
0 38
39 0
0 40
41 0
0 42
43 0
0 44
45 0
0 46
47 0
0 48
49 0
0 50
51 0
0 52
53 0
0 54
55 0
0 56
57 0
0 58
59 0
0 60
61 0
0 62
63 0
0 64
65 0
0 66
67 0
0 68
69 0
0 70
71 0
0 72
73 0
0 74
75 0
0 76
77 0
0 78
79 0
0 80
81 0
0 82
83 0
0 84
85 0
0 86
87 0
0 88
89 0
0 90
91 0
0 92
93 0
0 94
95 0
0 96
97 0
0 98
99 0
0 100
101 0
0 102
103 0
0 104
105 0
0 106
107 0
0 108
109 0
0 110
111 0
0 112
113 0
0 114
115 0
0 116
117 0
0 118
119 0
0 120
121 0
0 122
123 0
0 124
125 0
0 126
127 0
0 128
129 0
0 130
131 0
0 132
133 0
0 134
135 0
0 136
137 0
0 138
139 0
0 140
141 0
0 142
143 0
0 144
145 0
0 146
147 0
0 148
149 0
0 150
151 0
0 152
153 0
0 154
155 0
0 156
157 0
0 158
159 0
0 160
161 0
0 162
163 0
0 164
165 0
0 166
167 0
0 168
169 0
0 170
171 0
0 172
173 0
0 174
175 0
0 176
177 0
0 178
179 0
0 180
181 0
0 182
183 0
0 184
185 0
0 186
187 0
0 188
189 0
0 190
191 0
0 192
193 0
0 194
195 0
0 196
197 0
0 198
199 0
0 200
201 0
0 202
203 0
0 204
205 0
0 206
207 0
0 208
209 0
0 210
211 0
0 212
213 0
0 214
215 0
0 216
217 0
0 218
219 0
0 220
221 0
0 222
223 0
0 224
225 0
0 226
227 0
0 228
229 0
0 230
231 0
0 232
233 0
0 234
235 0
0 236
237 0
0 238
239 0
0 240
241 0
0 242
243 0
0 244
245 0
0 246
247 0
0 248
249 0
0 250
251 0
0 252
253 0
0 254
255 0
0 256
257 0
0 258
259 0
0 260
261 0
0 262
263 0
0 264
265 0
0 266
267 0
0 268
269 0
0 270
271 0
0 272
273 0
0 274
275 0
0 276
277 0
0 278
279 0
0 280
281 0
0 282
283 0
0 284
285 0
0 286
287 0
0 288
289 0
0 290
291 0
0 292
293 0
0 294
295 0
0 296
297 0
0 298
299 0
0 300
301 0
0 302
303 0
0 304
305 0
0 306
307 0
0 308
309 0
0 310
311 0
0 312
313 0
0 314
315 0
0 316
317 0
0 318
319 0
0 320
321 0
0 322
323 0
0 324
325 0
0 326
327 0
0 328
329 0
0 330
331 0
0 332
333 0
0 334
335 0
0 336
337 0
0 338
339 0
0 340
341 0
0 342
343 0
0 344
345 0
0 346
347 0
0 348
349 0
0 350
351 0
0 352
353 0
0 354
355 0
0 356
357 0
0 358
359 0
0 360
361 0
0 362
363 0
0 364
365 0
0 366
367 0
0 368
369 0
0 370
371 0
0 372
373 0
0 374
375 0
0 376
377 0
0 378
379 0
0 380
381 0
0 382
383 0
0 384
385 0
0 386
387 0
0 388
389 0
0 390
391 0
0 392
393 0
0 394
395 0
0 396
397 0
0 398
399 0
0 400
401 0
0 402
403 0
0 404
405 0
0 406
407 0
0 408
409 0
0 410
411 0
0 412
413 0
0 414
415 0
0 416
417 0
0 418
419 0
0 420
421 0
0 422
423 0
0 424
425 0
0 426
427 0
0 428
429 0
0 430
431 0
0 432
433 0
0 434
435 0
0 436
437 0
0 438
439 0
0 440
441 0
0 442
443 0
0 444
445 0
0 446
447 0
0 448
449 0
0 450
451 0
0 452
453 0
0 454
455 0
0 456
457 0
0 458
459 0
0 460
461 0
0 462
463 0
0 464
465 0
0 466
467 0
0 468
469 0
0 470
471 0
0 472
473 0
0 474
475 0
0 476
477 0
0 478
479 0
0 480
481 0
0 482
483 0
0 484
485 0
0 486
487 0
0 488
489 0
0 490
491 0
0 492
493 0
0 494
495 0
0 496
497 0
0 498
499 0
0 500
501 0
0 502
503 0
0 504
505 0
0 506
507 0
0 508
509 0
0 510
511 0
0 512
513 0
0 514
515 0
0 516
517 0
0 518
519 0
0 520
521 0
0 522
523 0
0 524
525 0
0 526
527 0
0 528
529 0
0 530
531 0
0 532
533 0
0 534
535 0
0 536
537 0
0 538
539 0
0 540
541 0
0 542
543 0
0 544
545 0
0 546
547 0
0 548
549 0
0 550
551 0
0 552
553 0
0 554
555 0
0 556
557 0
0 558
559 0
0 560
561 0
0 562
563 0
0 564
565 0
0 566
567 0
0 568
569 0
0 570
571 0
0 572
573 0
0 574
575 0
0 576
577 0
0 578
579 0
0 580
581 0
0 582
583 0
0 584
585 0
0 586
587 0
0 588
589 0
0 590
591 0
0 592
593 0
0 594
595 0
0 596
597 0
0 598
599 0
0 600
601 0
0 602
603 0
0 604
605 0
0 606
607 0
0 608
609 0
0 610
611 0
0 612
613 0
0 614
615 0
0 616
617 0
0 618
619 0
0 620
621 0
0 622
623 0
0 624
625 0
0 626
627 0
0 628
629 0
0 630
631 0
0 632
633 0
0 634
635 0
0 636
637 0
0 638
639 0
0 640
641 0
0 642
643 0
0 644
645 0
0 646
647 0
0 648
649 0
0 650
651 0
0 652
653 0
0 654
655 0
0 656
657 0
0 658
659 0
0 660
661 0
0 662
663 0
0 664
665 0
0 666
667 0
0 668
669 0
0 670
671 0
0 672
673 0
0 674
675 0
0 676
677 0
0 678
679 0
0 680
681 0
0 682
683 0
0 684
685 0
0 686
687 0
0 688
689 0
0 690
691 0
0 692
693 0
0 694
695 0
0 696
697 0
0 698
699 0
0 700
701 0
0 702
703 0
0 704
705 0
0 706
707 0
0 708
709 0
0 710
711 0
0 712
713 0
0 714
715 0
0 716
717 0
0 718
719 0
0 720
721 0
0 722
723 0
0 724
725 0
0 726
727 0
0 728
729 0
0 730
731 0
0 732
733 0
0 734
735 0
0 736
737 0
0 738
739 0
0 740
741 0
0 742
743 0
0 744
745 0
0 746
747 0
0 748
749 0
0 750
751 0
0 752
753 0
0 754
755 0
0 756
757 0
0 758
759 0
0 760
761 0
0 762
763 0
0 764
765 0
0 766
767 0
0 768
769 0
0 770
771 0
0 772
773 0
0 774
775 0
0 776
777 0
0 778
779 0
0 780
781 0
0 782
783 0
0 784
785 0
0 786
787 0
0 788
789 0
0 790
791 0
0 792
793 0
0 794
795 0
0 796
797 0
0 798
799 0
0 800
801 0
0 802
803 0
0 804
805 0
0 806
807 0
0 808
809 0
0 810
811 0
0 812
813 0
0 814
815 0
0 816
817 0
0 818
819 0
0 820
821 0
0 822
823 0
0 824
825 0
0 826
827 0
0 828
829 0
0 830
831 0
0 832
833 0
0 834
835 0
0 836
837 0
0 838
839 0
0 840
841 0
0 842
843 0
0 844
845 0
0 846
847 0
0 848
849 0
0 850
851 0
0 852
853 0
0 854
855 0
0 856
857 0
0 858
859 0
0 860
861 0
0 862
863 0
0 864
865 0
0 866
867 0
0 868
869 0
0 870
871 0
0 872
873 0
0 874
875 0
0 876
877 0
0 878
879 0
0 880
881 0
0 882
883 0
0 884
885 0
0 886
887 0
0 888
889 0
0 890
891 0
0 892
893 0
0 894
895 0
0 896
897 0
0 898
899 0
0 900
901 0
0 902
903 0
0 904
905 0
0 906
907 0
0 908
909 0
0 910
911 0
0 912
913 0
0 914
915 0
0 916
917 0
0 918
919 0
0 920
921 0
0 922
923 0
0 924
925 0
0 926
927 0
0 928
929 0
0 930
931 0
0 932
933 0
0 934
935 0
0 936
937 0
0 938
939 0
0 940
941 0
0 942
943 0
0 944
945 0
0 946
947 0
0 948
949 0
0 950
951 0
0 952
953 0
0 954
955 0
0 956
957 0
0 958
959 0
0 960
961 0
0 962
963 0
0 964
965 0
0 966
967 0
0 968
969 0
0 970
971 0
0 972
973 0
0 974
975 0
0 976
977 0
0 978
979 0
0 980
981 0
0 982
983 0
0 984
985 0
0 986
987 0
0 988
989 0
0 990
991 0
0 992
993 0
0 994
995 0
0 996
997 0
0 998
999 0
0 1000
1001 0
0 1002
1003 0
0 1004
1005 0
0 1006
1007 0
0 1008
1009 0
0 1010
1011 0
0 1012
1013 0
0 1014
1015 0
0 1016
1017 0
0 1018
1019 0
0 1020
1021 0
0 1022
1023 0
0 1024
1025 0
0 1026
1027 0
0 1028
1029 0
0 1030
1031 0
0 1032
1033 0
0 1034
1035 0
0 1036
1037 0
0 1038
1039 0
0 1040
1041 0
0 1042
1043 0
0 1044
1045 0
0 1046
1047 0
0 1048
1049 0
0 1050
1051 0
0 1052
1053 0
0 1054
1055 0
0 1056
1057 0
0 1058
1059 0
0 1060
1061 0
0 1062
1063 0
0 1064
1065 0
0 1066
1067 0
0 1068
1069 0
0 1070
1071 0
0 1072
1073 0
0 1074
1075 0
0 1076
1077 0
0 1078
1079 0
0 1080
1081 0
0 1082
1083 0
0 1084
1085 0
0 1086
1087 0
0 1088
1089 0
0 1090
1091 0
0 1092
1093 0
0 1094
1095 0
0 1096
1097 0
0 1098
1099 0
0 1100
1101 0
0 1102
1103 0
0 1104
1105 0
0 1106
1107 0
0 1108
1109 0
0 1110
1111 0
0 1112
1113 0
0 1114
1115 0
0 1116
1117 0
0 1118
1119 0
0 1120
1121 0
0 1122
1123 0
0 1124
1125 0
0 1126
1127 0
0 1128
1129 0
0 1130
1131 0
0 1132
1133 0
0 1134
1135 0
0 1136
1137 0
0 1138
1139 0
0 1140
1141 0
0 1142
1143 0
0 1144
1145 0
0 1146
1147 0
0 1148
1149 0
0 1150
1151 0
0 1152
1153 0
0 1154
1155 0
0 1156
1157 0
0 1158
1159 0
0 1160
1161 0
0 1162
1163 0
0 1164
1165 0
0 1166
1167 0
0 1168
1169 0
0 1170
1171 0
0 1172
1173 0
0 1174
1175 0
0 1176
1177 0
0 1178
1179 0
0 1180
1181 0
0 1182
1183 0
0 1184
1185 0
0 1186
1187 0
0 1188
1189 0
0 1190
1191 0
0 1192
1193 0
0 1194
1195 0
0 1196
1197 0
0 1198
1199 0
0 1200
1201 0
0 1202
1203 0
0 1204
1205 0
0 1206
1207 0
0 1208
1209 0
0 1210
1211 0
0 1212
1213 0
0 1214
1215 0
0 1216
1217 0
0 1218
1219 0
0 1220
1221 0
0 1222
1223 0
0 1224
1225 0
0 1226
1227 0
0 1228
1229 0
0 1230
1231 0
0 1232
1233 0
0 1234
1235 0
0 1236
1237 0
0 1238
1239 0
0 1240
1241 0
0 1242
1243 0
0 1244
1245 0
0 1246
1247 0
0 1248
1249 0
0 1250
1251 0
0 1252
1253 0
0 1254
1255 0
0 1256
1257 0
0 1258
1259 0
0 1260
1261 0
0 1262
1263 0
0 1264
1265 0
0 1266
1267 0
0 1268
1269 0
0 1270
1271 0
0 1272
1273 0
0 1274
1275 0
0 1276
1277 0
0 1278
1279 0
0 1280
1281 0
0 1282
1283 0
0 1284
1285 0
0 1286
1287 0
0 1288
1289 0
0 1290
1291 0
0 1292
1293 0
0 1294
1295 0
0 1296
1297 0
0 1298
1299 0
0 1300
1301 0
0 1302
1303 0
0 1304
1305 0
0 1306
1307 0
0 1308
1309 0
0 1310
1311 0
0 1312
1313 0
0 1314
1315 0
0 1316
1317 0
0 1318
1319 0
0 1320
1321 0
0 1322
1323 0
0 1324
1325 0
0 1326
1327 0
0 1328
1329 0
0 1330
1331 0
0 1332
1333 0
0 1334
1335 0
0 1336
1337 0
0 1338
1339 0
0 1340
1341 0
0 1342
1343 0
0 1344
1345 0
0 1346
1347 0
0 1348
1349 0
0 1350
1351 0
0 1352
1353 0
0 1354
1355 0
0 1356
1357 0
0 1358
1359 0
0 1360
1361 0
0 1362
1363 0
0 1364
1365 0
0 1366
1367 0
0 1368
1369 0
0 1370
1371 0
0 1372
1373 0
0 1374
1375 0
0 1376
1377 0
0 1378
1379 0
0 1380
1381 0
0 1382
1383 0
0 1384
1385 0
0 1386
1387 0
0 1388
1389 0
0 1390
1391 0
0 1392
1393 0
0 1394
1395 0
0 1396
1397 0
0 1398
1399 0
0 1400
1401 0
0 1402
1403 0
0 1404
1405 0
0 1406
1407 0
0 1408
1409 0
0 1410
1411 0
0 1412
1413 0
0 1414
1415 0
0 1416
1417 0
0 1418
1419 0
0 1420
1421 0
0 1422
1423 0
0 1424
1425 0
0 1426
1427 0
0 1428
1429 0
0 1430
1431 0
0 1432
1433 0
0 1434
1435 0
0 1436
1437 0
0 1438
1439 0
0 1440
1441 0
0 1442
1443 0
0 1444
1445 0
0 1446
1447 0
0 1448
1449 0
0 1450
1451 0
0 1452
1453 0
0 1454
1455 0
0 1456
1457 0
0 1458
1459 0
0 1460
1461 0
0 1462
1463 0
0 1464
1465 0
0 1466
1467 0
0 1468
1469 0
0 1470
1471 0
0 1472
1473 0
0 1474
1475 0
0 1476
1477 0
0 1478
1479 0
0 1480
1481 0
0 1482
1483 0
0 1484
1485 0
0 1486
1487 0
0 1488
1489 0
0 1490
1491 0
0 1492
1493 0
0 1494
1495 0
0 1496
1497 0
0 1498
1499 0
0 1500
1501 0
0 1502
1503 0
0 1504
1505 0
0 1506
1507 0
0 1508
1509 0
0 1510
1511 0
0 1512
1513 0
0 1514
1515 0
0 1516
1517 0
0 1518
1519 0
0 1520
1521 0
0 1522
1523 0
0 1524
1525 0
0 1526
1527 0
0 1528
1529 0
0 1530
1531 0
0 1532
1533 0
0 1534
1535 0
0 1536
1537 0
0 1538
1539 0
0 1540
1541 0
0 1542
1543 0
0 1544
1545 0
0 1546
1547 0
0 1548
1549 0
0 1550
1551 0
0 1552
1553 0
0 1554
1555 0
0 1556
1557 0
0 1558
1559 0
0 1560
1561 0
0 1562
1563 0
0 1564
1565 0
0 1566
1567 0
0 1568
1569 0
0 1570
1571 0
0 1572
1573 0
0 1574
1575 0
0 1576
1577 0
0 1578
1579 0
0 1580
1581 0
0 1582
1583 0
0 1584
1585 0
0 1586
1587 0
0 1588
1589 0
0 1590
1591 0
0 1592
1593 0
0 1594
1595 0
0 1596
1597 0
0 1598
1599 0
0 1600
1601 0
0 1602
1603 0
0 1604
1605 0
0 1606
1607 0
0 1608
1609 0
0 1610
1611 0
0 1612
1613 0
0 1614
1615 0
0 1616
1617 0
0 1618
1619 0
0 1620
1621 0
0 1622
1623 0
0 1624
1625 0
0 1626
1627 0
0 1628
1629 0
0 1630
1631 0
0 1632
1633 0
0 1634
1635 0
0 1636
1637 0
0 1638
1639 0
0 1640
1641 0
0 1642
1643 0
0 1644
1645 0
0 1646
1647 0
0 1648
1649 0
0 1650
1651 0
0 1652
1653 0
0 1654
1655 0
0 1656
1657 0
0 1658
1659 0
0 1660
1661 0
0 1662
1663 0
0 1664
1665 0
0 1666
1667 0
0 1668
1669 0
0 1670
1671 0
0 1672
1673 0
0 1674
1675 0
0 1676
1677 0
0 1678
1679 0
0 1680
1681 0
0 1682
1683 0
0 1684
1685 0
0 1686
1687 0
0 1688
1689 0
0 1690
1691 0
0 1692
1693 0
0 1694
1695 0
0 1696
1697 0
0 1698
1699 0
0 1700
1701 0
0 1702
1703 0
0 1704
1705 0
0 1706
1707 0
0 1708
1709 0
0 1710
1711 0
0 1712
1713 0
0 1714
1715 0
0 1716
1717 0
0 1718
1719 0
0 1720
1721 0
0 1722
1723 0
0 1724
1725 0
0 1726
1727 0
0 1728
1729 0
0 1730
1731 0
0 1732
1733 0
0 1734
1735 0
0 1736
1737 0
0 1738
1739 0
0 1740
1741 0
0 1742
1743 0
0 1744
1745 0
0 1746
1747 0
0 1748
1749 0
0 1750
1751 0
0 1752
1753 0
0 1754
1755 0
0 1756
1757 0
0 1758
1759 0
0 1760
1761 0
0 1762
1763 0
0 1764
1765 0
0 1766
1767 0
0 1768
1769 0
0 1770
1771 0
0 1772
1773 0
0 1774
1775 0
0 1776
1777 0
0 1778
1779 0
0 1780
1781 0
0 1782
1783 0
0 1784
1785 0
0 1786
1787 0
0 1788
1789 0
0 1790
1791 0
0 1792
1793 0
0 1794
1795 0
0 1796
1797 0
0 1798
1799 0
0 1800
1801 0
0 1802
1803 0
0 1804
1805 0
0 1806
1807 0
0 1808
1809 0
0 1810
1811 0
0 1812
1813 0
0 1814
1815 0
0 1816
1817 0
0 1818
1819 0
0 1820
1821 0
0 1822
1823 0
0 1824
1825 0
0 1826
1827 0
0 1828
1829 0
0 1830
1831 0
0 1832
1833 0
0 1834
1835 0
0 1836
1837 0
0 1838
1839 0
0 1840
1841 0
0 1842
1843 0
0 1844
1845 0
0 1846
1847 0
0 1848
1849 0
0 1850
1851 0
0 1852
1853 0
0 1854
1855 0
0 1856
1857 0
0 1858
1859 0
0 1860
1861 0
0 1862
1863 0
0 1864
1865 0
0 1866
1867 0
0 1868
1869 0
0 1870
1871 0
0 1872
1873 0
0 1874
1875 0
0 1876
1877 0
0 1878
1879 0
0 1880
1881 0
0 1882
1883 0
0 1884
1885 0
0 1886
1887 0
0 1888
1889 0
0 1890
1891 0
0 1892
1893 0
0 1894
1895 0
0 1896
1897 0
0 1898
1899 0
0 1900
1901 0
0 1902
1903 0
0 1904
1905 0
0 1906
1907 0
0 1908
1909 0
0 1910
1911 0
0 1912
1913 0
0 1914
1915 0
0 1916
1917 0
0 1918
1919 0
0 1920
1921 0
0 1922
1923 0
0 1924
1925 0
0 1926
1927 0
0 1928
1929 0
0 1930
1931 0
0 1932
1933 0
0 1934
1935 0
0 1936
1937 0
0 1938
1939 0
0 1940
1941 0
0 1942
1943 0
0 1944
1945 0
0 1946
1947 0
0 1948
1949 0
0 1950
1951 0
0 1952
1953 0
0 1954
1955 0
0 1956
1957 0
0 1958
1959 0
0 1960
1961 0
0 1962
1963 0
0 1964
1965 0
0 1966
1967 0
0 1968
1969 0
0 1970
1971 0
0 1972
1973 0
0 1974
1975 0
0 1976
1977 0
0 1978
1979 0
0 1980
1981 0
0 1982
1983 0
0 1984
1985 0
0 1986
1987 0
0 1988
1989 0
0 1990
1991 0
0 1992
1993 0
0 1994
1995 0
0 1996
1997 0
0 1998
1999 0
0 2000
1 0
0 2
3 0
0 4
5 0
0 6
7 0
0 8
9 0
0 10
11 0
0 12
13 0
0 14
15 0
0 16
17 0
0 18
19 0
0 20
21 0
0 22
23 0
0 24
25 0
0 26
27 0
0 28
29 0
0 30
31 0
0 32
33 0
0 34
35 0
0 36
37 0
0 38
39 0
0 40
41 0
0 42
43 0
0 44
45 0
0 46
47 0
0 48
49 0
0 50
51 0
0 52
53 0
0 54
55 0
0 56
57 0
0 58
59 0
0 60
61 0
0 62
63 0
0 64
65 0
0 66
67 0
0 68
69 0
0 70
71 0
0 72
73 0
0 74
75 0
0 76
77 0
0 78
79 0
0 80
81 0
0 82
83 0
0 84
85 0
0 86
87 0
0 88
89 0
0 90
91 0
0 92
93 0
0 94
95 0
0 96
97 0
0 98
99 0
0 100
101 0
0 102
103 0
0 104
105 0
0 106
107 0
0 108
109 0
0 110
111 0
0 112
113 0
0 114
115 0
0 116
117 0
0 118
119 0
0 120
121 0
0 122
123 0
0 124
125 0
0 126
127 0
0 128
129 0
0 130
131 0
0 132
133 0
0 134
135 0
0 136
137 0
0 138
139 0
0 140
141 0
0 142
143 0
0 144
145 0
0 146
147 0
0 148
149 0
0 150
151 0
0 152
153 0
0 154
155 0
0 156
157 0
0 158
159 0
0 160
161 0
0 162
163 0
0 164
165 0
0 166
167 0
0 168
169 0
0 170
171 0
0 172
173 0
0 174
175 0
0 176
177 0
0 178
179 0
0 180
181 0
0 182
183 0
0 184
185 0
0 186
187 0
0 188
189 0
0 190
191 0
0 192
193 0
0 194
195 0
0 196
197 0
0 198
199 0
0 200
201 0
0 202
203 0
0 204
205 0
0 206
207 0
0 208
209 0
0 210
211 0
0 212
213 0
0 214
215 0
0 216
217 0
0 218
219 0
0 220
221 0
0 222
223 0
0 224
225 0
0 226
227 0
0 228
229 0
0 230
231 0
0 232
233 0
0 234
235 0
0 236
237 0
0 238
239 0
0 240
241 0
0 242
243 0
0 244
245 0
0 246
247 0
0 248
249 0
0 250
251 0
0 252
253 0
0 254
255 0
0 256
257 0
0 258
259 0
0 260
261 0
0 262
263 0
0 264
265 0
0 266
267 0
0 268
269 0
0 270
271 0
0 272
273 0
0 274
275 0
0 276
277 0
0 278
279 0
0 280
281 0
0 282
283 0
0 284
285 0
0 286
287 0
0 288
289 0
0 290
291 0
0 292
293 0
0 294
295 0
0 296
297 0
0 298
299 0
0 300
301 0
0 302
303 0
0 304
305 0
0 306
307 0
0 308
309 0
0 310
311 0
0 312
313 0
0 314
315 0
0 316
317 0
0 318
319 0
0 320
321 0
0 322
323 0
0 324
325 0
0 326
327 0
0 328
329 0
0 330
331 0
0 332
333 0
0 334
335 0
0 336
337 0
0 338
339 0
0 340
341 0
0 342
343 0
0 344
345 0
0 346
347 0
0 348
349 0
0 350
351 0
0 352
353 0
0 354
355 0
0 356
357 0
0 358
359 0
0 360
361 0
0 362
363 0
0 364
365 0
0 366
367 0
0 368
369 0
0 370
371 0
0 372
373 0
0 374
375 0
0 376
377 0
0 378
379 0
0 380
381 0
0 382
383 0
0 384
385 0
0 386
387 0
0 388
389 0
0 390
391 0
0 392
393 0
0 394
395 0
0 396
397 0
0 398
399 0
0 400
401 0
0 402
403 0
0 404
405 0
0 406
407 0
0 408
409 0
0 410
411 0
0 412
413 0
0 414
415 0
0 416
417 0
0 418
419 0
0 420
421 0
0 422
423 0
0 424
425 0
0 426
427 0
0 428
429 0
0 430
431 0
0 432
433 0
0 434
435 0
0 436
437 0
0 438
439 0
0 440
441 0
0 442
443 0
0 444
445 0
0 446
447 0
0 448
449 0
0 450
451 0
0 452
453 0
0 454
455 0
0 456
457 0
0 458
459 0
0 460
461 0
0 462
463 0
0 464
465 0
0 466
467 0
0 468
469 0
0 470
471 0
0 472
473 0
0 474
475 0
0 476
477 0
0 478
479 0
0 480
481 0
0 482
483 0
0 484
485 0
0 486
487 0
0 488
489 0
0 490
491 0
0 492
493 0
0 494
495 0
0 496
497 0
0 498
499 0
0 500
501 0
0 502
503 0
0 504
505 0
0 506
507 0
0 508
509 0
0 510
511 0
0 512
513 0
0 514
515 0
0 516
517 0
0 518
519 0
0 520
521 0
0 522
523 0
0 524
525 0
0 526
527 0
0 528
529 0
0 530
531 0
0 532
533 0
0 534
535 0
0 536
537 0
0 538
539 0
0 540
541 0
0 542
543 0
0 544
545 0
0 546
547 0
0 548
549 0
0 550
551 0
0 552
553 0
0 554
555 0
0 556
557 0
0 558
559 0
0 560
561 0
0 562
563 0
0 564
565 0
0 566
567 0
0 568
569 0
0 570
571 0
0 572
573 0
0 574
575 0
0 576
577 0
0 578
579 0
0 580
581 0
0 582
583 0
0 584
585 0
0 586
587 0
0 588
589 0
0 590
591 0
0 592
593 0
0 594
595 0
0 596
597 0
0 598
599 0
0 600
601 0
0 602
603 0
0 604
605 0
0 606
607 0
0 608
609 0
0 610
611 0
0 612
613 0
0 614
615 0
0 616
617 0
0 618
619 0
0 620
621 0
0 622
623 0
0 624
625 0
0 626
627 0
0 628
629 0
0 630
631 0
0 632
633 0
0 634
635 0
0 636
637 0
0 638
639 0
0 640
641 0
0 642
643 0
0 644
645 0
0 646
647 0
0 648
649 0
0 650
651 0
0 652
653 0
0 654
655 0
0 656
657 0
0 658
659 0
0 660
661 0
0 662
663 0
0 664
665 0
0 666
667 0
0 668
669 0
0 670
671 0
0 672
673 0
0 674
675 0
0 676
677 0
0 678
679 0
0 680
681 0
0 682
683 0
0 684
685 0
0 686
687 0
0 688
689 0
0 690
691 0
0 692
693 0
0 694
695 0
0 696
697 0
0 698
699 0
0 700
701 0
0 702
703 0
0 704
705 0
0 706
707 0
0 708
709 0
0 710
711 0
0 712
713 0
0 714
715 0
0 716
717 0
0 718
719 0
0 720
721 0
0 722
723 0
0 724
725 0
0 726
727 0
0 728
729 0
0 730
731 0
0 732
733 0
0 734
735 0
0 736
737 0
0 738
739 0
0 740
741 0
0 742
743 0
0 744
745 0
0 746
747 0
0 748
749 0
0 750
751 0
0 752
753 0
0 754
755 0
0 756
757 0
0 758
759 0
0 760
761 0
0 762
763 0
0 764
765 0
0 766
767 0
0 768
769 0
0 770
771 0
0 772
773 0
0 774
775 0
0 776
777 0
0 778
779 0
0 780
781 0
0 782
783 0
0 784
785 0
0 786
787 0
0 788
789 0
0 790
791 0
0 792
793 0
0 794
795 0
0 796
797 0
0 798
799 0
0 800
801 0
0 802
803 0
0 804
805 0
0 806
807 0
0 808
809 0
0 810
811 0
0 812
813 0
0 814
815 0
0 816
817 0
0 818
819 0
0 820
821 0
0 822
823 0
0 824
825 0
0 826
827 0
0 828
829 0
0 830
831 0
0 832
833 0
0 834
835 0
0 836
837 0
0 838
839 0
0 840
841 0
0 842
843 0
0 844
845 0
0 846
847 0
0 848
849 0
0 850
851 0
0 852
853 0
0 854
855 0
0 856
857 0
0 858
859 0
0 860
861 0
0 862
863 0
0 864
865 0
0 866
867 0
0 868
869 0
0 870
871 0
0 872
873 0
0 874
875 0
0 876
877 0
0 878
879 0
0 880
881 0
0 882
883 0
0 884
885 0
0 886
887 0
0 888
889 0
0 890
891 0
0 892
893 0
0 894
895 0
0 896
897 0
0 898
899 0
0 900
901 0
0 902
903 0
0 904
905 0
0 906
907 0
0 908
909 0
0 910
911 0
0 912
913 0
0 914
915 0
0 916
917 0
0 918
919 0
0 920
921 0
0 922
923 0
0 924
925 0
0 926
927 0
0 928
929 0
0 930
931 0
0 932
933 0
0 934
935 0
0 936
937 0
0 938
939 0
0 940
941 0
0 942
943 0
0 944
945 0
0 946
947 0
0 948
949 0
0 950
951 0
0 952
953 0
0 954
955 0
0 956
957 0
0 958
959 0
0 960
961 0
0 962
963 0
0 964
965 0
0 966
967 0
0 968
969 0
0 970
971 0
0 972
973 0
0 974
975 0
0 976
977 0
0 978
979 0
0 980
981 0
0 982
983 0
0 984
985 0
0 986
987 0
0 988
989 0
0 990
991 0
0 992
993 0
0 994
995 0
0 996
997 0
0 998
999 0
0 1000
1001 0
0 1002
1003 0
0 1004
1005 0
0 1006
1007 0
0 1008
1009 0
0 1010
1011 0
0 1012
1013 0
0 1014
1015 0
0 1016
1017 0
0 1018
1019 0
0 1020
1021 0
0 1022
1023 0
0 1024
1025 0
0 1026
1027 0
0 1028
1029 0
0 1030
1031 0
0 1032
1033 0
0 1034
1035 0
0 1036
1037 0
0 1038
1039 0
0 1040
1041 0
0 1042
1043 0
0 1044
1045 0
0 1046
1047 0
0 1048
1049 0
0 1050
1051 0
0 1052
1053 0
0 1054
1055 0
0 1056
1057 0
0 1058
1059 0
0 1060
1061 0
0 1062
1063 0
0 1064
1065 0
0 1066
1067 0
0 1068
1069 0
0 1070
1071 0
0 1072
1073 0
0 1074
1075 0
0 1076
1077 0
0 1078
1079 0
0 1080
1081 0
0 1082
1083 0
0 1084
1085 0
0 1086
1087 0
0 1088
1089 0
0 1090
1091 0
0 1092
1093 0
0 1094
1095 0
0 1096
1097 0
0 1098
1099 0
0 1100
1101 0
0 1102
1103 0
0 1104
1105 0
0 1106
1107 0
0 1108
1109 0
0 1110
1111 0
0 1112
1113 0
0 1114
1115 0
0 1116
1117 0
0 1118
1119 0
0 1120
1121 0
0 1122
1123 0
0 1124
1125 0
0 1126
1127 0
0 1128
1129 0
0 1130
1131 0
0 1132
1133 0
0 1134
1135 0
0 1136
1137 0
0 1138
1139 0
0 1140
1141 0
0 1142
1143 0
0 1144
1145 0
0 1146
1147 0
0 1148
1149 0
0 1150
1151 0
0 1152
1153 0
0 1154
1155 0
0 1156
1157 0
0 1158
1159 0
0 1160
1161 0
0 1162
1163 0
0 1164
1165 0
0 1166
1167 0
0 1168
1169 0
0 1170
1171 0
0 1172
1173 0
0 1174
1175 0
0 1176
1177 0
0 1178
1179 0
0 1180
1181 0
0 1182
1183 0
0 1184
1185 0
0 1186
1187 0
0 1188
1189 0
0 1190
1191 0
0 1192
1193 0
0 1194
1195 0
0 1196
1197 0
0 1198
1199 0
0 1200
1201 0
0 1202
1203 0
0 1204
1205 0
0 1206
1207 0
0 1208
1209 0
0 1210
1211 0
0 1212
1213 0
0 1214
1215 0
0 1216
1217 0
0 1218
1219 0
0 1220
1221 0
0 1222
1223 0
0 1224
1225 0
0 1226
1227 0
0 1228
1229 0
0 1230
1231 0
0 1232
1233 0
0 1234
1235 0
0 1236
1237 0
0 1238
1239 0
0 1240
1241 0
0 1242
1243 0
0 1244
1245 0
0 1246
1247 0
0 1248
1249 0
0 1250
1251 0
0 1252
1253 0
0 1254
1255 0
0 1256
1257 0
0 1258
1259 0
0 1260
1261 0
0 1262
1263 0
0 1264
1265 0
0 1266
1267 0
0 1268
1269 0
0 1270
1271 0
0 1272
1273 0
0 1274
1275 0
0 1276
1277 0
0 1278
1279 0
0 1280
1281 0
0 1282
1283 0
0 1284
1285 0
0 1286
1287 0
0 1288
1289 0
0 1290
1291 0
0 1292
1293 0
0 1294
1295 0
0 1296
1297 0
0 1298
1299 0
0 1300
1301 0
0 1302
1303 0
0 1304
1305 0
0 1306
1307 0
0 1308
1309 0
0 1310
1311 0
0 1312
1313 0
0 1314
1315 0
0 1316
1317 0
0 1318
1319 0
0 1320
1321 0
0 1322
1323 0
0 1324
1325 0
0 1326
1327 0
0 1328
1329 0
0 1330
1331 0
0 1332
1333 0
0 1334
1335 0
0 1336
1337 0
0 1338
1339 0
0 1340
1341 0
0 1342
1343 0
0 1344
1345 0
0 1346
1347 0
0 1348
1349 0
0 1350
1351 0
0 1352
1353 0
0 1354
1355 0
0 1356
1357 0
0 1358
1359 0
0 1360
1361 0
0 1362
1363 0
0 1364
1365 0
0 1366
1367 0
0 1368
1369 0
0 1370
1371 0
0 1372
1373 0
0 1374
1375 0
0 1376
1377 0
0 1378
1379 0
0 1380
1381 0
0 1382
1383 0
0 1384
1385 0
0 1386
1387 0
0 1388
1389 0
0 1390
1391 0
0 1392
1393 0
0 1394
1395 0
0 1396
1397 0
0 1398
1399 0
0 1400
1401 0
0 1402
1403 0
0 1404
1405 0
0 1406
1407 0
0 1408
1409 0
0 1410
1411 0
0 1412
1413 0
0 1414
1415 0
0 1416
1417 0
0 1418
1419 0
0 1420
1421 0
0 1422
1423 0
0 1424
1425 0
0 1426
1427 0
0 1428
1429 0
0 1430
1431 0
0 1432
1433 0
0 1434
1435 0
0 1436
1437 0
0 1438
1439 0
0 1440
1441 0
0 1442
1443 0
0 1444
1445 0
0 1446
1447 0
0 1448
1449 0
0 1450
1451 0
0 1452
1453 0
0 1454
1455 0
0 1456
1457 0
0 1458
1459 0
0 1460
1461 0
0 1462
1463 0
0 1464
1465 0
0 1466
1467 0
0 1468
1469 0
0 1470
1471 0
0 1472
1473 0
0 1474
1475 0
0 1476
1477 0
0 1478
1479 0
0 1480
1481 0
0 1482
1483 0
0 1484
1485 0
0 1486
1487 0
0 1488
1489 0
0 1490
1491 0
0 1492
1493 0
0 1494
1495 0
0 1496
1497 0
0 1498
1499 0
0 1500
1501 0
0 1502
1503 0
0 1504
1505 0
0 1506
1507 0
0 1508
1509 0
0 1510
1511 0
0 1512
1513 0
0 1514
1515 0
0 1516
1517 0
0 1518
1519 0
0 1520
1521 0
0 1522
1523 0
0 1524
1525 0
0 1526
1527 0
0 1528
1529 0
0 1530
1531 0
0 1532
1533 0
0 1534
1535 0
0 1536
1537 0
0 1538
1539 0
0 1540
1541 0
0 1542
1543 0
0 1544
1545 0
0 1546
1547 0
0 1548
1549 0
0 1550
1551 0
0 1552
1553 0
0 1554
1555 0
0 1556
1557 0
0 1558
1559 0
0 1560
1561 0
0 1562
1563 0
0 1564
1565 0
0 1566
1567 0
0 1568
1569 0
0 1570
1571 0
0 1572
1573 0
0 1574
1575 0
0 1576
1577 0
0 1578
1579 0
0 1580
1581 0
0 1582
1583 0
0 1584
1585 0
0 1586
1587 0
0 1588
1589 0
0 1590
1591 0
0 1592
1593 0
0 1594
1595 0
0 1596
1597 0
0 1598
1599 0
0 1600
1601 0
0 1602
1603 0
0 1604
1605 0
0 1606
1607 0
0 1608
1609 0
0 1610
1611 0
0 1612
1613 0
0 1614
1615 0
0 1616
1617 0
0 1618
1619 0
0 1620
1621 0
0 1622
1623 0
0 1624
1625 0
0 1626
1627 0
0 1628
1629 0
0 1630
1631 0
0 1632
1633 0
0 1634
1635 0
0 1636
1637 0
0 1638
1639 0
0 1640
1641 0
0 1642
1643 0
0 1644
1645 0
0 1646
1647 0
0 1648
1649 0
0 1650
1651 0
0 1652
1653 0
0 1654
1655 0
0 1656
1657 0
0 1658
1659 0
0 1660
1661 0
0 1662
1663 0
0 1664
1665 0
0 1666
1667 0
0 1668
1669 0
0 1670
1671 0
0 1672
1673 0
0 1674
1675 0
0 1676
1677 0
0 1678
1679 0
0 1680
1681 0
0 1682
1683 0
0 1684
1685 0
0 1686
1687 0
0 1688
1689 0
0 1690
1691 0
0 1692
1693 0
0 1694
1695 0
0 1696
1697 0
0 1698
1699 0
0 1700
1701 0
0 1702
1703 0
0 1704
1705 0
0 1706
1707 0
0 1708
1709 0
0 1710
1711 0
0 1712
1713 0
0 1714
1715 0
0 1716
1717 0
0 1718
1719 0
0 1720
1721 0
0 1722
1723 0
0 1724
1725 0
0 1726
1727 0
0 1728
1729 0
0 1730
1731 0
0 1732
1733 0
0 1734
1735 0
0 1736
1737 0
0 1738
1739 0
0 1740
1741 0
0 1742
1743 0
0 1744
1745 0
0 1746
1747 0
0 1748
1749 0
0 1750
1751 0
0 1752
1753 0
0 1754
1755 0
0 1756
1757 0
0 1758
1759 0
0 1760
1761 0
0 1762
1763 0
0 1764
1765 0
0 1766
1767 0
0 1768
1769 0
0 1770
1771 0
0 1772
1773 0
0 1774
1775 0
0 1776
1777 0
0 1778
1779 0
0 1780
1781 0
0 1782
1783 0
0 1784
1785 0
0 1786
1787 0
0 1788
1789 0
0 1790
1791 0
0 1792
1793 0
0 1794
1795 0
0 1796
1797 0
0 1798
1799 0
0 1800
1801 0
0 1802
1803 0
0 1804
1805 0
0 1806
1807 0
0 1808
1809 0
0 1810
1811 0
0 1812
1813 0
0 1814
1815 0
0 1816
1817 0
0 1818
1819 0
0 1820
1821 0
0 1822
1823 0
0 1824
1825 0
0 1826
1827 0
0 1828
1829 0
0 1830
1831 0
0 1832
1833 0
0 1834
1835 0
0 1836
1837 0
0 1838
1839 0
0 1840
1841 0
0 1842
1843 0
0 1844
1845 0
0 1846
1847 0
0 1848
1849 0
0 1850
1851 0
0 1852
1853 0
0 1854
1855 0
0 1856
1857 0
0 1858
1859 0
0 1860
1861 0
0 1862
1863 0
0 1864
1865 0
0 1866
1867 0
0 1868
1869 0
0 1870
1871 0
0 1872
1873 0
0 1874
1875 0
0 1876
1877 0
0 1878
1879 0
0 1880
1881 0
0 1882
1883 0
0 1884
1885 0
0 1886
1887 0
0 1888
1889 0
0 1890
1891 0
0 1892
1893 0
0 1894
1895 0
0 1896
1897 0
0 1898
1899 0
0 1900
1901 0
0 1902
1903 0
0 1904
1905 0
0 1906
1907 0
0 1908
1909 0
0 1910
1911 0
0 1912
1913 0
0 1914
1915 0
0 1916
1917 0
0 1918
1919 0
0 1920
1921 0
0 1922
1923 0
0 1924
1925 0
0 1926
1927 0
0 1928
1929 0
0 1930
1931 0
0 1932
1933 0
0 1934
1935 0
0 1936
1937 0
0 1938
1939 0
0 1940
1941 0
0 1942
1943 0
0 1944
1945 0
0 1946
1947 0
0 1948
1949 0
0 1950
1951 0
0 1952
1953 0
0 1954
1955 0
0 1956
1957 0
0 1958
1959 0
0 1960
1961 0
0 1962
1963 0
0 1964
1965 0
0 1966
1967 0
0 1968
1969 0
0 1970
1971 0
0 1972
1973 0
0 1974
1975 0
0 1976
1977 0
0 1978
1979 0
0 1980
1981 0
0 1982
1983 0
0 1984
1985 0
0 1986
1987 0
0 1988
1989 0
0 1990
1991 0
0 1992
1993 0
0 1994
1995 0
0 1996
1997 0
0 1998
1999 0
0 2000
1 0
0 2
3 0
0 4
5 0
0 6
7 0
0 8
9 0
0 10
11 0
0 12
13 0
0 14
15 0
0 16
17 0
0 18
19 0
0 20
21 0
0 22
23 0
0 24
25 0
0 26
27 0
0 28
29 0
0 30
31 0
0 32
33 0
0 34
35 0
0 36
37 0
0 38
39 0
0 40
41 0
0 42
43 0
0 44
45 0
0 46
47 0
0 48
49 0
0 50
51 0
0 52
53 0
0 54
55 0
0 56
57 0
0 58
59 0
0 60
61 0
0 62
63 0
0 64
65 0
0 66
67 0
0 68
69 0
0 70
71 0
0 72
73 0
0 74
75 0
0 76
77 0
0 78
79 0
0 80
81 0
0 82
83 0
0 84
85 0
0 86
87 0
0 88
89 0
0 90
91 0
0 92
93 0
0 94
95 0
0 96
97 0
0 98
99 0
0 100
101 0
0 102
103 0
0 104
105 0
0 106
107 0
0 108
109 0
0 110
111 0
0 112
113 0
0 114
115 0
0 116
117 0
0 118
119 0
0 120
121 0
0 122
123 0
0 124
125 0
0 126
127 0
0 128
129 0
0 130
131 0
0 132
133 0
0 134
135 0
0 136
137 0
0 138
139 0
0 140
141 0
0 142
143 0
0 144
145 0
0 146
147 0
0 148
149 0
0 150
151 0
0 152
153 0
0 154
155 0
0 156
157 0
0 158
159 0
0 160
161 0
0 162
163 0
0 164
165 0
0 166
167 0
0 168
169 0
0 170
171 0
0 172
173 0
0 174
175 0
0 176
177 0
0 178
179 0
0 180
181 0
0 182
183 0
0 184
185 0
0 186
187 0
0 188
189 0
0 190
191 0
0 192
193 0
0 194
195 0
0 196
197 0
0 198
199 0
0 200
201 0
0 202
203 0
0 204
205 0
0 206
207 0
0 208
209 0
0 210
211 0
0 212
213 0
0 214
215 0
0 216
217 0
0 218
219 0
0 220
221 0
0 222
223 0
0 224
225 0
0 226
227 0
0 228
229 0
0 230
231 0
0 232
233 0
0 234
235 0
0 236
237 0
0 238
239 0
0 240
241 0
0 242
243 0
0 244
245 0
0 246
247 0
0 248
249 0
0 250
251 0
0 252
253 0
0 254
255 0
0 256
257 0
0 258
259 0
0 260
261 0
0 262
263 0
0 264
265 0
0 266
267 0
0 268
269 0
0 270
271 0
0 272
273 0
0 274
275 0
0 276
277 0
0 278
279 0
0 280
281 0
0 282
283 0
0 284
285 0
0 286
287 0
0 288
289 0
0 290
291 0
0 292
293 0
0 294
295 0
0 296
297 0
0 298
299 0
0 300
301 0
0 302
303 0
0 304
305 0
0 306
307 0
0 308
309 0
0 310
311 0
0 312
313 0
0 314
315 0
0 316
317 0
0 318
319 0
0 320
321 0
0 322
323 0
0 324
325 0
0 326
327 0
0 328
329 0
0 330
331 0
0 332
333 0
0 334
335 0
0 336
337 0
0 338
339 0
0 340
341 0
0 342
343 0
0 344
345 0
0 346
347 0
0 348
349 0
0 350
351 0
0 352
353 0
0 354
355 0
0 356
357 0
0 358
359 0
0 360
361 0
0 362
363 0
0 364
365 0
0 366
367 0
0 368
369 0
0 370
371 0
0 372
373 0
0 374
375 0
0 376
377 0
0 378
379 0
0 380
381 0
0 382
383 0
0 384
385 0
0 386
387 0
0 388
389 0
0 390
391 0
0 392
393 0
0 394
395 0
0 396
397 0
0 398
399 0
0 400
401 0
0 402
403 0
0 404
405 0
0 406
407 0
0 408
409 0
0 410
411 0
0 412
413 0
0 414
415 0
0 416
417 0
0 418
419 0
0 420
421 0
0 422
423 0
0 424
425 0
0 426
427 0
0 428
429 0
0 430
431 0
0 432
433 0
0 434
435 0
0 436
437 0
0 438
439 0
0 440
441 0
0 442
443 0
0 444
445 0
0 446
447 0
0 448
449 0
0 450
451 0
0 452
453 0
0 454
455 0
0 456
457 0
0 458
459 0
0 460
461 0
0 462
463 0
0 464
465 0
0 466
467 0
0 468
469 0
0 470
471 0
0 472
473 0
0 474
475 0
0 476
477 0
0 478
479 0
0 480
481 0
0 482
483 0
0 484
485 0
0 486
487 0
0 488
489 0
0 490
491 0
0 492
493 0
0 494
495 0
0 496
497 0
0 498
499 0
0 500
501 0
0 502
503 0
0 504
505 0
0 506
507 0
0 508
509 0
0 510
511 0
0 512
513 0
0 514
515 0
0 516
517 0
0 518
519 0
0 520
521 0
0 522
523 0
0 524
525 0
0 526
527 0
0 528
529 0
0 530
531 0
0 532
533 0
0 534
535 0
0 536
537 0
0 538
539 0
0 540
541 0
0 542
543 0
0 544
545 0
0 546
547 0
0 548
549 0
0 550
551 0
0 552
553 0
0 554
555 0
0 556
557 0
0 558
559 0
0 560
561 0
0 562
563 0
0 564
565 0
0 566
567 0
0 568
569 0
0 570
571 0
0 572
573 0
0 574
575 0
0 576
577 0
0 578
579 0
0 580
581 0
0 582
583 0
0 584
585 0
0 586
587 0
0 588
589 0
0 590
591 0
0 592
593 0
0 594
595 0
0 596
597 0
0 598
599 0
0 600
601 0
0 602
603 0
0 604
605 0
0 606
607 0
0 608
609 0
0 610
611 0
0 612
613 0
0 614
615 0
0 616
617 0
0 618
619 0
0 620
621 0
0 622
623 0
0 624
625 0
0 626
627 0
0 628
629 0
0 630
631 0
0 632
633 0
0 634
635 0
0 636
637 0
0 638
639 0
0 640
641 0
0 642
643 0
0 644
645 0
0 646
647 0
0 648
649 0
0 650
651 0
0 652
653 0
0 654
655 0
0 656
657 0
0 658
659 0
0 660
661 0
0 662
663 0
0 664
665 0
0 666
667 0
0 668
669 0
0 670
671 0
0 672
673 0
0 674
675 0
0 676
677 0
0 678
679 0
0 680
681 0
0 682
683 0
0 684
685 0
0 686
687 0
0 688
689 0
0 690
691 0
0 692
693 0
0 694
695 0
0 696
697 0
0 698
699 0
0 700
701 0
0 702
703 0
0 704
705 0
0 706
707 0
0 708
709 0
0 710
711 0
0 712
713 0
0 714
715 0
0 716
717 0
0 718
719 0
0 720
721 0
0 722
723 0
0 724
725 0
0 726
727 0
0 728
729 0
0 730
731 0
0 732
733 0
0 734
735 0
0 736
737 0
0 738
739 0
0 740
741 0
0 742
743 0
0 744
745 0
0 746
747 0
0 748
749 0
0 750
751 0
0 752
753 0
0 754
755 0
0 756
757 0
0 758
759 0
0 760
761 0
0 762
763 0
0 764
765 0
0 766
767 0
0 768
769 0
0 770
771 0
0 772
773 0
0 774
775 0
0 776
777 0
0 778
779 0
0 780
781 0
0 782
783 0
0 784
785 0
0 786
787 0
0 788
789 0
0 790
791 0
0 792
793 0
0 794
795 0
0 796
797 0
0 798
799 0
0 800
801 0
0 802
803 0
0 804
805 0
0 806
807 0
0 808
809 0
0 810
811 0
0 812
813 0
0 814
815 0
0 816
817 0
0 818
819 0
0 820
821 0
0 822
823 0
0 824
825 0
0 826
827 0
0 828
829 0
0 830
831 0
0 832
833 0
0 834
835 0
0 836
837 0
0 838
839 0
0 840
841 0
0 842
843 0
0 844
845 0
0 846
847 0
0 848
849 0
0 850
851 0
0 852
853 0
0 854
855 0
0 856
857 0
0 858
859 0
0 860
861 0
0 862
863 0
0 864
865 0
0 866
867 0
0 868
869 0
0 870
871 0
0 872
873 0
0 874
875 0
0 876
877 0
0 878
879 0
0 880
881 0
0 882
883 0
0 884
885 0
0 886
887 0
0 888
889 0
0 890
891 0
0 892
893 0
0 894
895 0
0 896
897 0
0 898
899 0
0 900
901 0
0 902
903 0
0 904
905 0
0 906
907 0
0 908
909 0
0 910
911 0
0 912
913 0
0 914
915 0
0 916
917 0
0 918
919 0
0 920
921 0
0 922
923 0
0 924
925 0
0 926
927 0
0 928
929 0
0 930
931 0
0 932
933 0
0 934
935 0
0 936
937 0
0 938
939 0
0 940
941 0
0 942
943 0
0 944
945 0
0 946
947 0
0 948
949 0
0 950
951 0
0 952
953 0
0 954
955 0
0 956
957 0
0 958
959 0
0 960
961 0
0 962
963 0
0 964
965 0
0 966
967 0
0 968
969 0
0 970
971 0
0 972
973 0
0 974
975 0
0 976
977 0
0 978
979 0
0 980
981 0
0 982
983 0
0 984
985 0
0 986
987 0
0 988
989 0
0 990
991 0
0 992
993 0
0 994
995 0
0 996
997 0
0 998
999 0
0 1000
1001 0
0 1002
1003 0
0 1004
1005 0
0 1006
1007 0
0 1008
1009 0
0 1010
1011 0
0 1012
1013 0
0 1014
1015 0
0 1016
1017 0
0 1018
1019 0
0 1020
1021 0
0 1022
1023 0
0 1024
1025 0
0 1026
1027 0
0 1028
1029 0
0 1030
1031 0
0 1032
1033 0
0 1034
1035 0
0 1036
1037 0
0 1038
1039 0
0 1040
1041 0
0 1042
1043 0
0 1044
1045 0
0 1046
1047 0
0 1048
1049 0
0 1050
1051 0
0 1052
1053 0
0 1054
1055 0
0 1056
1057 0
0 1058
1059 0
0 1060
1061 0
0 1062
1063 0
0 1064
1065 0
0 1066
1067 0
0 1068
1069 0
0 1070
1071 0
0 1072
1073 0
0 1074
1075 0
0 1076
1077 0
0 1078
1079 0
0 1080
1081 0
0 1082
1083 0
0 1084
1085 0
0 1086
1087 0
0 1088
1089 0
0 1090
1091 0
0 1092
1093 0
0 1094
1095 0
0 1096
1097 0
0 1098
1099 0
0 1100
1101 0
0 1102
1103 0
0 1104
1105 0
0 1106
1107 0
0 1108
1109 0
0 1110
1111 0
0 1112
1113 0
0 1114
1115 0
0 1116
1117 0
0 1118
1119 0
0 1120
1121 0
0 1122
1123 0
0 1124
1125 0
0 1126
1127 0
0 1128
1129 0
0 1130
1131 0
0 1132
1133 0
0 1134
1135 0
0 1136
1137 0
0 1138
1139 0
0 1140
1141 0
0 1142
1143 0
0 1144
1145 0
0 1146
1147 0
0 1148
1149 0
0 1150
1151 0
0 1152
1153 0
0 1154
1155 0
0 1156
1157 0
0 1158
1159 0
0 1160
1161 0
0 1162
1163 0
0 1164
1165 0
0 1166
1167 0
0 1168
1169 0
0 1170
1171 0
0 1172
1173 0
0 1174
1175 0
0 1176
1177 0
0 1178
1179 0
0 1180
1181 0
0 1182
1183 0
0 1184
1185 0
0 1186
1187 0
0 1188
1189 0
0 1190
1191 0
0 1192
1193 0
0 1194
1195 0
0 1196
1197 0
0 1198
1199 0
0 1200
1201 0
0 1202
1203 0
0 1204
1205 0
0 1206
1207 0
0 1208
1209 0
0 1210
1211 0
0 1212
1213 0
0 1214
1215 0
0 1216
1217 0
0 1218
1219 0
0 1220
1221 0
0 1222
1223 0
0 1224
1225 0
0 1226
1227 0
0 1228
1229 0
0 1230
1231 0
0 1232
1233 0
0 1234
1235 0
0 1236
1237 0
0 1238
1239 0
0 1240
1241 0
0 1242
1243 0
0 1244
1245 0
0 1246
1247 0
0 1248
1249 0
0 1250
1251 0
0 1252
1253 0
0 1254
1255 0
0 1256
1257 0
0 1258
1259 0
0 1260
1261 0
0 1262
1263 0
0 1264
1265 0
0 1266
1267 0
0 1268
1269 0
0 1270
1271 0
0 1272
1273 0
0 1274
1275 0
0 1276
1277 0
0 1278
1279 0
0 1280
1281 0
0 1282
1283 0
0 1284
1285 0
0 1286
1287 0
0 1288
1289 0
0 1290
1291 0
0 1292
1293 0
0 1294
1295 0
0 1296
1297 0
0 1298
1299 0
0 1300
1301 0
0 1302
1303 0
0 1304
1305 0
0 1306
1307 0
0 1308
1309 0
0 1310
1311 0
0 1312
1313 0
0 1314
1315 0
0 1316
1317 0
0 1318
1319 0
0 1320
1321 0
0 1322
1323 0
0 1324
1325 0
0 1326
1327 0
0 1328
1329 0
0 1330
1331 0
0 1332
1333 0
0 1334
1335 0
0 1336
1337 0
0 1338
1339 0
0 1340
1341 0
0 1342
1343 0
0 1344
1345 0
0 1346
1347 0
0 1348
1349 0
0 1350
1351 0
0 1352
1353 0
0 1354
1355 0
0 1356
1357 0
0 1358
1359 0
0 1360
1361 0
0 1362
1363 0
0 1364
1365 0
0 1366
1367 0
0 1368
1369 0
0 1370
1371 0
0 1372
1373 0
0 1374
1375 0
0 1376
1377 0
0 1378
1379 0
0 1380
1381 0
0 1382
1383 0
0 1384
1385 0
0 1386
1387 0
0 1388
1389 0
0 1390
1391 0
0 1392
1393 0
0 1394
1395 0
0 1396
1397 0
0 1398
1399 0
0 1400
1401 0
0 1402
1403 0
0 1404
1405 0
0 1406
1407 0
0 1408
1409 0
0 1410
1411 0
0 1412
1413 0
0 1414
1415 0
0 1416
1417 0
0 1418
1419 0
0 1420
1421 0
0 1422
1423 0
0 1424
1425 0
0 1426
1427 0
0 1428
1429 0
0 1430
1431 0
0 1432
1433 0
0 1434
1435 0
0 1436
1437 0
0 1438
1439 0
0 1440
1441 0
0 1442
1443 0
0 1444
1445 0
0 1446
1447 0
0 1448
1449 0
0 1450
1451 0
0 1452
1453 0
0 1454
1455 0
0 1456
1457 0
0 1458
1459 0
0 1460
1461 0
0 1462
1463 0
0 1464
1465 0
0 1466
1467 0
0 1468
1469 0
0 1470
1471 0
0 1472
1473 0
0 1474
1475 0
0 1476
1477 0
0 1478
1479 0
0 1480
1481 0
0 1482
1483 0
0 1484
1485 0
0 1486
1487 0
0 1488
1489 0
0 1490
1491 0
0 1492
1493 0
0 1494
1495 0
0 1496
1497 0
0 1498
1499 0
0 1500
1501 0
0 1502
1503 0
0 1504
1505 0
0 1506
1507 0
0 1508
1509 0
0 1510
1511 0
0 1512
1513 0
0 1514
1515 0
0 1516
1517 0
0 1518
1519 0
0 1520
1521 0
0 1522
1523 0
0 1524
1525 0
0 1526
1527 0
0 1528
1529 0
0 1530
1531 0
0 1532
1533 0
0 1534
1535 0
0 1536
1537 0
0 1538
1539 0
0 1540
1541 0
0 1542
1543 0
0 1544
1545 0
0 1546
1547 0
0 1548
1549 0
0 1550
1551 0
0 1552
1553 0
0 1554
1555 0
0 1556
1557 0
0 1558
1559 0
0 1560
1561 0
0 1562
1563 0
0 1564
1565 0
0 1566
1567 0
0 1568
1569 0
0 1570
1571 0
0 1572
1573 0
0 1574
1575 0
0 1576
1577 0
0 1578
1579 0
0 1580
1581 0
0 1582
1583 0
0 1584
1585 0
0 1586
1587 0
0 1588
1589 0
0 1590
1591 0
0 1592
1593 0
0 1594
1595 0
0 1596
1597 0
0 1598
1599 0
0 1600
1601 0
0 1602
1603 0
0 1604
1605 0
0 1606
1607 0
0 1608
1609 0
0 1610
1611 0
0 1612
1613 0
0 1614
1615 0
0 1616
1617 0
0 1618
1619 0
0 1620
1621 0
0 1622
1623 0
0 1624
1625 0
0 1626
1627 0
0 1628
1629 0
0 1630
1631 0
0 1632
1633 0
0 1634
1635 0
0 1636
1637 0
0 1638
1639 0
0 1640
1641 0
0 1642
1643 0
0 1644
1645 0
0 1646
1647 0
0 1648
1649 0
0 1650
1651 0
0 1652
1653 0
0 1654
1655 0
0 1656
1657 0
0 1658
1659 0
0 1660
1661 0
0 1662
1663 0
0 1664
1665 0
0 1666
1667 0
0 1668
1669 0
0 1670
1671 0
0 1672
1673 0
0 1674
1675 0
0 1676
1677 0
0 1678
1679 0
0 1680
1681 0
0 1682
1683 0
0 1684
1685 0
0 1686
1687 0
0 1688
1689 0
0 1690
1691 0
0 1692
1693 0
0 1694
1695 0
0 1696
1697 0
0 1698
1699 0
0 1700
1701 0
0 1702
1703 0
0 1704
1705 0
0 1706
1707 0
0 1708
1709 0
0 1710
1711 0
0 1712
1713 0
0 1714
1715 0
0 1716
1717 0
0 1718
1719 0
0 1720
1721 0
0 1722
1723 0
0 1724
1725 0
0 1726
1727 0
0 1728
1729 0
0 1730
1731 0
0 1732
1733 0
0 1734
1735 0
0 1736
1737 0
0 1738
1739 0
0 1740
1741 0
0 1742
1743 0
0 1744
1745 0
0 1746
1747 0
0 1748
1749 0
0 1750
1751 0
0 1752
1753 0
0 1754
1755 0
0 1756
1757 0
0 1758
1759 0
0 1760
1761 0
0 1762
1763 0
0 1764
1765 0
0 1766
1767 0
0 1768
1769 0
0 1770
1771 0
0 1772
1773 0
0 1774
1775 0
0 1776
1777 0
0 1778
1779 0
0 1780
1781 0
0 1782
1783 0
0 1784
1785 0
0 1786
1787 0
0 1788
1789 0
0 1790
1791 0
0 1792
1793 0
0 1794
1795 0
0 1796
1797 0
0 1798
1799 0
0 1800
1801 0
0 1802
1803 0
0 1804
1805 0
0 1806
1807 0
0 1808
1809 0
0 1810
1811 0
0 1812
1813 0
0 1814
1815 0
0 1816
1817 0
0 1818
1819 0
0 1820
1821 0
0 1822
1823 0
0 1824
1825 0
0 1826
1827 0
0 1828
1829 0
0 1830
1831 0
0 1832
1833 0
0 1834
1835 0
0 1836
1837 0
0 1838
1839 0
0 1840
1841 0
0 1842
1843 0
0 1844
1845 0
0 1846
1847 0
0 1848
1849 0
0 1850
1851 0
0 1852
1853 0
0 1854
1855 0
0 1856
1857 0
0 1858
1859 0
0 1860
1861 0
0 1862
1863 0
0 1864
1865 0
0 1866
1867 0
0 1868
1869 0
0 1870
1871 0
0 1872
1873 0
0 1874
1875 0
0 1876
1877 0
0 1878
1879 0
0 1880
1881 0
0 1882
1883 0
0 1884
1885 0
0 1886
1887 0
0 1888
1889 0
0 1890
1891 0
0 1892
1893 0
0 1894
1895 0
0 1896
1897 0
0 1898
1899 0
0 1900
1901 0
0 1902
1903 0
0 1904
1905 0
0 1906
1907 0
0 1908
1909 0
0 1910
1911 0
0 1912
1913 0
0 1914
1915 0
0 1916
1917 0
0 1918
1919 0
0 1920
1921 0
0 1922
1923 0
0 1924
1925 0
0 1926
1927 0
0 1928
1929 0
0 1930
1931 0
0 1932
1933 0
0 1934
1935 0
0 1936
1937 0
0 1938
1939 0
0 1940
1941 0
0 1942
1943 0
0 1944
1945 0
0 1946
1947 0
0 1948
1949 0
0 1950
1951 0
0 1952
1953 0
0 1954
1955 0
0 1956
1957 0
0 1958
1959 0
0 1960
1961 0
0 1962
1963 0
0 1964
1965 0
0 1966
1967 0
0 1968
1969 0
0 1970
1971 0
0 1972
1973 0
0 1974
1975 0
0 1976
1977 0
0 1978
1979 0
0 1980
1981 0
0 1982
1983 0
0 1984
1985 0
0 1986
1987 0
0 1988
1989 0
0 1990
1991 0
0 1992
1993 0
0 1994
1995 0
0 1996
1997 0
0 1998
1999 0
0 2000
1 0
0 2
3 0
0 4
5 0
0 6
7 0
0 8
9 0
0 10
11 0
0 12
13 0
0 14
15 0
0 16
17 0
0 18
19 0
0 20
21 0
0 22
23 0
0 24
25 0
0 26
27 0
0 28
29 0
0 30
31 0
0 32
33 0
0 34
35 0
0 36
37 0
0 38
39 0
0 40
41 0
0 42
43 0
0 44
45 0
0 46
47 0
0 48
49 0
0 50
51 0
0 52
53 0
0 54
55 0
0 56
57 0
0 58
59 0
0 60
61 0
0 62
63 0
0 64
65 0
0 66
67 0
0 68
69 0
0 70
71 0
0 72
73 0
0 74
75 0
0 76
77 0
0 78
79 0
0 80
81 0
0 82
83 0
0 84
85 0
0 86
87 0
0 88
89 0
0 90
91 0
0 92
93 0
0 94
95 0
0 96
97 0
0 98
99 0
0 100
101 0
0 102
103 0
0 104
105 0
0 106
107 0
0 108
109 0
0 110
111 0
0 112
113 0
0 114
115 0
0 116
117 0
0 118
119 0
0 120
121 0
0 122
123 0
0 124
125 0
0 126
127 0
0 128
129 0
0 130
131 0
0 132
133 0
0 134
135 0
0 136
137 0
0 138
139 0
0 140
141 0
0 142
143 0
0 144
145 0
0 146
147 0
0 148
149 0
0 150
151 0
0 152
153 0
0 154
155 0
0 156
157 0
0 158
159 0
0 160
161 0
0 162
163 0
0 164
165 0
0 166
167 0
0 168
169 0
0 170
171 0
0 172
173 0
0 174
175 0
0 176
177 0
0 178
179 0
0 180
181 0
0 182
183 0
0 184
185 0
0 186
187 0
0 188
189 0
0 190
191 0
0 192
193 0
0 194
195 0
0 196
197 0
0 198
199 0
0 200
201 0
0 202
203 0
0 204
205 0
0 206
207 0
0 208
209 0
0 210
211 0
0 212
213 0
0 214
215 0
0 216
217 0
0 218
219 0
0 220
221 0
0 222
223 0
0 224
225 0
0 226
227 0
0 228
229 0
0 230
231 0
0 232
233 0
0 234
235 0
0 236
237 0
0 238
239 0
0 240
241 0
0 242
243 0
0 244
245 0
0 246
247 0
0 248
249 0
0 250
251 0
0 252
253 0
0 254
255 0
0 256
257 0
0 258
259 0
0 260
261 0
0 262
263 0
0 264
265 0
0 266
267 0
0 268
269 0
0 270
271 0
0 272
273 0
0 274
275 0
0 276
277 0
0 278
279 0
0 280
281 0
0 282
283 0
0 284
285 0
0 286
287 0
0 288
289 0
0 290
291 0
0 292
293 0
0 294
295 0
0 296
297 0
0 298
299 0
0 300
301 0
0 302
303 0
0 304
305 0
0 306
307 0
0 308
309 0
0 310
311 0
0 312
313 0
0 314
315 0
0 316
317 0
0 318
319 0
0 320
321 0
0 322
323 0
0 324
325 0
0 326
327 0
0 328
329 0
0 330
331 0
0 332
333 0
0 334
335 0
0 336
337 0
0 338
339 0
0 340
341 0
0 342
343 0
0 344
345 0
0 346
347 0
0 348
349 0
0 350
351 0
0 352
353 0
0 354
355 0
0 356
357 0
0 358
359 0
0 360
361 0
0 362
363 0
0 364
365 0
0 366
367 0
0 368
369 0
0 370
371 0
0 372
373 0
0 374
375 0
0 376
377 0
0 378
379 0
0 380
381 0
0 382
383 0
0 384
385 0
0 386
387 0
0 388
389 0
0 390
391 0
0 392
393 0
0 394
395 0
0 396
397 0
0 398
399 0
0 400
401 0
0 402
403 0
0 404
405 0
0 406
407 0
0 408
409 0
0 410
411 0
0 412
413 0
0 414
415 0
0 416
417 0
0 418
419 0
0 420
421 0
0 422
423 0
0 424
425 0
0 426
427 0
0 428
429 0
0 430
431 0
0 432
433 0
0 434
435 0
0 436
437 0
0 438
439 0
0 440
441 0
0 442
443 0
0 444
445 0
0 446
447 0
0 448
449 0
0 450
451 0
0 452
453 0
0 454
455 0
0 456
457 0
0 458
459 0
0 460
461 0
0 462
463 0
0 464
465 0
0 466
467 0
0 468
469 0
0 470
471 0
0 472
473 0
0 474
475 0
0 476
477 0
0 478
479 0
0 480
481 0
0 482
483 0
0 484
485 0
0 486
487 0
0 488
489 0
0 490
491 0
0 492
493 0
0 494
495 0
0 496
497 0
0 498
499 0
0 500
501 0
0 502
503 0
0 504
505 0
0 506
507 0
0 508
509 0
0 510
511 0
0 512
513 0
0 514
515 0
0 516
517 0
0 518
519 0
0 520
521 0
0 522
523 0
0 524
525 0
0 526
527 0
0 528
529 0
0 530
531 0
0 532
533 0
0 534
535 0
0 536
537 0
0 538
539 0
0 540
541 0
0 542
543 0
0 544
545 0
0 546
547 0
0 548
549 0
0 550
551 0
0 552
553 0
0 554
555 0
0 556
557 0
0 558
559 0
0 560
561 0
0 562
563 0
0 564
565 0
0 566
567 0
0 568
569 0
0 570
571 0
0 572
573 0
0 574
575 0
0 576
577 0
0 578
579 0
0 580
581 0
0 582
583 0
0 584
585 0
0 586
587 0
0 588
589 0
0 590
591 0
0 592
593 0
0 594
595 0
0 596
597 0
0 598
599 0
0 600
601 0
0 602
603 0
0 604
605 0
0 606
607 0
0 608
609 0
0 610
611 0
0 612
613 0
0 614
615 0
0 616
617 0
0 618
619 0
0 620
621 0
0 622
623 0
0 624
625 0
0 626
627 0
0 628
629 0
0 630
631 0
0 632
633 0
0 634
635 0
0 636
637 0
0 638
639 0
0 640
641 0
0 642
643 0
0 644
645 0
0 646
647 0
0 648
649 0
0 650
651 0
0 652
653 0
0 654
655 0
0 656
657 0
0 658
659 0
0 660
661 0
0 662
663 0
0 664
665 0
0 666
667 0
0 668
669 0
0 670
671 0
0 672
673 0
0 674
675 0
0 676
677 0
0 678
679 0
0 680
681 0
0 682
683 0
0 684
685 0
0 686
687 0
0 688
689 0
0 690
691 0
0 692
693 0
0 694
695 0
0 696
697 0
0 698
699 0
0 700
701 0
0 702
703 0
0 704
705 0
0 706
707 0
0 708
709 0
0 710
711 0
0 712
713 0
0 714
715 0
0 716
717 0
0 718
719 0
0 720
721 0
0 722
723 0
0 724
725 0
0 726
727 0
0 728
729 0
0 730
731 0
0 732
733 0
0 734
735 0
0 736
737 0
0 738
739 0
0 740
741 0
0 742
743 0
0 744
745 0
0 746
747 0
0 748
749 0
0 750
751 0
0 752
753 0
0 754
755 0
0 756
757 0
0 758
759 0
0 760
761 0
0 762
763 0
0 764
765 0
0 766
767 0
0 768
769 0
0 770
771 0
0 772
773 0
0 774
775 0
0 776
777 0
0 778
779 0
0 780
781 0
0 782
783 0
0 784
785 0
0 786
787 0
0 788
789 0
0 790
791 0
0 792
793 0
0 794
795 0
0 796
797 0
0 798
799 0
0 800
801 0
0 802
803 0
0 804
805 0
0 806
807 0
0 808
809 0
0 810
811 0
0 812
813 0
0 814
815 0
0 816
817 0
0 818
819 0
0 820
821 0
0 822
823 0
0 824
825 0
0 826
827 0
0 828
829 0
0 830
831 0
0 832
833 0
0 834
835 0
0 836
837 0
0 838
839 0
0 840
841 0
0 842
843 0
0 844
845 0
0 846
847 0
0 848
849 0
0 850
851 0
0 852
853 0
0 854
855 0
0 856
857 0
0 858
859 0
0 860
861 0
0 862
863 0
0 864
865 0
0 866
867 0
0 868
869 0
0 870
871 0
0 872
873 0
0 874
875 0
0 876
877 0
0 878
879 0
0 880
881 0
0 882
883 0
0 884
885 0
0 886
887 0
0 888
889 0
0 890
891 0
0 892
893 0
0 894
895 0
0 896
897 0
0 898
899 0
0 900
901 0
0 902
903 0
0 904
905 0
0 906
907 0
0 908
909 0
0 910
911 0
0 912
913 0
0 914
915 0
0 916
917 0
0 918
919 0
0 920
921 0
0 922
923 0
0 924
925 0
0 926
927 0
0 928
929 0
0 930
931 0
0 932
933 0
0 934
935 0
0 936
937 0
0 938
939 0
0 940
941 0
0 942
943 0
0 944
945 0
0 946
947 0
0 948
949 0
0 950
951 0
0 952
953 0
0 954
955 0
0 956
957 0
0 958
959 0
0 960
961 0
0 962
963 0
0 964
965 0
0 966
967 0
0 968
969 0
0 970
971 0
0 972
973 0
0 974
975 0
0 976
977 0
0 978
979 0
0 980
981 0
0 982
983 0
0 984
985 0
0 986
987 0
0 988
989 0
0 990
991 0
0 992
993 0
0 994
995 0
0 996
997 0
0 998
999 0
0 1000
1001 0
0 1002
1003 0
0 1004
1005 0
0 1006
1007 0
0 1008
1009 0
0 1010
1011 0
0 1012
1013 0
0 1014
1015 0
0 1016
1017 0
0 1018
1019 0
0 1020
1021 0
0 1022
1023 0
0 1024
1025 0
0 1026
1027 0
0 1028
1029 0
0 1030
1031 0
0 1032
1033 0
0 1034
1035 0
0 1036
1037 0
0 1038
1039 0
0 1040
1041 0
0 1042
1043 0
0 1044
1045 0
0 1046
1047 0
0 1048
1049 0
0 1050
1051 0
0 1052
1053 0
0 1054
1055 0
0 1056
1057 0
0 1058
1059 0
0 1060
1061 0
0 1062
1063 0
0 1064
1065 0
0 1066
1067 0
0 1068
1069 0
0 1070
1071 0
0 1072
1073 0
0 1074
1075 0
0 1076
1077 0
0 1078
1079 0
0 1080
1081 0
0 1082
1083 0
0 1084
1085 0
0 1086
1087 0
0 1088
1089 0
0 1090
1091 0
0 1092
1093 0
0 1094
1095 0
0 1096
1097 0
0 1098
1099 0
0 1100
1101 0
0 1102
1103 0
0 1104
1105 0
0 1106
1107 0
0 1108
1109 0
0 1110
1111 0
0 1112
1113 0
0 1114
1115 0
0 1116
1117 0
0 1118
1119 0
0 1120
1121 0
0 1122
1123 0
0 1124
1125 0
0 1126
1127 0
0 1128
1129 0
0 1130
1131 0
0 1132
1133 0
0 1134
1135 0
0 1136
1137 0
0 1138
1139 0
0 1140
1141 0
0 1142
1143 0
0 1144
1145 0
0 1146
1147 0
0 1148
1149 0
0 1150
1151 0
0 1152
1153 0
0 1154
1155 0
0 1156
1157 0
0 1158
1159 0
0 1160
1161 0
0 1162
1163 0
0 1164
1165 0
0 1166
1167 0
0 1168
1169 0
0 1170
1171 0
0 1172
1173 0
0 1174
1175 0
0 1176
1177 0
0 1178
1179 0
0 1180
1181 0
0 1182
1183 0
0 1184
1185 0
0 1186
1187 0
0 1188
1189 0
0 1190
1191 0
0 1192
1193 0
0 1194
1195 0
0 1196
1197 0
0 1198
1199 0
0 1200
1201 0
0 1202
1203 0
0 1204
1205 0
0 1206
1207 0
0 1208
1209 0
0 1210
1211 0
0 1212
1213 0
0 1214
1215 0
0 1216
1217 0
0 1218
1219 0
0 1220
1221 0
0 1222
1223 0
0 1224
1225 0
0 1226
1227 0
0 1228
1229 0
0 1230
1231 0
0 1232
1233 0
0 1234
1235 0
0 1236
1237 0
0 1238
1239 0
0 1240
1241 0
0 1242
1243 0
0 1244
1245 0
0 1246
1247 0
0 1248
1249 0
0 1250
1251 0
0 1252
1253 0
0 1254
1255 0
0 1256
1257 0
0 1258
1259 0
0 1260
1261 0
0 1262
1263 0
0 1264
1265 0
0 1266
1267 0
0 1268
1269 0
0 1270
1271 0
0 1272
1273 0
0 1274
1275 0
0 1276
1277 0
0 1278
1279 0
0 1280
1281 0
0 1282
1283 0
0 1284
1285 0
0 1286
1287 0
0 1288
1289 0
0 1290
1291 0
0 1292
1293 0
0 1294
1295 0
0 1296
1297 0
0 1298
1299 0
0 1300
1301 0
0 1302
1303 0
0 1304
1305 0
0 1306
1307 0
0 1308
1309 0
0 1310
1311 0
0 1312
1313 0
0 1314
1315 0
0 1316
1317 0
0 1318
1319 0
0 1320
1321 0
0 1322
1323 0
0 1324
1325 0
0 1326
1327 0
0 1328
1329 0
0 1330
1331 0
0 1332
1333 0
0 1334
1335 0
0 1336
1337 0
0 1338
1339 0
0 1340
1341 0
0 1342
1343 0
0 1344
1345 0
0 1346
1347 0
0 1348
1349 0
0 1350
1351 0
0 1352
1353 0
0 1354
1355 0
0 1356
1357 0
0 1358
1359 0
0 1360
1361 0
0 1362
1363 0
0 1364
1365 0
0 1366
1367 0
0 1368
1369 0
0 1370
1371 0
0 1372
1373 0
0 1374
1375 0
0 1376
1377 0
0 1378
1379 0
0 1380
1381 0
0 1382
1383 0
0 1384
1385 0
0 1386
1387 0
0 1388
1389 0
0 1390
1391 0
0 1392
1393 0
0 1394
1395 0
0 1396
1397 0
0 1398
1399 0
0 1400
1401 0
0 1402
1403 0
0 1404
1405 0
0 1406
1407 0
0 1408
1409 0
0 1410
1411 0
0 1412
1413 0
0 1414
1415 0
0 1416
1417 0
0 1418
1419 0
0 1420
1421 0
0 1422
1423 0
0 1424
1425 0
0 1426
1427 0
0 1428
1429 0
0 1430
1431 0
0 1432
1433 0
0 1434
1435 0
0 1436
1437 0
0 1438
1439 0
0 1440
1441 0
0 1442
1443 0
0 1444
1445 0
0 1446
1447 0
0 1448
1449 0
0 1450
1451 0
0 1452
1453 0
0 1454
1455 0
0 1456
1457 0
0 1458
1459 0
0 1460
1461 0
0 1462
1463 0
0 1464
1465 0
0 1466
1467 0
0 1468
1469 0
0 1470
1471 0
0 1472
1473 0
0 1474
1475 0
0 1476
1477 0
0 1478
1479 0
0 1480
1481 0
0 1482
1483 0
0 1484
1485 0
0 1486
1487 0
0 1488
1489 0
0 1490
1491 0
0 1492
1493 0
0 1494
1495 0
0 1496
1497 0
0 1498
1499 0
0 1500
1501 0
0 1502
1503 0
0 1504
1505 0
0 1506
1507 0
0 1508
1509 0
0 1510
1511 0
0 1512
1513 0
0 1514
1515 0
0 1516
1517 0
0 1518
1519 0
0 1520
1521 0
0 1522
1523 0
0 1524
1525 0
0 1526
1527 0
0 1528
1529 0
0 1530
1531 0
0 1532
1533 0
0 1534
1535 0
0 1536
1537 0
0 1538
1539 0
0 1540
1541 0
0 1542
1543 0
0 1544
1545 0
0 1546
1547 0
0 1548
1549 0
0 1550
1551 0
0 1552
1553 0
0 1554
1555 0
0 1556
1557 0
0 1558
1559 0
0 1560
1561 0
0 1562
1563 0
0 1564
1565 0
0 1566
1567 0
0 1568
1569 0
0 1570
1571 0
0 1572
1573 0
0 1574
1575 0
0 1576
1577 0
0 1578
1579 0
0 1580
1581 0
0 1582
1583 0
0 1584
1585 0
0 1586
1587 0
0 1588
1589 0
0 1590
1591 0
0 1592
1593 0
0 1594
1595 0
0 1596
1597 0
0 1598
1599 0
0 1600
1601 0
0 1602
1603 0
0 1604
1605 0
0 1606
1607 0
0 1608
1609 0
0 1610
1611 0
0 1612
1613 0
0 1614
1615 0
0 1616
1617 0
0 1618
1619 0
0 1620
1621 0
0 1622
1623 0
0 1624
1625 0
0 1626
1627 0
0 1628
1629 0
0 1630
1631 0
0 1632
1633 0
0 1634
1635 0
0 1636
1637 0
0 1638
1639 0
0 1640
1641 0
0 1642
1643 0
0 1644
1645 0
0 1646
1647 0
0 1648
1649 0
0 1650
1651 0
0 1652
1653 0
0 1654
1655 0
0 1656
1657 0
0 1658
1659 0
0 1660
1661 0
0 1662
1663 0
0 1664
1665 0
0 1666
1667 0
0 1668
1669 0
0 1670
1671 0
0 1672
1673 0
0 1674
1675 0
0 1676
1677 0
0 1678
1679 0
0 1680
1681 0
0 1682
1683 0
0 1684
1685 0
0 1686
1687 0
0 1688
1689 0
0 1690
1691 0
0 1692
1693 0
0 1694
1695 0
0 1696
1697 0
0 1698
1699 0
0 1700
1701 0
0 1702
1703 0
0 1704
1705 0
0 1706
1707 0
0 1708
1709 0
0 1710
1711 0
0 1712
1713 0
0 1714
1715 0
0 1716
1717 0
0 1718
1719 0
0 1720
1721 0
0 1722
1723 0
0 1724
1725 0
0 1726
1727 0
0 1728
1729 0
0 1730
1731 0
0 1732
1733 0
0 1734
1735 0
0 1736
1737 0
0 1738
1739 0
0 1740
1741 0
0 1742
1743 0
0 1744
1745 0
0 1746
1747 0
0 1748
1749 0
0 1750
1751 0
0 1752
1753 0
0 1754
1755 0
0 1756
1757 0
0 1758
1759 0
0 1760
1761 0
0 1762
1763 0
0 1764
1765 0
0 1766
1767 0
0 1768
1769 0
0 1770
1771 0
0 1772
1773 0
0 1774
1775 0
0 1776
1777 0
0 1778
1779 0
0 1780
1781 0
0 1782
1783 0
0 1784
1785 0
0 1786
1787 0
0 1788
1789 0
0 1790
1791 0
0 1792
1793 0
0 1794
1795 0
0 1796
1797 0
0 1798
1799 0
0 1800
1801 0
0 1802
1803 0
0 1804
1805 0
0 1806
1807 0
0 1808
1809 0
0 1810
1811 0
0 1812
1813 0
0 1814
1815 0
0 1816
1817 0
0 1818
1819 0
0 1820
1821 0
0 1822
1823 0
0 1824
1825 0
0 1826
1827 0
0 1828
1829 0
0 1830
1831 0
0 1832
1833 0
0 1834
1835 0
0 1836
1837 0
0 1838
1839 0
0 1840
1841 0
0 1842
1843 0
0 1844
1845 0
0 1846
1847 0
0 1848
1849 0
0 1850
1851 0
0 1852
1853 0
0 1854
1855 0
0 1856
1857 0
0 1858
1859 0
0 1860
1861 0
0 1862
1863 0
0 1864
1865 0
0 1866
1867 0
0 1868
1869 0
0 1870
1871 0
0 1872
1873 0
0 1874
1875 0
0 1876
1877 0
0 1878
1879 0
0 1880
1881 0
0 1882
1883 0
0 1884
1885 0
0 1886
1887 0
0 1888
1889 0
0 1890
1891 0
0 1892
1893 0
0 1894
1895 0
0 1896
1897 0
0 1898
1899 0
0 1900
1901 0
0 1902
1903 0
0 1904
1905 0
0 1906
1907 0
0 1908
1909 0
0 1910
1911 0
0 1912
1913 0
0 1914
1915 0
0 1916
1917 0
0 1918
1919 0
0 1920
1921 0
0 1922
1923 0
0 1924
1925 0
0 1926
1927 0
0 1928
1929 0
0 1930
1931 0
0 1932
1933 0
0 1934
1935 0
0 1936
1937 0
0 1938
1939 0
0 1940
1941 0
0 1942
1943 0
0 1944
1945 0
0 1946
1947 0
0 1948
1949 0
0 1950
1951 0
0 1952
1953 0
0 1954
1955 0
0 1956
1957 0
0 1958
1959 0
0 1960
1961 0
0 1962
1963 0
0 1964
1965 0
0 1966
1967 0
0 1968
1969 0
0 1970
1971 0
0 1972
1973 0
0 1974
1975 0
0 1976
1977 0
0 1978
1979 0
0 1980
1981 0
0 1982
1983 0
0 1984
1985 0
0 1986
1987 0
0 1988
1989 0
0 1990
1991 0
0 1992
1993 0
0 1994
1995 0
0 1996
1997 0
0 1998
1999 0
0 2000
1 0
0 2
3 0
0 4
5 0
0 6
7 0
0 8
9 0
0 10
11 0
0 12
13 0
0 14
15 0
0 16
17 0
0 18
19 0
0 20
21 0
0 22
23 0
0 24
25 0
0 26
27 0
0 28
29 0
0 30
31 0
0 32
33 0
0 34
35 0
0 36
37 0
0 38
39 0
0 40
41 0
0 42
43 0
0 44
45 0
0 46
47 0
0 48
49 0
0 50
51 0
0 52
53 0
0 54
55 0
0 56
57 0
0 58
59 0
0 60
61 0
0 62
63 0
0 64
65 0
0 66
67 0
0 68
69 0
0 70
71 0
0 72
73 0
0 74
75 0
0 76
77 0
0 78
79 0
0 80
81 0
0 82
83 0
0 84
85 0
0 86
87 0
0 88
89 0
0 90
91 0
0 92
93 0
0 94
95 0
0 96
97 0
0 98
99 0
0 100
101 0
0 102
103 0
0 104
105 0
0 106
107 0
0 108
109 0
0 110
111 0
0 112
113 0
0 114
115 0
0 116
117 0
0 118
119 0
0 120
121 0
0 122
123 0
0 124
125 0
0 126
127 0
0 128
129 0
0 130
131 0
0 132
133 0
0 134
135 0
0 136
137 0
0 138
139 0
0 140
141 0
0 142
143 0
0 144
145 0
0 146
147 0
0 148
149 0
0 150
151 0
0 152
153 0
0 154
155 0
0 156
157 0
0 158
159 0
0 160
161 0
0 162
163 0
0 164
165 0
0 166
167 0
0 168
169 0
0 170
171 0
0 172
173 0
0 174
175 0
0 176
177 0
0 178
179 0
0 180
181 0
0 182
183 0
0 184
185 0
0 186
187 0
0 188
189 0
0 190
191 0
0 192
193 0
0 194
195 0
0 196
197 0
0 198
199 0
0 200
201 0
0 202
203 0
0 204
205 0
0 206
207 0
0 208
209 0
0 210
211 0
0 212
213 0
0 214
215 0
0 216
217 0
0 218
219 0
0 220
221 0
0 222
223 0
0 224
225 0
0 226
227 0
0 228
229 0
0 230
231 0
0 232
233 0
0 234
235 0
0 236
237 0
0 238
239 0
0 240
241 0
0 242
243 0
0 244
245 0
0 246
247 0
0 248
249 0
0 250
251 0
0 252
253 0
0 254
255 0
0 256
257 0
0 258
259 0
0 260
261 0
0 262
263 0
0 264
265 0
0 266
267 0
0 268
269 0
0 270
271 0
0 272
273 0
0 274
275 0
0 276
277 0
0 278
279 0
0 280
281 0
0 282
283 0
0 284
285 0
0 286
287 0
0 288
289 0
0 290
291 0
0 292
293 0
0 294
295 0
0 296
297 0
0 298
299 0
0 300
301 0
0 302
303 0
0 304
305 0
0 306
307 0
0 308
309 0
0 310
311 0
0 312
313 0
0 314
315 0
0 316
317 0
0 318
319 0
0 320
321 0
0 322
323 0
0 324
325 0
0 326
327 0
0 328
329 0
0 330
331 0
0 332
333 0
0 334
335 0
0 336
337 0
0 338
339 0
0 340
341 0
0 342
343 0
0 344
345 0
0 346
347 0
0 348
349 0
0 350
351 0
0 352
353 0
0 354
355 0
0 356
357 0
0 358
359 0
0 360
361 0
0 362
363 0
0 364
365 0
0 366
367 0
0 368
369 0
0 370
371 0
0 372
373 0
0 374
375 0
0 376
377 0
0 378
379 0
0 380
381 0
0 382
383 0
0 384
385 0
0 386
387 0
0 388
389 0
0 390
391 0
0 392
393 0
0 394
395 0
0 396
397 0
0 398
399 0
0 400
401 0
0 402
403 0
0 404
405 0
0 406
407 0
0 408
409 0
0 410
411 0
0 412
413 0
0 414
415 0
0 416
417 0
0 418
419 0
0 420
421 0
0 422
423 0
0 424
425 0
0 426
427 0
0 428
429 0
0 430
431 0
0 432
433 0
0 434
435 0
0 436
437 0
0 438
439 0
0 440
441 0
0 442
443 0
0 444
445 0
0 446
447 0
0 448
449 0
0 450
451 0
0 452
453 0
0 454
455 0
0 456
457 0
0 458
459 0
0 460
461 0
0 462
463 0
0 464
465 0
0 466
467 0
0 468
469 0
0 470
471 0
0 472
473 0
0 474
475 0
0 476
477 0
0 478
479 0
0 480
481 0
0 482
483 0
0 484
485 0
0 486
487 0
0 488
489 0
0 490
491 0
0 492
493 0
0 494
495 0
0 496
497 0
0 498
499 0
0 500
501 0
0 502
503 0
0 504
505 0
0 506
507 0
0 508
509 0
0 510
511 0
0 512
513 0
0 514
515 0
0 516
517 0
0 518
519 0
0 520
521 0
0 522
523 0
0 524
525 0
0 526
527 0
0 528
529 0
0 530
531 0
0 532
533 0
0 534
535 0
0 536
537 0
0 538
539 0
0 540
541 0
0 542
543 0
0 544
545 0
0 546
547 0
0 548
549 0
0 550
551 0
0 552
553 0
0 554
555 0
0 556
557 0
0 558
559 0
0 560
561 0
0 562
563 0
0 564
565 0
0 566
567 0
0 568
569 0
0 570
571 0
0 572
573 0
0 574
575 0
0 576
577 0
0 578
579 0
0 580
581 0
0 582
583 0
0 584
585 0
0 586
587 0
0 588
589 0
0 590
591 0
0 592
593 0
0 594
595 0
0 596
597 0
0 598
599 0
0 600
601 0
0 602
603 0
0 604
605 0
0 606
607 0
0 608
609 0
0 610
611 0
0 612
613 0
0 614
615 0
0 616
617 0
0 618
619 0
0 620
621 0
0 622
623 0
0 624
625 0
0 626
627 0
0 628
629 0
0 630
631 0
0 632
633 0
0 634
635 0
0 636
637 0
0 638
639 0
0 640
641 0
0 642
643 0
0 644
645 0
0 646
647 0
0 648
649 0
0 650
651 0
0 652
653 0
0 654
655 0
0 656
657 0
0 658
659 0
0 660
661 0
0 662
663 0
0 664
665 0
0 666
667 0
0 668
669 0
0 670
671 0
0 672
673 0
0 674
675 0
0 676
677 0
0 678
679 0
0 680
681 0
0 682
683 0
0 684
685 0
0 686
687 0
0 688
689 0
0 690
691 0
0 692
693 0
0 694
695 0
0 696
697 0
0 698
699 0
0 700
701 0
0 702
703 0
0 704
705 0
0 706
707 0
0 708
709 0
0 710
711 0
0 712
713 0
0 714
715 0
0 716
717 0
0 718
719 0
0 720
721 0
0 722
723 0
0 724
725 0
0 726
727 0
0 728
729 0
0 730
731 0
0 732
733 0
0 734
735 0
0 736
737 0
0 738
739 0
0 740
741 0
0 742
743 0
0 744
745 0
0 746
747 0
0 748
749 0
0 750
751 0
0 752
753 0
0 754
755 0
0 756
757 0
0 758
759 0
0 760
761 0
0 762
763 0
0 764
765 0
0 766
767 0
0 768
769 0
0 770
771 0
0 772
773 0
0 774
775 0
0 776
777 0
0 778
779 0
0 780
781 0
0 782
783 0
0 784
785 0
0 786
787 0
0 788
789 0
0 790
791 0
0 792
793 0
0 794
795 0
0 796
797 0
0 798
799 0
0 800
801 0
0 802
803 0
0 804
805 0
0 806
807 0
0 808
809 0
0 810
811 0
0 812
813 0
0 814
815 0
0 816
817 0
0 818
819 0
0 820
821 0
0 822
823 0
0 824
825 0
0 826
827 0
0 828
829 0
0 830
831 0
0 832
833 0
0 834
835 0
0 836
837 0
0 838
839 0
0 840
841 0
0 842
843 0
0 844
845 0
0 846
847 0
0 848
849 0
0 850
851 0
0 852
853 0
0 854
855 0
0 856
857 0
0 858
859 0
0 860
861 0
0 862
863 0
0 864
865 0
0 866
867 0
0 868
869 0
0 870
871 0
0 872
873 0
0 874
875 0
0 876
877 0
0 878
879 0
0 880
881 0
0 882
883 0
0 884
885 0
0 886
887 0
0 888
889 0
0 890
891 0
0 892
893 0
0 894
895 0
0 896
897 0
0 898
899 0
0 900
901 0
0 902
903 0
0 904
905 0
0 906
907 0
0 908
909 0
0 910
911 0
0 912
913 0
0 914
915 0
0 916
917 0
0 918
919 0
0 920
921 0
0 922
923 0
0 924
925 0
0 926
927 0
0 928
929 0
0 930
931 0
0 932
933 0
0 934
935 0
0 936
937 0
0 938
939 0
0 940
941 0
0 942
943 0
0 944
945 0
0 946
947 0
0 948
949 0
0 950
951 0
0 952
953 0
0 954
955 0
0 956
957 0
0 958
959 0
0 960
961 0
0 962
963 0
0 964
965 0
0 966
967 0
0 968
969 0
0 970
971 0
0 972
973 0
0 974
975 0
0 976
977 0
0 978
979 0
0 980
981 0
0 982
983 0
0 984
985 0
0 986
987 0
0 988
989 0
0 990
991 0
0 992
993 0
0 994
995 0
0 996
997 0
0 998
999 0
0 1000
1001 0
0 1002
1003 0
0 1004
1005 0
0 1006
1007 0
0 1008
1009 0
0 1010
1011 0
0 1012
1013 0
0 1014
1015 0
0 1016
1017 0
0 1018
1019 0
0 1020
1021 0
0 1022
1023 0
0 1024
1025 0
0 1026
1027 0
0 1028
1029 0
0 1030
1031 0
0 1032
1033 0
0 1034
1035 0
0 1036
1037 0
0 1038
1039 0
0 1040
1041 0
0 1042
1043 0
0 1044
1045 0
0 1046
1047 0
0 1048
1049 0
0 1050
1051 0
0 1052
1053 0
0 1054
1055 0
0 1056
1057 0
0 1058
1059 0
0 1060
1061 0
0 1062
1063 0
0 1064
1065 0
0 1066
1067 0
0 1068
1069 0
0 1070
1071 0
0 1072
1073 0
0 1074
1075 0
0 1076
1077 0
0 1078
1079 0
0 1080
1081 0
0 1082
1083 0
0 1084
1085 0
0 1086
1087 0
0 1088
1089 0
0 1090
1091 0
0 1092
1093 0
0 1094
1095 0
0 1096
1097 0
0 1098
1099 0
0 1100
1101 0
0 1102
1103 0
0 1104
1105 0
0 1106
1107 0
0 1108
1109 0
0 1110
1111 0
0 1112
1113 0
0 1114
1115 0
0 1116
1117 0
0 1118
1119 0
0 1120
1121 0
0 1122
1123 0
0 1124
1125 0
0 1126
1127 0
0 1128
1129 0
0 1130
1131 0
0 1132
1133 0
0 1134
1135 0
0 1136
1137 0
0 1138
1139 0
0 1140
1141 0
0 1142
1143 0
0 1144
1145 0
0 1146
1147 0
0 1148
1149 0
0 1150
1151 0
0 1152
1153 0
0 1154
1155 0
0 1156
1157 0
0 1158
1159 0
0 1160
1161 0
0 1162
1163 0
0 1164
1165 0
0 1166
1167 0
0 1168
1169 0
0 1170
1171 0
0 1172
1173 0
0 1174
1175 0
0 1176
1177 0
0 1178
1179 0
0 1180
1181 0
0 1182
1183 0
0 1184
1185 0
0 1186
1187 0
0 1188
1189 0
0 1190
1191 0
0 1192
1193 0
0 1194
1195 0
0 1196
1197 0
0 1198
1199 0
0 1200
1201 0
0 1202
1203 0
0 1204
1205 0
0 1206
1207 0
0 1208
1209 0
0 1210
1211 0
0 1212
1213 0
0 1214
1215 0
0 1216
1217 0
0 1218
1219 0
0 1220
1221 0
0 1222
1223 0
0 1224
1225 0
0 1226
1227 0
0 1228
1229 0
0 1230
1231 0
0 1232
1233 0
0 1234
1235 0
0 1236
1237 0
0 1238
1239 0
0 1240
1241 0
0 1242
1243 0
0 1244
1245 0
0 1246
1247 0
0 1248
1249 0
0 1250
1251 0
0 1252
1253 0
0 1254
1255 0
0 1256
1257 0
0 1258
1259 0
0 1260
1261 0
0 1262
1263 0
0 1264
1265 0
0 1266
1267 0
0 1268
1269 0
0 1270
1271 0
0 1272
1273 0
0 1274
1275 0
0 1276
1277 0
0 1278
1279 0
0 1280
1281 0
0 1282
1283 0
0 1284
1285 0
0 1286
1287 0
0 1288
1289 0
0 1290
1291 0
0 1292
1293 0
0 1294
1295 0
0 1296
1297 0
0 1298
1299 0
0 1300
1301 0
0 1302
1303 0
0 1304
1305 0
0 1306
1307 0
0 1308
1309 0
0 1310
1311 0
0 1312
1313 0
0 1314
1315 0
0 1316
1317 0
0 1318
1319 0
0 1320
1321 0
0 1322
1323 0
0 1324
1325 0
0 1326
1327 0
0 1328
1329 0
0 1330
1331 0
0 1332
1333 0
0 1334
1335 0
0 1336
1337 0
0 1338
1339 0
0 1340
1341 0
0 1342
1343 0
0 1344
1345 0
0 1346
1347 0
0 1348
1349 0
0 1350
1351 0
0 1352
1353 0
0 1354
1355 0
0 1356
1357 0
0 1358
1359 0
0 1360
1361 0
0 1362
1363 0
0 1364
1365 0
0 1366
1367 0
0 1368
1369 0
0 1370
1371 0
0 1372
1373 0
0 1374
1375 0
0 1376
1377 0
0 1378
1379 0
0 1380
1381 0
0 1382
1383 0
0 1384
1385 0
0 1386
1387 0
0 1388
1389 0
0 1390
1391 0
0 1392
1393 0
0 1394
1395 0
0 1396
1397 0
0 1398
1399 0
0 1400
1401 0
0 1402
1403 0
0 1404
1405 0
0 1406
1407 0
0 1408
1409 0
0 1410
1411 0
0 1412
1413 0
0 1414
1415 0
0 1416
1417 0
0 1418
1419 0
0 1420
1421 0
0 1422
1423 0
0 1424
1425 0
0 1426
1427 0
0 1428
1429 0
0 1430
1431 0
0 1432
1433 0
0 1434
1435 0
0 1436
1437 0
0 1438
1439 0
0 1440
1441 0
0 1442
1443 0
0 1444
1445 0
0 1446
1447 0
0 1448
1449 0
0 1450
1451 0
0 1452
1453 0
0 1454
1455 0
0 1456
1457 0
0 1458
1459 0
0 1460
1461 0
0 1462
1463 0
0 1464
1465 0
0 1466
1467 0
0 1468
1469 0
0 1470
1471 0
0 1472
1473 0
0 1474
1475 0
0 1476
1477 0
0 1478
1479 0
0 1480
1481 0
0 1482
1483 0
0 1484
1485 0
0 1486
1487 0
0 1488
1489 0
0 1490
1491 0
0 1492
1493 0
0 1494
1495 0
0 1496
1497 0
0 1498
1499 0
0 1500
1501 0
0 1502
1503 0
0 1504
1505 0
0 1506
1507 0
0 1508
1509 0
0 1510
1511 0
0 1512
1513 0
0 1514
1515 0
0 1516
1517 0
0 1518
1519 0
0 1520
1521 0
0 1522
1523 0
0 1524
1525 0
0 1526
1527 0
0 1528
1529 0
0 1530
1531 0
0 1532
1533 0
0 1534
1535 0
0 1536
1537 0
0 1538
1539 0
0 1540
1541 0
0 1542
1543 0
0 1544
1545 0
0 1546
1547 0
0 1548
1549 0
0 1550
1551 0
0 1552
1553 0
0 1554
1555 0
0 1556
1557 0
0 1558
1559 0
0 1560
1561 0
0 1562
1563 0
0 1564
1565 0
0 1566
1567 0
0 1568
1569 0
0 1570
1571 0
0 1572
1573 0
0 1574
1575 0
0 1576
1577 0
0 1578
1579 0
0 1580
1581 0
0 1582
1583 0
0 1584
1585 0
0 1586
1587 0
0 1588
1589 0
0 1590
1591 0
0 1592
1593 0
0 1594
1595 0
0 1596
1597 0
0 1598
1599 0
0 1600
1601 0
0 1602
1603 0
0 1604
1605 0
0 1606
1607 0
0 1608
1609 0
0 1610
1611 0
0 1612
1613 0
0 1614
1615 0
0 1616
1617 0
0 1618
1619 0
0 1620
1621 0
0 1622
1623 0
0 1624
1625 0
0 1626
1627 0
0 1628
1629 0
0 1630
1631 0
0 1632
1633 0
0 1634
1635 0
0 1636
1637 0
0 1638
1639 0
0 1640
1641 0
0 1642
1643 0
0 1644
1645 0
0 1646
1647 0
0 1648
1649 0
0 1650
1651 0
0 1652
1653 0
0 1654
1655 0
0 1656
1657 0
0 1658
1659 0
0 1660
1661 0
0 1662
1663 0
0 1664
1665 0
0 1666
1667 0
0 1668
1669 0
0 1670
1671 0
0 1672
1673 0
0 1674
1675 0
0 1676
1677 0
0 1678
1679 0
0 1680
1681 0
0 1682
1683 0
0 1684
1685 0
0 1686
1687 0
0 1688
1689 0
0 1690
1691 0
0 1692
1693 0
0 1694
1695 0
0 1696
1697 0
0 1698
1699 0
0 1700
1701 0
0 1702
1703 0
0 1704
1705 0
0 1706
1707 0
0 1708
1709 0
0 1710
1711 0
0 1712
1713 0
0 1714
1715 0
0 1716
1717 0
0 1718
1719 0
0 1720
1721 0
0 1722
1723 0
0 1724
1725 0
0 1726
1727 0
0 1728
1729 0
0 1730
1731 0
0 1732
1733 0
0 1734
1735 0
0 1736
1737 0
0 1738
1739 0
0 1740
1741 0
0 1742
1743 0
0 1744
1745 0
0 1746
1747 0
0 1748
1749 0
0 1750
1751 0
0 1752
1753 0
0 1754
1755 0
0 1756
1757 0
0 1758
1759 0
0 1760
1761 0
0 1762
1763 0
0 1764
1765 0
0 1766
1767 0
0 1768
1769 0
0 1770
1771 0
0 1772
1773 0
0 1774
1775 0
0 1776
1777 0
0 1778
1779 0
0 1780
1781 0
0 1782
1783 0
0 1784
1785 0
0 1786
1787 0
0 1788
1789 0
0 1790
1791 0
0 1792
1793 0
0 1794
1795 0
0 1796
1797 0
0 1798
1799 0
0 1800
1801 0
0 1802
1803 0
0 1804
1805 0
0 1806
1807 0
0 1808
1809 0
0 1810
1811 0
0 1812
1813 0
0 1814
1815 0
0 1816
1817 0
0 1818
1819 0
0 1820
1821 0
0 1822
1823 0
0 1824
1825 0
0 1826
1827 0
0 1828
1829 0
0 1830
1831 0
0 1832
1833 0
0 1834
1835 0
0 1836
1837 0
0 1838
1839 0
0 1840
1841 0
0 1842
1843 0
0 1844
1845 0
0 1846
1847 0
0 1848
1849 0
0 1850
1851 0
0 1852
1853 0
0 1854
1855 0
0 1856
1857 0
0 1858
1859 0
0 1860
1861 0
0 1862
1863 0
0 1864
1865 0
0 1866
1867 0
0 1868
1869 0
0 1870
1871 0
0 1872
1873 0
0 1874
1875 0
0 1876
1877 0
0 1878
1879 0
0 1880
1881 0
0 1882
1883 0
0 1884
1885 0
0 1886
1887 0
0 1888
1889 0
0 1890
1891 0
0 1892
1893 0
0 1894
1895 0
0 1896
1897 0
0 1898
1899 0
0 1900
1901 0
0 1902
1903 0
0 1904
1905 0
0 1906
1907 0
0 1908
1909 0
0 1910
1911 0
0 1912
1913 0
0 1914
1915 0
0 1916
1917 0
0 1918
1919 0
0 1920
1921 0
0 1922
1923 0
0 1924
1925 0
0 1926
1927 0
0 1928
1929 0
0 1930
1931 0
0 1932
1933 0
0 1934
1935 0
0 1936
1937 0
0 1938
1939 0
0 1940
1941 0
0 1942
1943 0
0 1944
1945 0
0 1946
1947 0
0 1948
1949 0
0 1950
1951 0
0 1952
1953 0
0 1954
1955 0
0 1956
1957 0
0 1958
1959 0
0 1960
1961 0
0 1962
1963 0
0 1964
1965 0
0 1966
1967 0
0 1968
1969 0
0 1970
1971 0
0 1972
1973 0
0 1974
1975 0
0 1976
1977 0
0 1978
1979 0
0 1980
1981 0
0 1982
1983 0
0 1984
1985 0
0 1986
1987 0
0 1988
1989 0
0 1990
1991 0
0 1992
1993 0
0 1994
1995 0
0 1996
1997 0
0 1998
1999 0
0 2000
1 0
0 2
3 0
0 4
5 0
0 6
7 0
0 8
9 0
0 10
11 0
0 12
13 0
0 14
15 0
0 16
17 0
0 18
19 0
0 20
21 0
0 22
23 0
0 24
25 0
0 26
27 0
0 28
29 0
0 30
31 0
0 32
33 0
0 34
35 0
0 36
37 0
0 38
39 0
0 40
41 0
0 42
43 0
0 44
45 0
0 46
47 0
0 48
49 0
0 50
51 0
0 52
53 0
0 54
55 0
0 56
57 0
0 58
59 0
0 60
61 0
0 62
63 0
0 64
65 0
0 66
67 0
0 68
69 0
0 70
71 0
0 72
73 0
0 74
75 0
0 76
77 0
0 78
79 0
0 80
81 0
0 82
83 0
0 84
85 0
0 86
87 0
0 88
89 0
0 90
91 0
0 92
93 0
0 94
95 0
0 96
97 0
0 98
99 0
0 100
101 0
0 102
103 0
0 104
105 0
0 106
107 0
0 108
109 0
0 110
111 0
0 112
113 0
0 114
115 0
0 116
117 0
0 118
119 0
0 120
121 0
0 122
123 0
0 124
125 0
0 126
127 0
0 128
129 0
0 130
131 0
0 132
133 0
0 134
135 0
0 136
137 0
0 138
139 0
0 140
141 0
0 142
143 0
0 144
145 0
0 146
147 0
0 148
149 0
0 150
151 0
0 152
153 0
0 154
155 0
0 156
157 0
0 158
159 0
0 160
161 0
0 162
163 0
0 164
165 0
0 166
167 0
0 168
169 0
0 170
171 0
0 172
173 0
0 174
175 0
0 176
177 0
0 178
179 0
0 180
181 0
0 182
183 0
0 184
185 0
0 186
187 0
0 188
189 0
0 190
191 0
0 192
193 0
0 194
195 0
0 196
197 0
0 198
199 0
0 200
201 0
0 202
203 0
0 204
205 0
0 206
207 0
0 208
209 0
0 210
211 0
0 212
213 0
0 214
215 0
0 216
217 0
0 218
219 0
0 220
221 0
0 222
223 0
0 224
225 0
0 226
227 0
0 228
229 0
0 230
231 0
0 232
233 0
0 234
235 0
0 236
237 0
0 238
239 0
0 240
241 0
0 242
243 0
0 244
245 0
0 246
247 0
0 248
249 0
0 250
251 0
0 252
253 0
0 254
255 0
0 256
257 0
0 258
259 0
0 260
261 0
0 262
263 0
0 264
265 0
0 266
267 0
0 268
269 0
0 270
271 0
0 272
273 0
0 274
275 0
0 276
277 0
0 278
279 0
0 280
281 0
0 282
283 0
0 284
285 0
0 286
287 0
0 288
289 0
0 290
291 0
0 292
293 0
0 294
295 0
0 296
297 0
0 298
299 0
0 300
301 0
0 302
303 0
0 304
305 0
0 306
307 0
0 308
309 0
0 310
311 0
0 312
313 0
0 314
315 0
0 316
317 0
0 318
319 0
0 320
321 0
0 322
323 0
0 324
325 0
0 326
327 0
0 328
329 0
0 330
331 0
0 332
333 0
0 334
335 0
0 336
337 0
0 338
339 0
0 340
341 0
0 342
343 0
0 344
345 0
0 346
347 0
0 348
349 0
0 350
351 0
0 352
353 0
0 354
355 0
0 356
357 0
0 358
359 0
0 360
361 0
0 362
363 0
0 364
365 0
0 366
367 0
0 368
369 0
0 370
371 0
0 372
373 0
0 374
375 0
0 376
377 0
0 378
379 0
0 380
381 0
0 382
383 0
0 384
385 0
0 386
387 0
0 388
389 0
0 390
391 0
0 392
393 0
0 394
395 0
0 396
397 0
0 398
399 0
0 400
401 0
0 402
403 0
0 404
405 0
0 406
407 0
0 408
409 0
0 410
411 0
0 412
413 0
0 414
415 0
0 416
417 0
0 418
419 0
0 420
421 0
0 422
423 0
0 424
425 0
0 426
427 0
0 428
429 0
0 430
431 0
0 432
433 0
0 434
435 0
0 436
437 0
0 438
439 0
0 440
441 0
0 442
443 0
0 444
445 0
0 446
447 0
0 448
449 0
0 450
451 0
0 452
453 0
0 454
455 0
0 456
457 0
0 458
459 0
0 460
461 0
0 462
463 0
0 464
465 0
0 466
467 0
0 468
469 0
0 470
471 0
0 472
473 0
0 474
475 0
0 476
477 0
0 478
479 0
0 480
481 0
0 482
483 0
0 484
485 0
0 486
487 0
0 488
489 0
0 490
491 0
0 492
493 0
0 494
495 0
0 496
497 0
0 498
499 0
0 500
501 0
0 502
503 0
0 504
505 0
0 506
507 0
0 508
509 0
0 510
511 0
0 512
513 0
0 514
515 0
0 516
517 0
0 518
519 0
0 520
521 0
0 522
523 0
0 524
525 0
0 526
527 0
0 528
529 0
0 530
531 0
0 532
533 0
0 534
535 0
0 536
537 0
0 538
539 0
0 540
541 0
0 542
543 0
0 544
545 0
0 546
547 0
0 548
549 0
0 550
551 0
0 552
553 0
0 554
555 0
0 556
557 0
0 558
559 0
0 560
561 0
0 562
563 0
0 564
565 0
0 566
567 0
0 568
569 0
0 570
571 0
0 572
573 0
0 574
575 0
0 576
577 0
0 578
579 0
0 580
581 0
0 582
583 0
0 584
585 0
0 586
587 0
0 588
589 0
0 590
591 0
0 592
593 0
0 594
595 0
0 596
597 0
0 598
599 0
0 600
601 0
0 602
603 0
0 604
605 0
0 606
607 0
0 608
609 0
0 610
611 0
0 612
613 0
0 614
615 0
0 616
617 0
0 618
619 0
0 620
621 0
0 622
623 0
0 624
625 0
0 626
627 0
0 628
629 0
0 630
631 0
0 632
633 0
0 634
635 0
0 636
637 0
0 638
639 0
0 640
641 0
0 642
643 0
0 644
645 0
0 646
647 0
0 648
649 0
0 650
651 0
0 652
653 0
0 654
655 0
0 656
657 0
0 658
659 0
0 660
661 0
0 662
663 0
0 664
665 0
0 666
667 0
0 668
669 0
0 670
671 0
0 672
673 0
0 674
675 0
0 676
677 0
0 678
679 0
0 680
681 0
0 682
683 0
0 684
685 0
0 686
687 0
0 688
689 0
0 690
691 0
0 692
693 0
0 694
695 0
0 696
697 0
0 698
699 0
0 700
701 0
0 702
703 0
0 704
705 0
0 706
707 0
0 708
709 0
0 710
711 0
0 712
713 0
0 714
715 0
0 716
717 0
0 718
719 0
0 720
721 0
0 722
723 0
0 724
725 0
0 726
727 0
0 728
729 0
0 730
731 0
0 732
733 0
0 734
735 0
0 736
737 0
0 738
739 0
0 740
741 0
0 742
743 0
0 744
745 0
0 746
747 0
0 748
749 0
0 750
751 0
0 752
753 0
0 754
755 0
0 756
757 0
0 758
759 0
0 760
761 0
0 762
763 0
0 764
765 0
0 766
767 0
0 768
769 0
0 770
771 0
0 772
773 0
0 774
775 0
0 776
777 0
0 778
779 0
0 780
781 0
0 782
783 0
0 784
785 0
0 786
787 0
0 788
789 0
0 790
791 0
0 792
793 0
0 794
795 0
0 796
797 0
0 798
799 0
0 800
801 0
0 802
803 0
0 804
805 0
0 806
807 0
0 808
809 0
0 810
811 0
0 812
813 0
0 814
815 0
0 816
817 0
0 818
819 0
0 820
821 0
0 822
823 0
0 824
825 0
0 826
827 0
0 828
829 0
0 830
831 0
0 832
833 0
0 834
835 0
0 836
837 0
0 838
839 0
0 840
841 0
0 842
843 0
0 844
845 0
0 846
847 0
0 848
849 0
0 850
851 0
0 852
853 0
0 854
855 0
0 856
857 0
0 858
859 0
0 860
861 0
0 862
863 0
0 864
865 0
0 866
867 0
0 868
869 0
0 870
871 0
0 872
873 0
0 874
875 0
0 876
877 0
0 878
879 0
0 880
881 0
0 882
883 0
0 884
885 0
0 886
887 0
0 888
889 0
0 890
891 0
0 892
893 0
0 894
895 0
0 896
897 0
0 898
899 0
0 900
901 0
0 902
903 0
0 904
905 0
0 906
907 0
0 908
909 0
0 910
911 0
0 912
913 0
0 914
915 0
0 916
917 0
0 918
919 0
0 920
921 0
0 922
923 0
0 924
925 0
0 926
927 0
0 928
929 0
0 930
931 0
0 932
933 0
0 934
935 0
0 936
937 0
0 938
939 0
0 940
941 0
0 942
943 0
0 944
945 0
0 946
947 0
0 948
949 0
0 950
951 0
0 952
953 0
0 954
955 0
0 956
957 0
0 958
959 0
0 960
961 0
0 962
963 0
0 964
965 0
0 966
967 0
0 968
969 0
0 970
971 0
0 972
973 0
0 974
975 0
0 976
977 0
0 978
979 0
0 980
981 0
0 982
983 0
0 984
985 0
0 986
987 0
0 988
989 0
0 990
991 0
0 992
993 0
0 994
995 0
0 996
997 0
0 998
999 0
0 1000
1001 0
0 1002
1003 0
0 1004
1005 0
0 1006
1007 0
0 1008
1009 0
0 1010
1011 0
0 1012
1013 0
0 1014
1015 0
0 1016
1017 0
0 1018
1019 0
0 1020
1021 0
0 1022
1023 0
0 1024
1025 0
0 1026
1027 0
0 1028
1029 0
0 1030
1031 0
0 1032
1033 0
0 1034
1035 0
0 1036
1037 0
0 1038
1039 0
0 1040
1041 0
0 1042
1043 0
0 1044
1045 0
0 1046
1047 0
0 1048
1049 0
0 1050
1051 0
0 1052
1053 0
0 1054
1055 0
0 1056
1057 0
0 1058
1059 0
0 1060
1061 0
0 1062
1063 0
0 1064
1065 0
0 1066
1067 0
0 1068
1069 0
0 1070
1071 0
0 1072
1073 0
0 1074
1075 0
0 1076
1077 0
0 1078
1079 0
0 1080
1081 0
0 1082
1083 0
0 1084
1085 0
0 1086
1087 0
0 1088
1089 0
0 1090
1091 0
0 1092
1093 0
0 1094
1095 0
0 1096
1097 0
0 1098
1099 0
0 1100
1101 0
0 1102
1103 0
0 1104
1105 0
0 1106
1107 0
0 1108
1109 0
0 1110
1111 0
0 1112
1113 0
0 1114
1115 0
0 1116
1117 0
0 1118
1119 0
0 1120
1121 0
0 1122
1123 0
0 1124
1125 0
0 1126
1127 0
0 1128
1129 0
0 1130
1131 0
0 1132
1133 0
0 1134
1135 0
0 1136
1137 0
0 1138
1139 0
0 1140
1141 0
0 1142
1143 0
0 1144
1145 0
0 1146
1147 0
0 1148
1149 0
0 1150
1151 0
0 1152
1153 0
0 1154
1155 0
0 1156
1157 0
0 1158
1159 0
0 1160
1161 0
0 1162
1163 0
0 1164
1165 0
0 1166
1167 0
0 1168
1169 0
0 1170
1171 0
0 1172
1173 0
0 1174
1175 0
0 1176
1177 0
0 1178
1179 0
0 1180
1181 0
0 1182
1183 0
0 1184
1185 0
0 1186
1187 0
0 1188
1189 0
0 1190
1191 0
0 1192
1193 0
0 1194
1195 0
0 1196
1197 0
0 1198
1199 0
0 1200
1201 0
0 1202
1203 0
0 1204
1205 0
0 1206
1207 0
0 1208
1209 0
0 1210
1211 0
0 1212
1213 0
0 1214
1215 0
0 1216
1217 0
0 1218
1219 0
0 1220
1221 0
0 1222
1223 0
0 1224
1225 0
0 1226
1227 0
0 1228
1229 0
0 1230
1231 0
0 1232
1233 0
0 1234
1235 0
0 1236
1237 0
0 1238
1239 0
0 1240
1241 0
0 1242
1243 0
0 1244
1245 0
0 1246
1247 0
0 1248
1249 0
0 1250
1251 0
0 1252
1253 0
0 1254
1255 0
0 1256
1257 0
0 1258
1259 0
0 1260
1261 0
0 1262
1263 0
0 1264
1265 0
0 1266
1267 0
0 1268
1269 0
0 1270
1271 0
0 1272
1273 0
0 1274
1275 0
0 1276
1277 0
0 1278
1279 0
0 1280
1281 0
0 1282
1283 0
0 1284
1285 0
0 1286
1287 0
0 1288
1289 0
0 1290
1291 0
0 1292
1293 0
0 1294
1295 0
0 1296
1297 0
0 1298
1299 0
0 1300
1301 0
0 1302
1303 0
0 1304
1305 0
0 1306
1307 0
0 1308
1309 0
0 1310
1311 0
0 1312
1313 0
0 1314
1315 0
0 1316
1317 0
0 1318
1319 0
0 1320
1321 0
0 1322
1323 0
0 1324
1325 0
0 1326
1327 0
0 1328
1329 0
0 1330
1331 0
0 1332
1333 0
0 1334
1335 0
0 1336
1337 0
0 1338
1339 0
0 1340
1341 0
0 1342
1343 0
0 1344
1345 0
0 1346
1347 0
0 1348
1349 0
0 1350
1351 0
0 1352
1353 0
0 1354
1355 0
0 1356
1357 0
0 1358
1359 0
0 1360
1361 0
0 1362
1363 0
0 1364
1365 0
0 1366
1367 0
0 1368
1369 0
0 1370
1371 0
0 1372
1373 0
0 1374
1375 0
0 1376
1377 0
0 1378
1379 0
0 1380
1381 0
0 1382
1383 0
0 1384
1385 0
0 1386
1387 0
0 1388
1389 0
0 1390
1391 0
0 1392
1393 0
0 1394
1395 0
0 1396
1397 0
0 1398
1399 0
0 1400
1401 0
0 1402
1403 0
0 1404
1405 0
0 1406
1407 0
0 1408
1409 0
0 1410
1411 0
0 1412
1413 0
0 1414
1415 0
0 1416
1417 0
0 1418
1419 0
0 1420
1421 0
0 1422
1423 0
0 1424
1425 0
0 1426
1427 0
0 1428
1429 0
0 1430
1431 0
0 1432
1433 0
0 1434
1435 0
0 1436
1437 0
0 1438
1439 0
0 1440
1441 0
0 1442
1443 0
0 1444
1445 0
0 1446
1447 0
0 1448
1449 0
0 1450
1451 0
0 1452
1453 0
0 1454
1455 0
0 1456
1457 0
0 1458
1459 0
0 1460
1461 0
0 1462
1463 0
0 1464
1465 0
0 1466
1467 0
0 1468
1469 0
0 1470
1471 0
0 1472
1473 0
0 1474
1475 0
0 1476
1477 0
0 1478
1479 0
0 1480
1481 0
0 1482
1483 0
0 1484
1485 0
0 1486
1487 0
0 1488
1489 0
0 1490
1491 0
0 1492
1493 0
0 1494
1495 0
0 1496
1497 0
0 1498
1499 0
0 1500
1501 0
0 1502
1503 0
0 1504
1505 0
0 1506
1507 0
0 1508
1509 0
0 1510
1511 0
0 1512
1513 0
0 1514
1515 0
0 1516
1517 0
0 1518
1519 0
0 1520
1521 0
0 1522
1523 0
0 1524
1525 0
0 1526
1527 0
0 1528
1529 0
0 1530
1531 0
0 1532
1533 0
0 1534
1535 0
0 1536
1537 0
0 1538
1539 0
0 1540
1541 0
0 1542
1543 0
0 1544
1545 0
0 1546
1547 0
0 1548
1549 0
0 1550
1551 0
0 1552
1553 0
0 1554
1555 0
0 1556
1557 0
0 1558
1559 0
0 1560
1561 0
0 1562
1563 0
0 1564
1565 0
0 1566
1567 0
0 1568
1569 0
0 1570
1571 0
0 1572
1573 0
0 1574
1575 0
0 1576
1577 0
0 1578
1579 0
0 1580
1581 0
0 1582
1583 0
0 1584
1585 0
0 1586
1587 0
0 1588
1589 0
0 1590
1591 0
0 1592
1593 0
0 1594
1595 0
0 1596
1597 0
0 1598
1599 0
0 1600
1601 0
0 1602
1603 0
0 1604
1605 0
0 1606
1607 0
0 1608
1609 0
0 1610
1611 0
0 1612
1613 0
0 1614
1615 0
0 1616
1617 0
0 1618
1619 0
0 1620
1621 0
0 1622
1623 0
0 1624
1625 0
0 1626
1627 0
0 1628
1629 0
0 1630
1631 0
0 1632
1633 0
0 1634
1635 0
0 1636
1637 0
0 1638
1639 0
0 1640
1641 0
0 1642
1643 0
0 1644
1645 0
0 1646
1647 0
0 1648
1649 0
0 1650
1651 0
0 1652
1653 0
0 1654
1655 0
0 1656
1657 0
0 1658
1659 0
0 1660
1661 0
0 1662
1663 0
0 1664
1665 0
0 1666
1667 0
0 1668
1669 0
0 1670
1671 0
0 1672
1673 0
0 1674
1675 0
0 1676
1677 0
0 1678
1679 0
0 1680
1681 0
0 1682
1683 0
0 1684
1685 0
0 1686
1687 0
0 1688
1689 0
0 1690
1691 0
0 1692
1693 0
0 1694
1695 0
0 1696
1697 0
0 1698
1699 0
0 1700
1701 0
0 1702
1703 0
0 1704
1705 0
0 1706
1707 0
0 1708
1709 0
0 1710
1711 0
0 1712
1713 0
0 1714
1715 0
0 1716
1717 0
0 1718
1719 0
0 1720
1721 0
0 1722
1723 0
0 1724
1725 0
0 1726
1727 0
0 1728
1729 0
0 1730
1731 0
0 1732
1733 0
0 1734
1735 0
0 1736
1737 0
0 1738
1739 0
0 1740
1741 0
0 1742
1743 0
0 1744
1745 0
0 1746
1747 0
0 1748
1749 0
0 1750
1751 0
0 1752
1753 0
0 1754
1755 0
0 1756
1757 0
0 1758
1759 0
0 1760
1761 0
0 1762
1763 0
0 1764
1765 0
0 1766
1767 0
0 1768
1769 0
0 1770
1771 0
0 1772
1773 0
0 1774
1775 0
0 1776
1777 0
0 1778
1779 0
0 1780
1781 0
0 1782
1783 0
0 1784
1785 0
0 1786
1787 0
0 1788
1789 0
0 1790
1791 0
0 1792
1793 0
0 1794
1795 0
0 1796
1797 0
0 1798
1799 0
0 1800
1801 0
0 1802
1803 0
0 1804
1805 0
0 1806
1807 0
0 1808
1809 0
0 1810
1811 0
0 1812
1813 0
0 1814
1815 0
0 1816
1817 0
0 1818
1819 0
0 1820
1821 0
0 1822
1823 0
0 1824
1825 0
0 1826
1827 0
0 1828
1829 0
0 1830
1831 0
0 1832
1833 0
0 1834
1835 0
0 1836
1837 0
0 1838
1839 0
0 1840
1841 0
0 1842
1843 0
0 1844
1845 0
0 1846
1847 0
0 1848
1849 0
0 1850
1851 0
0 1852
1853 0
0 1854
1855 0
0 1856
1857 0
0 1858
1859 0
0 1860
1861 0
0 1862
1863 0
0 1864
1865 0
0 1866
1867 0
0 1868
1869 0
0 1870
1871 0
0 1872
1873 0
0 1874
1875 0
0 1876
1877 0
0 1878
1879 0
0 1880
1881 0
0 1882
1883 0
0 1884
1885 0
0 1886
1887 0
0 1888
1889 0
0 1890
1891 0
0 1892
1893 0
0 1894
1895 0
0 1896
1897 0
0 1898
1899 0
0 1900
1901 0
0 1902
1903 0
0 1904
1905 0
0 1906
1907 0
0 1908
1909 0
0 1910
1911 0
0 1912
1913 0
0 1914
1915 0
0 1916
1917 0
0 1918
1919 0
0 1920
1921 0
0 1922
1923 0
0 1924
1925 0
0 1926
1927 0
0 1928
1929 0
0 1930
1931 0
0 1932
1933 0
0 1934
1935 0
0 1936
1937 0
0 1938
1939 0
0 1940
1941 0
0 1942
1943 0
0 1944
1945 0
0 1946
1947 0
0 1948
1949 0
0 1950
1951 0
0 1952
1953 0
0 1954
1955 0
0 1956
1957 0
0 1958
1959 0
0 1960
1961 0
0 1962
1963 0
0 1964
1965 0
0 1966
1967 0
0 1968
1969 0
0 1970
1971 0
0 1972
1973 0
0 1974
1975 0
0 1976
1977 0
0 1978
1979 0
0 1980
1981 0
0 1982
1983 0
0 1984
1985 0
0 1986
1987 0
0 1988
1989 0
0 1990
1991 0
0 1992
1993 0
0 1994
1995 0
0 1996
1997 0
0 1998
1999 0
0 2000
1 0
0 2
3 0
0 4
5 0
0 6
7 0
0 8
9 0
0 10
11 0
0 12
13 0
0 14
15 0
0 16
17 0
0 18
19 0
0 20
21 0
0 22
23 0
0 24
25 0
0 26
27 0
0 28
29 0
0 30
31 0
0 32
33 0
0 34
35 0
0 36
37 0
0 38
39 0
0 40
41 0
0 42
43 0
0 44
45 0
0 46
47 0
0 48
49 0
0 50
51 0
0 52
53 0
0 54
55 0
0 56
57 0
0 58
59 0
0 60
61 0
0 62
63 0
0 64
65 0
0 66
67 0
0 68
69 0
0 70
71 0
0 72
73 0
0 74
75 0
0 76
77 0
0 78
79 0
0 80
81 0
0 82
83 0
0 84
85 0
0 86
87 0
0 88
89 0
0 90
91 0
0 92
93 0
0 94
95 0
0 96
97 0
0 98
99 0
0 100
101 0
0 102
103 0
0 104
105 0
0 106
107 0
0 108
109 0
0 110
111 0
0 112
113 0
0 114
115 0
0 116
117 0
0 118
119 0
0 120
121 0
0 122
123 0
0 124
125 0
0 126
127 0
0 128
129 0
0 130
131 0
0 132
133 0
0 134
135 0
0 136
137 0
0 138
139 0
0 140
141 0
0 142
143 0
0 144
145 0
0 146
147 0
0 148
149 0
0 150
151 0
0 152
153 0
0 154
155 0
0 156
157 0
0 158
159 0
0 160
161 0
0 162
163 0
0 164
165 0
0 166
167 0
0 168
169 0
0 170
171 0
0 172
173 0
0 174
175 0
0 176
177 0
0 178
179 0
0 180
181 0
0 182
183 0
0 184
185 0
0 186
187 0
0 188
189 0
0 190
191 0
0 192
193 0
0 194
195 0
0 196
197 0
0 198
199 0
0 200
201 0
0 202
203 0
0 204
205 0
0 206
207 0
0 208
209 0
0 210
211 0
0 212
213 0
0 214
215 0
0 216
217 0
0 218
219 0
0 220
221 0
0 222
223 0
0 224
225 0
0 226
227 0
0 228
229 0
0 230
231 0
0 232
233 0
0 234
235 0
0 236
237 0
0 238
239 0
0 240
241 0
0 242
243 0
0 244
245 0
0 246
247 0
0 248
249 0
0 250
251 0
0 252
253 0
0 254
255 0
0 256
257 0
0 258
259 0
0 260
261 0
0 262
263 0
0 264
265 0
0 266
267 0
0 268
269 0
0 270
271 0
0 272
273 0
0 274
275 0
0 276
277 0
0 278
279 0
0 280
281 0
0 282
283 0
0 284
285 0
0 286
287 0
0 288
289 0
0 290
291 0
0 292
293 0
0 294
295 0
0 296
297 0
0 298
299 0
0 300
301 0
0 302
303 0
0 304
305 0
0 306
307 0
0 308
309 0
0 310
311 0
0 312
313 0
0 314
315 0
0 316
317 0
0 318
319 0
0 320
321 0
0 322
323 0
0 324
325 0
0 326
327 0
0 328
329 0
0 330
331 0
0 332
333 0
0 334
335 0
0 336
337 0
0 338
339 0
0 340
341 0
0 342
343 0
0 344
345 0
0 346
347 0
0 348
349 0
0 350
351 0
0 352
353 0
0 354
355 0
0 356
357 0
0 358
359 0
0 360
361 0
0 362
363 0
0 364
365 0
0 366
367 0
0 368
369 0
0 370
371 0
0 372
373 0
0 374
375 0
0 376
377 0
0 378
379 0
0 380
381 0
0 382
383 0
0 384
385 0
0 386
387 0
0 388
389 0
0 390
391 0
0 392
393 0
0 394
395 0
0 396
397 0
0 398
399 0
0 400
401 0
0 402
403 0
0 404
405 0
0 406
407 0
0 408
409 0
0 410
411 0
0 412
413 0
0 414
415 0
0 416
417 0
0 418
419 0
0 420
421 0
0 422
423 0
0 424
425 0
0 426
427 0
0 428
429 0
0 430
431 0
0 432
433 0
0 434
435 0
0 436
437 0
0 438
439 0
0 440
441 0
0 442
443 0
0 444
445 0
0 446
447 0
0 448
449 0
0 450
451 0
0 452
453 0
0 454
455 0
0 456
457 0
0 458
459 0
0 460
461 0
0 462
463 0
0 464
465 0
0 466
467 0
0 468
469 0
0 470
471 0
0 472
473 0
0 474
475 0
0 476
477 0
0 478
479 0
0 480
481 0
0 482
483 0
0 484
485 0
0 486
487 0
0 488
489 0
0 490
491 0
0 492
493 0
0 494
495 0
0 496
497 0
0 498
499 0
0 500
501 0
0 502
503 0
0 504
505 0
0 506
507 0
0 508
509 0
0 510
511 0
0 512
513 0
0 514
515 0
0 516
517 0
0 518
519 0
0 520
521 0
0 522
523 0
0 524
525 0
0 526
527 0
0 528
529 0
0 530
531 0
0 532
533 0
0 534
535 0
0 536
537 0
0 538
539 0
0 540
541 0
0 542
543 0
0 544
545 0
0 546
547 0
0 548
549 0
0 550
551 0
0 552
553 0
0 554
555 0
0 556
557 0
0 558
559 0
0 560
561 0
0 562
563 0
0 564
565 0
0 566
567 0
0 568
569 0
0 570
571 0
0 572
573 0
0 574
575 0
0 576
577 0
0 578
579 0
0 580
581 0
0 582
583 0
0 584
585 0
0 586
587 0
0 588
589 0
0 590
591 0
0 592
593 0
0 594
595 0
0 596
597 0
0 598
599 0
0 600
601 0
0 602
603 0
0 604
605 0
0 606
607 0
0 608
609 0
0 610
611 0
0 612
613 0
0 614
615 0
0 616
617 0
0 618
619 0
0 620
621 0
0 622
623 0
0 624
625 0
0 626
627 0
0 628
629 0
0 630
631 0
0 632
633 0
0 634
635 0
0 636
637 0
0 638
639 0
0 640
641 0
0 642
643 0
0 644
645 0
0 646
647 0
0 648
649 0
0 650
651 0
0 652
653 0
0 654
655 0
0 656
657 0
0 658
659 0
0 660
661 0
0 662
663 0
0 664
665 0
0 666
667 0
0 668
669 0
0 670
671 0
0 672
673 0
0 674
675 0
0 676
677 0
0 678
679 0
0 680
681 0
0 682
683 0
0 684
685 0
0 686
687 0
0 688
689 0
0 690
691 0
0 692
693 0
0 694
695 0
0 696
697 0
0 698
699 0
0 700
701 0
0 702
703 0
0 704
705 0
0 706
707 0
0 708
709 0
0 710
711 0
0 712
713 0
0 714
715 0
0 716
717 0
0 718
719 0
0 720
721 0
0 722
723 0
0 724
725 0
0 726
727 0
0 728
729 0
0 730
731 0
0 732
733 0
0 734
735 0
0 736
737 0
0 738
739 0
0 740
741 0
0 742
743 0
0 744
745 0
0 746
747 0
0 748
749 0
0 750
751 0
0 752
753 0
0 754
755 0
0 756
757 0
0 758
759 0
0 760
761 0
0 762
763 0
0 764
765 0
0 766
767 0
0 768
769 0
0 770
771 0
0 772
773 0
0 774
775 0
0 776
777 0
0 778
779 0
0 780
781 0
0 782
783 0
0 784
785 0
0 786
787 0
0 788
789 0
0 790
791 0
0 792
793 0
0 794
795 0
0 796
797 0
0 798
799 0
0 800
801 0
0 802
803 0
0 804
805 0
0 806
807 0
0 808
809 0
0 810
811 0
0 812
813 0
0 814
815 0
0 816
817 0
0 818
819 0
0 820
821 0
0 822
823 0
0 824
825 0
0 826
827 0
0 828
829 0
0 830
831 0
0 832
833 0
0 834
835 0
0 836
837 0
0 838
839 0
0 840
841 0
0 842
843 0
0 844
845 0
0 846
847 0
0 848
849 0
0 850
851 0
0 852
853 0
0 854
855 0
0 856
857 0
0 858
859 0
0 860
861 0
0 862
863 0
0 864
865 0
0 866
867 0
0 868
869 0
0 870
871 0
0 872
873 0
0 874
875 0
0 876
877 0
0 878
879 0
0 880
881 0
0 882
883 0
0 884
885 0
0 886
887 0
0 888
889 0
0 890
891 0
0 892
893 0
0 894
895 0
0 896
897 0
0 898
899 0
0 900
901 0
0 902
903 0
0 904
905 0
0 906
907 0
0 908
909 0
0 910
911 0
0 912
913 0
0 914
915 0
0 916
917 0
0 918
919 0
0 920
921 0
0 922
923 0
0 924
925 0
0 926
927 0
0 928
929 0
0 930
931 0
0 932
933 0
0 934
935 0
0 936
937 0
0 938
939 0
0 940
941 0
0 942
943 0
0 944
945 0
0 946
947 0
0 948
949 0
0 950
951 0
0 952
953 0
0 954
955 0
0 956
957 0
0 958
959 0
0 960
961 0
0 962
963 0
0 964
965 0
0 966
967 0
0 968
969 0
0 970
971 0
0 972
973 0
0 974
975 0
0 976
977 0
0 978
979 0
0 980
981 0
0 982
983 0
0 984
985 0
0 986
987 0
0 988
989 0
0 990
991 0
0 992
993 0
0 994
995 0
0 996
997 0
0 998
999 0
0 1000
1001 0
0 1002
1003 0
0 1004
1005 0
0 1006
1007 0
0 1008
1009 0
0 1010
1011 0
0 1012
1013 0
0 1014
1015 0
0 1016
1017 0
0 1018
1019 0
0 1020
1021 0
0 1022
1023 0
0 1024
1025 0
0 1026
1027 0
0 1028
1029 0
0 1030
1031 0
0 1032
1033 0
0 1034
1035 0
0 1036
1037 0
0 1038
1039 0
0 1040
1041 0
0 1042
1043 0
0 1044
1045 0
0 1046
1047 0
0 1048
1049 0
0 1050
1051 0
0 1052
1053 0
0 1054
1055 0
0 1056
1057 0
0 1058
1059 0
0 1060
1061 0
0 1062
1063 0
0 1064
1065 0
0 1066
1067 0
0 1068
1069 0
0 1070
1071 0
0 1072
1073 0
0 1074
1075 0
0 1076
1077 0
0 1078
1079 0
0 1080
1081 0
0 1082
1083 0
0 1084
1085 0
0 1086
1087 0
0 1088
1089 0
0 1090
1091 0
0 1092
1093 0
0 1094
1095 0
0 1096
1097 0
0 1098
1099 0
0 1100
1101 0
0 1102
1103 0
0 1104
1105 0
0 1106
1107 0
0 1108
1109 0
0 1110
1111 0
0 1112
1113 0
0 1114
1115 0
0 1116
1117 0
0 1118
1119 0
0 1120
1121 0
0 1122
1123 0
0 1124
1125 0
0 1126
1127 0
0 1128
1129 0
0 1130
1131 0
0 1132
1133 0
0 1134
1135 0
0 1136
1137 0
0 1138
1139 0
0 1140
1141 0
0 1142
1143 0
0 1144
1145 0
0 1146
1147 0
0 1148
1149 0
0 1150
1151 0
0 1152
1153 0
0 1154
1155 0
0 1156
1157 0
0 1158
1159 0
0 1160
1161 0
0 1162
1163 0
0 1164
1165 0
0 1166
1167 0
0 1168
1169 0
0 1170
1171 0
0 1172
1173 0
0 1174
1175 0
0 1176
1177 0
0 1178
1179 0
0 1180
1181 0
0 1182
1183 0
0 1184
1185 0
0 1186
1187 0
0 1188
1189 0
0 1190
1191 0
0 1192
1193 0
0 1194
1195 0
0 1196
1197 0
0 1198
1199 0
0 1200
1201 0
0 1202
1203 0
0 1204
1205 0
0 1206
1207 0
0 1208
1209 0
0 1210
1211 0
0 1212
1213 0
0 1214
1215 0
0 1216
1217 0
0 1218
1219 0
0 1220
1221 0
0 1222
1223 0
0 1224
1225 0
0 1226
1227 0
0 1228
1229 0
0 1230
1231 0
0 1232
1233 0
0 1234
1235 0
0 1236
1237 0
0 1238
1239 0
0 1240
1241 0
0 1242
1243 0
0 1244
1245 0
0 1246
1247 0
0 1248
1249 0
0 1250
1251 0
0 1252
1253 0
0 1254
1255 0
0 1256
1257 0
0 1258
1259 0
0 1260
1261 0
0 1262
1263 0
0 1264
1265 0
0 1266
1267 0
0 1268
1269 0
0 1270
1271 0
0 1272
1273 0
0 1274
1275 0
0 1276
1277 0
0 1278
1279 0
0 1280
1281 0
0 1282
1283 0
0 1284
1285 0
0 1286
1287 0
0 1288
1289 0
0 1290
1291 0
0 1292
1293 0
0 1294
1295 0
0 1296
1297 0
0 1298
1299 0
0 1300
1301 0
0 1302
1303 0
0 1304
1305 0
0 1306
1307 0
0 1308
1309 0
0 1310
1311 0
0 1312
1313 0
0 1314
1315 0
0 1316
1317 0
0 1318
1319 0
0 1320
1321 0
0 1322
1323 0
0 1324
1325 0
0 1326
1327 0
0 1328
1329 0
0 1330
1331 0
0 1332
1333 0
0 1334
1335 0
0 1336
1337 0
0 1338
1339 0
0 1340
1341 0
0 1342
1343 0
0 1344
1345 0
0 1346
1347 0
0 1348
1349 0
0 1350
1351 0
0 1352
1353 0
0 1354
1355 0
0 1356
1357 0
0 1358
1359 0
0 1360
1361 0
0 1362
1363 0
0 1364
1365 0
0 1366
1367 0
0 1368
1369 0
0 1370
1371 0
0 1372
1373 0
0 1374
1375 0
0 1376
1377 0
0 1378
1379 0
0 1380
1381 0
0 1382
1383 0
0 1384
1385 0
0 1386
1387 0
0 1388
1389 0
0 1390
1391 0
0 1392
1393 0
0 1394
1395 0
0 1396
1397 0
0 1398
1399 0
0 1400
1401 0
0 1402
1403 0
0 1404
1405 0
0 1406
1407 0
0 1408
1409 0
0 1410
1411 0
0 1412
1413 0
0 1414
1415 0
0 1416
1417 0
0 1418
1419 0
0 1420
1421 0
0 1422
1423 0
0 1424
1425 0
0 1426
1427 0
0 1428
1429 0
0 1430
1431 0
0 1432
1433 0
0 1434
1435 0
0 1436
1437 0
0 1438
1439 0
0 1440
1441 0
0 1442
1443 0
0 1444
1445 0
0 1446
1447 0
0 1448
1449 0
0 1450
1451 0
0 1452
1453 0
0 1454
1455 0
0 1456
1457 0
0 1458
1459 0
0 1460
1461 0
0 1462
1463 0
0 1464
1465 0
0 1466
1467 0
0 1468
1469 0
0 1470
1471 0
0 1472
1473 0
0 1474
1475 0
0 1476
1477 0
0 1478
1479 0
0 1480
1481 0
0 1482
1483 0
0 1484
1485 0
0 1486
1487 0
0 1488
1489 0
0 1490
1491 0
0 1492
1493 0
0 1494
1495 0
0 1496
1497 0
0 1498
1499 0
0 1500
1501 0
0 1502
1503 0
0 1504
1505 0
0 1506
1507 0
0 1508
1509 0
0 1510
1511 0
0 1512
1513 0
0 1514
1515 0
0 1516
1517 0
0 1518
1519 0
0 1520
1521 0
0 1522
1523 0
0 1524
1525 0
0 1526
1527 0
0 1528
1529 0
0 1530
1531 0
0 1532
1533 0
0 1534
1535 0
0 1536
1537 0
0 1538
1539 0
0 1540
1541 0
0 1542
1543 0
0 1544
1545 0
0 1546
1547 0
0 1548
1549 0
0 1550
1551 0
0 1552
1553 0
0 1554
1555 0
0 1556
1557 0
0 1558
1559 0
0 1560
1561 0
0 1562
1563 0
0 1564
1565 0
0 1566
1567 0
0 1568
1569 0
0 1570
1571 0
0 1572
1573 0
0 1574
1575 0
0 1576
1577 0
0 1578
1579 0
0 1580
1581 0
0 1582
1583 0
0 1584
1585 0
0 1586
1587 0
0 1588
1589 0
0 1590
1591 0
0 1592
1593 0
0 1594
1595 0
0 1596
1597 0
0 1598
1599 0
0 1600
1601 0
0 1602
1603 0
0 1604
1605 0
0 1606
1607 0
0 1608
1609 0
0 1610
1611 0
0 1612
1613 0
0 1614
1615 0
0 1616
1617 0
0 1618
1619 0
0 1620
1621 0
0 1622
1623 0
0 1624
1625 0
0 1626
1627 0
0 1628
1629 0
0 1630
1631 0
0 1632
1633 0
0 1634
1635 0
0 1636
1637 0
0 1638
1639 0
0 1640
1641 0
0 1642
1643 0
0 1644
1645 0
0 1646
1647 0
0 1648
1649 0
0 1650
1651 0
0 1652
1653 0
0 1654
1655 0
0 1656
1657 0
0 1658
1659 0
0 1660
1661 0
0 1662
1663 0
0 1664
1665 0
0 1666
1667 0
0 1668
1669 0
0 1670
1671 0
0 1672
1673 0
0 1674
1675 0
0 1676
1677 0
0 1678
1679 0
0 1680
1681 0
0 1682
1683 0
0 1684
1685 0
0 1686
1687 0
0 1688
1689 0
0 1690
1691 0
0 1692
1693 0
0 1694
1695 0
0 1696
1697 0
0 1698
1699 0
0 1700
1701 0
0 1702
1703 0
0 1704
1705 0
0 1706
1707 0
0 1708
1709 0
0 1710
1711 0
0 1712
1713 0
0 1714
1715 0
0 1716
1717 0
0 1718
1719 0
0 1720
1721 0
0 1722
1723 0
0 1724
1725 0
0 1726
1727 0
0 1728
1729 0
0 1730
1731 0
0 1732
1733 0
0 1734
1735 0
0 1736
1737 0
0 1738
1739 0
0 1740
1741 0
0 1742
1743 0
0 1744
1745 0
0 1746
1747 0
0 1748
1749 0
0 1750
1751 0
0 1752
1753 0
0 1754
1755 0
0 1756
1757 0
0 1758
1759 0
0 1760
1761 0
0 1762
1763 0
0 1764
1765 0
0 1766
1767 0
0 1768
1769 0
0 1770
1771 0
0 1772
1773 0
0 1774
1775 0
0 1776
1777 0
0 1778
1779 0
0 1780
1781 0
0 1782
1783 0
0 1784
1785 0
0 1786
1787 0
0 1788
1789 0
0 1790
1791 0
0 1792
1793 0
0 1794
1795 0
0 1796
1797 0
0 1798
1799 0
0 1800
1801 0
0 1802
1803 0
0 1804
1805 0
0 1806
1807 0
0 1808
1809 0
0 1810
1811 0
0 1812
1813 0
0 1814
1815 0
0 1816
1817 0
0 1818
1819 0
0 1820
1821 0
0 1822
1823 0
0 1824
1825 0
0 1826
1827 0
0 1828
1829 0
0 1830
1831 0
0 1832
1833 0
0 1834
1835 0
0 1836
1837 0
0 1838
1839 0
0 1840
1841 0
0 1842
1843 0
0 1844
1845 0
0 1846
1847 0
0 1848
1849 0
0 1850
1851 0
0 1852
1853 0
0 1854
1855 0
0 1856
1857 0
0 1858
1859 0
0 1860
1861 0
0 1862
1863 0
0 1864
1865 0
0 1866
1867 0
0 1868
1869 0
0 1870
1871 0
0 1872
1873 0
0 1874
1875 0
0 1876
1877 0
0 1878
1879 0
0 1880
1881 0
0 1882
1883 0
0 1884
1885 0
0 1886
1887 0
0 1888
1889 0
0 1890
1891 0
0 1892
1893 0
0 1894
1895 0
0 1896
1897 0
0 1898
1899 0
0 1900
1901 0
0 1902
1903 0
0 1904
1905 0
0 1906
1907 0
0 1908
1909 0
0 1910
1911 0
0 1912
1913 0
0 1914
1915 0
0 1916
1917 0
0 1918
1919 0
0 1920
1921 0
0 1922
1923 0
0 1924
1925 0
0 1926
1927 0
0 1928
1929 0
0 1930
1931 0
0 1932
1933 0
0 1934
1935 0
0 1936
1937 0
0 1938
1939 0
0 1940
1941 0
0 1942
1943 0
0 1944
1945 0
0 1946
1947 0
0 1948
1949 0
0 1950
1951 0
0 1952
1953 0
0 1954
1955 0
0 1956
1957 0
0 1958
1959 0
0 1960
1961 0
0 1962
1963 0
0 1964
1965 0
0 1966
1967 0
0 1968
1969 0
0 1970
1971 0
0 1972
1973 0
0 1974
1975 0
0 1976
1977 0
0 1978
1979 0
0 1980
1981 0
0 1982
1983 0
0 1984
1985 0
0 1986
1987 0
0 1988
1989 0
0 1990
1991 0
0 1992
1993 0
0 1994
1995 0
0 1996
1997 0
0 1998
1999 0
0 2000
1 0
0 2
3 0
0 4
5 0
0 6
7 0
0 8
9 0
0 10
11 0
0 12
13 0
0 14
15 0
0 16
17 0
0 18
19 0
0 20
21 0
0 22
23 0
0 24
25 0
0 26
27 0
0 28
29 0
0 30
31 0
0 32
33 0
0 34
35 0
0 36
37 0
0 38
39 0
0 40
41 0
0 42
43 0
0 44
45 0
0 46
47 0
0 48
49 0
0 50
51 0
0 52
53 0
0 54
55 0
0 56
57 0
0 58
59 0
0 60
61 0
0 62
63 0
0 64
65 0
0 66
67 0
0 68
69 0
0 70
71 0
0 72
73 0
0 74
75 0
0 76
77 0
0 78
79 0
0 80
81 0
0 82
83 0
0 84
85 0
0 86
87 0
0 88
89 0
0 90
91 0
0 92
93 0
0 94
95 0
0 96
97 0
0 98
99 0
0 100
101 0
0 102
103 0
0 104
105 0
0 106
107 0
0 108
109 0
0 110
111 0
0 112
113 0
0 114
115 0
0 116
117 0
0 118
119 0
0 120
121 0
0 122
123 0
0 124
125 0
0 126
127 0
0 128
129 0
0 130
131 0
0 132
133 0
0 134
135 0
0 136
137 0
0 138
139 0
0 140
141 0
0 142
143 0
0 144
145 0
0 146
147 0
0 148
149 0
0 150
151 0
0 152
153 0
0 154
155 0
0 156
157 0
0 158
159 0
0 160
161 0
0 162
163 0
0 164
165 0
0 166
167 0
0 168
169 0
0 170
171 0
0 172
173 0
0 174
175 0
0 176
177 0
0 178
179 0
0 180
181 0
0 182
183 0
0 184
185 0
0 186
187 0
0 188
189 0
0 190
191 0
0 192
193 0
0 194
195 0
0 196
197 0
0 198
199 0
0 200
201 0
0 202
203 0
0 204
205 0
0 206
207 0
0 208
209 0
0 210
211 0
0 212
213 0
0 214
215 0
0 216
217 0
0 218
219 0
0 220
221 0
0 222
223 0
0 224
225 0
0 226
227 0
0 228
229 0
0 230
231 0
0 232
233 0
0 234
235 0
0 236
237 0
0 238
239 0
0 240
241 0
0 242
243 0
0 244
245 0
0 246
247 0
0 248
249 0
0 250
251 0
0 252
253 0
0 254
255 0
0 256
257 0
0 258
259 0
0 260
261 0
0 262
263 0
0 264
265 0
0 266
267 0
0 268
269 0
0 270
271 0
0 272
273 0
0 274
275 0
0 276
277 0
0 278
279 0
0 280
281 0
0 282
283 0
0 284
285 0
0 286
287 0
0 288
289 0
0 290
291 0
0 292
293 0
0 294
295 0
0 296
297 0
0 298
299 0
0 300
301 0
0 302
303 0
0 304
305 0
0 306
307 0
0 308
309 0
0 310
311 0
0 312
313 0
0 314
315 0
0 316
317 0
0 318
319 0
0 320
321 0
0 322
323 0
0 324
325 0
0 326
327 0
0 328
329 0
0 330
331 0
0 332
333 0
0 334
335 0
0 336
337 0
0 338
339 0
0 340
341 0
0 342
343 0
0 344
345 0
0 346
347 0
0 348
349 0
0 350
351 0
0 352
353 0
0 354
355 0
0 356
357 0
0 358
359 0
0 360
361 0
0 362
363 0
0 364
365 0
0 366
367 0
0 368
369 0
0 370
371 0
0 372
373 0
0 374
375 0
0 376
377 0
0 378
379 0
0 380
381 0
0 382
383 0
0 384
385 0
0 386
387 0
0 388
389 0
0 390
391 0
0 392
393 0
0 394
395 0
0 396
397 0
0 398
399 0
0 400
401 0
0 402
403 0
0 404
405 0
0 406
407 0
0 408
409 0
0 410
411 0
0 412
413 0
0 414
415 0
0 416
417 0
0 418
419 0
0 420
421 0
0 422
423 0
0 424
425 0
0 426
427 0
0 428
429 0
0 430
431 0
0 432
433 0
0 434
435 0
0 436
437 0
0 438
439 0
0 440
441 0
0 442
443 0
0 444
445 0
0 446
447 0
0 448
449 0
0 450
451 0
0 452
453 0
0 454
455 0
0 456
457 0
0 458
459 0
0 460
461 0
0 462
463 0
0 464
465 0
0 466
467 0
0 468
469 0
0 470
471 0
0 472
473 0
0 474
475 0
0 476
477 0
0 478
479 0
0 480
481 0
0 482
483 0
0 484
485 0
0 486
487 0
0 488
489 0
0 490
491 0
0 492
493 0
0 494
495 0
0 496
497 0
0 498
499 0
0 500
501 0
0 502
503 0
0 504
505 0
0 506
507 0
0 508
509 0
0 510
511 0
0 512
513 0
0 514
515 0
0 516
517 0
0 518
519 0
0 520
521 0
0 522
523 0
0 524
525 0
0 526
527 0
0 528
529 0
0 530
531 0
0 532
533 0
0 534
535 0
0 536
537 0
0 538
539 0
0 540
541 0
0 542
543 0
0 544
545 0
0 546
547 0
0 548
549 0
0 550
551 0
0 552
553 0
0 554
555 0
0 556
557 0
0 558
559 0
0 560
561 0
0 562
563 0
0 564
565 0
0 566
567 0
0 568
569 0
0 570
571 0
0 572
573 0
0 574
575 0
0 576
577 0
0 578
579 0
0 580
581 0
0 582
583 0
0 584
585 0
0 586
587 0
0 588
589 0
0 590
591 0
0 592
593 0
0 594
595 0
0 596
597 0
0 598
599 0
0 600
601 0
0 602
603 0
0 604
605 0
0 606
607 0
0 608
609 0
0 610
611 0
0 612
613 0
0 614
615 0
0 616
617 0
0 618
619 0
0 620
621 0
0 622
623 0
0 624
625 0
0 626
627 0
0 628
629 0
0 630
631 0
0 632
633 0
0 634
635 0
0 636
637 0
0 638
639 0
0 640
641 0
0 642
643 0
0 644
645 0
0 646
647 0
0 648
649 0
0 650
651 0
0 652
653 0
0 654
655 0
0 656
657 0
0 658
659 0
0 660
661 0
0 662
663 0
0 664
665 0
0 666
667 0
0 668
669 0
0 670
671 0
0 672
673 0
0 674
675 0
0 676
677 0
0 678
679 0
0 680
681 0
0 682
683 0
0 684
685 0
0 686
687 0
0 688
689 0
0 690
691 0
0 692
693 0
0 694
695 0
0 696
697 0
0 698
699 0
0 700
701 0
0 702
703 0
0 704
705 0
0 706
707 0
0 708
709 0
0 710
711 0
0 712
713 0
0 714
715 0
0 716
717 0
0 718
719 0
0 720
721 0
0 722
723 0
0 724
725 0
0 726
727 0
0 728
729 0
0 730
731 0
0 732
733 0
0 734
735 0
0 736
737 0
0 738
739 0
0 740
741 0
0 742
743 0
0 744
745 0
0 746
747 0
0 748
749 0
0 750
751 0
0 752
753 0
0 754
755 0
0 756
757 0
0 758
759 0
0 760
761 0
0 762
763 0
0 764
765 0
0 766
767 0
0 768
769 0
0 770
771 0
0 772
773 0
0 774
775 0
0 776
777 0
0 778
779 0
0 780
781 0
0 782
783 0
0 784
785 0
0 786
787 0
0 788
789 0
0 790
791 0
0 792
793 0
0 794
795 0
0 796
797 0
0 798
799 0
0 800
801 0
0 802
803 0
0 804
805 0
0 806
807 0
0 808
809 0
0 810
811 0
0 812
813 0
0 814
815 0
0 816
817 0
0 818
819 0
0 820
821 0
0 822
823 0
0 824
825 0
0 826
827 0
0 828
829 0
0 830
831 0
0 832
833 0
0 834
835 0
0 836
837 0
0 838
839 0
0 840
841 0
0 842
843 0
0 844
845 0
0 846
847 0
0 848
849 0
0 850
851 0
0 852
853 0
0 854
855 0
0 856
857 0
0 858
859 0
0 860
861 0
0 862
863 0
0 864
865 0
0 866
867 0
0 868
869 0
0 870
871 0
0 872
873 0
0 874
875 0
0 876
877 0
0 878
879 0
0 880
881 0
0 882
883 0
0 884
885 0
0 886
887 0
0 888
889 0
0 890
891 0
0 892
893 0
0 894
895 0
0 896
897 0
0 898
899 0
0 900
901 0
0 902
903 0
0 904
905 0
0 906
907 0
0 908
909 0
0 910
911 0
0 912
913 0
0 914
915 0
0 916
917 0
0 918
919 0
0 920
921 0
0 922
923 0
0 924
925 0
0 926
927 0
0 928
929 0
0 930
931 0
0 932
933 0
0 934
935 0
0 936
937 0
0 938
939 0
0 940
941 0
0 942
943 0
0 944
945 0
0 946
947 0
0 948
949 0
0 950
951 0
0 952
953 0
0 954
955 0
0 956
957 0
0 958
959 0
0 960
961 0
0 962
963 0
0 964
965 0
0 966
967 0
0 968
969 0
0 970
971 0
0 972
973 0
0 974
975 0
0 976
977 0
0 978
979 0
0 980
981 0
0 982
983 0
0 984
985 0
0 986
987 0
0 988
989 0
0 990
991 0
0 992
993 0
0 994
995 0
0 996
997 0
0 998
999 0
0 1000
1001 0
0 1002
1003 0
0 1004
1005 0
0 1006
1007 0
0 1008
1009 0
0 1010
1011 0
0 1012
1013 0
0 1014
1015 0
0 1016
1017 0
0 1018
1019 0
0 1020
1021 0
0 1022
1023 0
0 1024
1025 0
0 1026
1027 0
0 1028
1029 0
0 1030
1031 0
0 1032
1033 0
0 1034
1035 0
0 1036
1037 0
0 1038
1039 0
0 1040
1041 0
0 1042
1043 0
0 1044
1045 0
0 1046
1047 0
0 1048
1049 0
0 1050
1051 0
0 1052
1053 0
0 1054
1055 0
0 1056
1057 0
0 1058
1059 0
0 1060
1061 0
0 1062
1063 0
0 1064
1065 0
0 1066
1067 0
0 1068
1069 0
0 1070
1071 0
0 1072
1073 0
0 1074
1075 0
0 1076
1077 0
0 1078
1079 0
0 1080
1081 0
0 1082
1083 0
0 1084
1085 0
0 1086
1087 0
0 1088
1089 0
0 1090
1091 0
0 1092
1093 0
0 1094
1095 0
0 1096
1097 0
0 1098
1099 0
0 1100
1101 0
0 1102
1103 0
0 1104
1105 0
0 1106
1107 0
0 1108
1109 0
0 1110
1111 0
0 1112
1113 0
0 1114
1115 0
0 1116
1117 0
0 1118
1119 0
0 1120
1121 0
0 1122
1123 0
0 1124
1125 0
0 1126
1127 0
0 1128
1129 0
0 1130
1131 0
0 1132
1133 0
0 1134
1135 0
0 1136
1137 0
0 1138
1139 0
0 1140
1141 0
0 1142
1143 0
0 1144
1145 0
0 1146
1147 0
0 1148
1149 0
0 1150
1151 0
0 1152
1153 0
0 1154
1155 0
0 1156
1157 0
0 1158
1159 0
0 1160
1161 0
0 1162
1163 0
0 1164
1165 0
0 1166
1167 0
0 1168
1169 0
0 1170
1171 0
0 1172
1173 0
0 1174
1175 0
0 1176
1177 0
0 1178
1179 0
0 1180
1181 0
0 1182
1183 0
0 1184
1185 0
0 1186
1187 0
0 1188
1189 0
0 1190
1191 0
0 1192
1193 0
0 1194
1195 0
0 1196
1197 0
0 1198
1199 0
0 1200
1201 0
0 1202
1203 0
0 1204
1205 0
0 1206
1207 0
0 1208
1209 0
0 1210
1211 0
0 1212
1213 0
0 1214
1215 0
0 1216
1217 0
0 1218
1219 0
0 1220
1221 0
0 1222
1223 0
0 1224
1225 0
0 1226
1227 0
0 1228
1229 0
0 1230
1231 0
0 1232
1233 0
0 1234
1235 0
0 1236
1237 0
0 1238
1239 0
0 1240
1241 0
0 1242
1243 0
0 1244
1245 0
0 1246
1247 0
0 1248
1249 0
0 1250
1251 0
0 1252
1253 0
0 1254
1255 0
0 1256
1257 0
0 1258
1259 0
0 1260
1261 0
0 1262
1263 0
0 1264
1265 0
0 1266
1267 0
0 1268
1269 0
0 1270
1271 0
0 1272
1273 0
0 1274
1275 0
0 1276
1277 0
0 1278
1279 0
0 1280
1281 0
0 1282
1283 0
0 1284
1285 0
0 1286
1287 0
0 1288
1289 0
0 1290
1291 0
0 1292
1293 0
0 1294
1295 0
0 1296
1297 0
0 1298
1299 0
0 1300
1301 0
0 1302
1303 0
0 1304
1305 0
0 1306
1307 0
0 1308
1309 0
0 1310
1311 0
0 1312
1313 0
0 1314
1315 0
0 1316
1317 0
0 1318
1319 0
0 1320
1321 0
0 1322
1323 0
0 1324
1325 0
0 1326
1327 0
0 1328
1329 0
0 1330
1331 0
0 1332
1333 0
0 1334
1335 0
0 1336
1337 0
0 1338
1339 0
0 1340
1341 0
0 1342
1343 0
0 1344
1345 0
0 1346
1347 0
0 1348
1349 0
0 1350
1351 0
0 1352
1353 0
0 1354
1355 0
0 1356
1357 0
0 1358
1359 0
0 1360
1361 0
0 1362
1363 0
0 1364
1365 0
0 1366
1367 0
0 1368
1369 0
0 1370
1371 0
0 1372
1373 0
0 1374
1375 0
0 1376
1377 0
0 1378
1379 0
0 1380
1381 0
0 1382
1383 0
0 1384
1385 0
0 1386
1387 0
0 1388
1389 0
0 1390
1391 0
0 1392
1393 0
0 1394
1395 0
0 1396
1397 0
0 1398
1399 0
0 1400
1401 0
0 1402
1403 0
0 1404
1405 0
0 1406
1407 0
0 1408
1409 0
0 1410
1411 0
0 1412
1413 0
0 1414
1415 0
0 1416
1417 0
0 1418
1419 0
0 1420
1421 0
0 1422
1423 0
0 1424
1425 0
0 1426
1427 0
0 1428
1429 0
0 1430
1431 0
0 1432
1433 0
0 1434
1435 0
0 1436
1437 0
0 1438
1439 0
0 1440
1441 0
0 1442
1443 0
0 1444
1445 0
0 1446
1447 0
0 1448
1449 0
0 1450
1451 0
0 1452
1453 0
0 1454
1455 0
0 1456
1457 0
0 1458
1459 0
0 1460
1461 0
0 1462
1463 0
0 1464
1465 0
0 1466
1467 0
0 1468
1469 0
0 1470
1471 0
0 1472
1473 0
0 1474
1475 0
0 1476
1477 0
0 1478
1479 0
0 1480
1481 0
0 1482
1483 0
0 1484
1485 0
0 1486
1487 0
0 1488
1489 0
0 1490
1491 0
0 1492
1493 0
0 1494
1495 0
0 1496
1497 0
0 1498
1499 0
0 1500
1501 0
0 1502
1503 0
0 1504
1505 0
0 1506
1507 0
0 1508
1509 0
0 1510
1511 0
0 1512
1513 0
0 1514
1515 0
0 1516
1517 0
0 1518
1519 0
0 1520
1521 0
0 1522
1523 0
0 1524
1525 0
0 1526
1527 0
0 1528
1529 0
0 1530
1531 0
0 1532
1533 0
0 1534
1535 0
0 1536
1537 0
0 1538
1539 0
0 1540
1541 0
0 1542
1543 0
0 1544
1545 0
0 1546
1547 0
0 1548
1549 0
0 1550
1551 0
0 1552
1553 0
0 1554
1555 0
0 1556
1557 0
0 1558
1559 0
0 1560
1561 0
0 1562
1563 0
0 1564
1565 0
0 1566
1567 0
0 1568
1569 0
0 1570
1571 0
0 1572
1573 0
0 1574
1575 0
0 1576
1577 0
0 1578
1579 0
0 1580
1581 0
0 1582
1583 0
0 1584
1585 0
0 1586
1587 0
0 1588
1589 0
0 1590
1591 0
0 1592
1593 0
0 1594
1595 0
0 1596
1597 0
0 1598
1599 0
0 1600
1601 0
0 1602
1603 0
0 1604
1605 0
0 1606
1607 0
0 1608
1609 0
0 1610
1611 0
0 1612
1613 0
0 1614
1615 0
0 1616
1617 0
0 1618
1619 0
0 1620
1621 0
0 1622
1623 0
0 1624
1625 0
0 1626
1627 0
0 1628
1629 0
0 1630
1631 0
0 1632
1633 0
0 1634
1635 0
0 1636
1637 0
0 1638
1639 0
0 1640
1641 0
0 1642
1643 0
0 1644
1645 0
0 1646
1647 0
0 1648
1649 0
0 1650
1651 0
0 1652
1653 0
0 1654
1655 0
0 1656
1657 0
0 1658
1659 0
0 1660
1661 0
0 1662
1663 0
0 1664
1665 0
0 1666
1667 0
0 1668
1669 0
0 1670
1671 0
0 1672
1673 0
0 1674
1675 0
0 1676
1677 0
0 1678
1679 0
0 1680
1681 0
0 1682
1683 0
0 1684
1685 0
0 1686
1687 0
0 1688
1689 0
0 1690
1691 0
0 1692
1693 0
0 1694
1695 0
0 1696
1697 0
0 1698
1699 0
0 1700
1701 0
0 1702
1703 0
0 1704
1705 0
0 1706
1707 0
0 1708
1709 0
0 1710
1711 0
0 1712
1713 0
0 1714
1715 0
0 1716
1717 0
0 1718
1719 0
0 1720
1721 0
0 1722
1723 0
0 1724
1725 0
0 1726
1727 0
0 1728
1729 0
0 1730
1731 0
0 1732
1733 0
0 1734
1735 0
0 1736
1737 0
0 1738
1739 0
0 1740
1741 0
0 1742
1743 0
0 1744
1745 0
0 1746
1747 0
0 1748
1749 0
0 1750
1751 0
0 1752
1753 0
0 1754
1755 0
0 1756
1757 0
0 1758
1759 0
0 1760
1761 0
0 1762
1763 0
0 1764
1765 0
0 1766
1767 0
0 1768
1769 0
0 1770
1771 0
0 1772
1773 0
0 1774
1775 0
0 1776
1777 0
0 1778
1779 0
0 1780
1781 0
0 1782
1783 0
0 1784
1785 0
0 1786
1787 0
0 1788
1789 0
0 1790
1791 0
0 1792
1793 0
0 1794
1795 0
0 1796
1797 0
0 1798
1799 0
0 1800
1801 0
0 1802
1803 0
0 1804
1805 0
0 1806
1807 0
0 1808
1809 0
0 1810
1811 0
0 1812
1813 0
0 1814
1815 0
0 1816
1817 0
0 1818
1819 0
0 1820
1821 0
0 1822
1823 0
0 1824
1825 0
0 1826
1827 0
0 1828
1829 0
0 1830
1831 0
0 1832
1833 0
0 1834
1835 0
0 1836
1837 0
0 1838
1839 0
0 1840
1841 0
0 1842
1843 0
0 1844
1845 0
0 1846
1847 0
0 1848
1849 0
0 1850
1851 0
0 1852
1853 0
0 1854
1855 0
0 1856
1857 0
0 1858
1859 0
0 1860
1861 0
0 1862
1863 0
0 1864
1865 0
0 1866
1867 0
0 1868
1869 0
0 1870
1871 0
0 1872
1873 0
0 1874
1875 0
0 1876
1877 0
0 1878
1879 0
0 1880
1881 0
0 1882
1883 0
0 1884
1885 0
0 1886
1887 0
0 1888
1889 0
0 1890
1891 0
0 1892
1893 0
0 1894
1895 0
0 1896
1897 0
0 1898
1899 0
0 1900
1901 0
0 1902
1903 0
0 1904
1905 0
0 1906
1907 0
0 1908
1909 0
0 1910
1911 0
0 1912
1913 0
0 1914
1915 0
0 1916
1917 0
0 1918
1919 0
0 1920
1921 0
0 1922
1923 0
0 1924
1925 0
0 1926
1927 0
0 1928
1929 0
0 1930
1931 0
0 1932
1933 0
0 1934
1935 0
0 1936
1937 0
0 1938
1939 0
0 1940
1941 0
0 1942
1943 0
0 1944
1945 0
0 1946
1947 0
0 1948
1949 0
0 1950
1951 0
0 1952
1953 0
0 1954
1955 0
0 1956
1957 0
0 1958
1959 0
0 1960
1961 0
0 1962
1963 0
0 1964
1965 0
0 1966
1967 0
0 1968
1969 0
0 1970
1971 0
0 1972
1973 0
0 1974
1975 0
0 1976
1977 0
0 1978
1979 0
0 1980
1981 0
0 1982
1983 0
0 1984
1985 0
0 1986
1987 0
0 1988
1989 0
0 1990
1991 0
0 1992
1993 0
0 1994
1995 0
0 1996
1997 0
0 1998
1999 0
0 2000
1 0
0 2
3 0
0 4
5 0
0 6
7 0
0 8
9 0
0 10
11 0
0 12
13 0
0 14
15 0
0 16
17 0
0 18
19 0
0 20
21 0
0 22
23 0
0 24
25 0
0 26
27 0
0 28
29 0
0 30
31 0
0 32
33 0
0 34
35 0
0 36
37 0
0 38
39 0
0 40
41 0
0 42
43 0
0 44
45 0
0 46
47 0
0 48
49 0
0 50
51 0
0 52
53 0
0 54
55 0
0 56
57 0
0 58
59 0
0 60
61 0
0 62
63 0
0 64
65 0
0 66
67 0
0 68
69 0
0 70
71 0
0 72
73 0
0 74
75 0
0 76
77 0
0 78
79 0
0 80
81 0
0 82
83 0
0 84
85 0
0 86
87 0
0 88
89 0
0 90
91 0
0 92
93 0
0 94
95 0
0 96
97 0
0 98
99 0
0 100
101 0
0 102
103 0
0 104
105 0
0 106
107 0
0 108
109 0
0 110
111 0
0 112
113 0
0 114
115 0
0 116
117 0
0 118
119 0
0 120
121 0
0 122
123 0
0 124
125 0
0 126
127 0
0 128
129 0
0 130
131 0
0 132
133 0
0 134
135 0
0 136
137 0
0 138
139 0
0 140
141 0
0 142
143 0
0 144
145 0
0 146
147 0
0 148
149 0
0 150
151 0
0 152
153 0
0 154
155 0
0 156
157 0
0 158
159 0
0 160
161 0
0 162
163 0
0 164
165 0
0 166
167 0
0 168
169 0
0 170
171 0
0 172
173 0
0 174
175 0
0 176
177 0
0 178
179 0
0 180
181 0
0 182
183 0
0 184
185 0
0 186
187 0
0 188
189 0
0 190
191 0
0 192
193 0
0 194
195 0
0 196
197 0
0 198
199 0
0 200
201 0
0 202
203 0
0 204
205 0
0 206
207 0
0 208
209 0
0 210
211 0
0 212
213 0
0 214
215 0
0 216
217 0
0 218
219 0
0 220
221 0
0 222
223 0
0 224
225 0
0 226
227 0
0 228
229 0
0 230
231 0
0 232
233 0
0 234
235 0
0 236
237 0
0 238
239 0
0 240
241 0
0 242
243 0
0 244
245 0
0 246
247 0
0 248
249 0
0 250
251 0
0 252
253 0
0 254
255 0
0 256
257 0
0 258
259 0
0 260
261 0
0 262
263 0
0 264
265 0
0 266
267 0
0 268
269 0
0 270
271 0
0 272
273 0
0 274
275 0
0 276
277 0
0 278
279 0
0 280
281 0
0 282
283 0
0 284
285 0
0 286
287 0
0 288
289 0
0 290
291 0
0 292
293 0
0 294
295 0
0 296
297 0
0 298
299 0
0 300
301 0
0 302
303 0
0 304
305 0
0 306
307 0
0 308
309 0
0 310
311 0
0 312
313 0
0 314
315 0
0 316
317 0
0 318
319 0
0 320
321 0
0 322
323 0
0 324
325 0
0 326
327 0
0 328
329 0
0 330
331 0
0 332
333 0
0 334
335 0
0 336
337 0
0 338
339 0
0 340
341 0
0 342
343 0
0 344
345 0
0 346
347 0
0 348
349 0
0 350
351 0
0 352
353 0
0 354
355 0
0 356
357 0
0 358
359 0
0 360
361 0
0 362
363 0
0 364
365 0
0 366
367 0
0 368
369 0
0 370
371 0
0 372
373 0
0 374
375 0
0 376
377 0
0 378
379 0
0 380
381 0
0 382
383 0
0 384
385 0
0 386
387 0
0 388
389 0
0 390
391 0
0 392
393 0
0 394
395 0
0 396
397 0
0 398
399 0
0 400
401 0
0 402
403 0
0 404
405 0
0 406
407 0
0 408
409 0
0 410
411 0
0 412
413 0
0 414
415 0
0 416
417 0
0 418
419 0
0 420
421 0
0 422
423 0
0 424
425 0
0 426
427 0
0 428
429 0
0 430
431 0
0 432
433 0
0 434
435 0
0 436
437 0
0 438
439 0
0 440
441 0
0 442
443 0
0 444
445 0
0 446
447 0
0 448
449 0
0 450
451 0
0 452
453 0
0 454
455 0
0 456
457 0
0 458
459 0
0 460
461 0
0 462
463 0
0 464
465 0
0 466
467 0
0 468
469 0
0 470
471 0
0 472
473 0
0 474
475 0
0 476
477 0
0 478
479 0
0 480
481 0
0 482
483 0
0 484
485 0
0 486
487 0
0 488
489 0
0 490
491 0
0 492
493 0
0 494
495 0
0 496
497 0
0 498
499 0
0 500
501 0
0 502
503 0
0 504
505 0
0 506
507 0
0 508
509 0
0 510
511 0
0 512
513 0
0 514
515 0
0 516
517 0
0 518
519 0
0 520
521 0
0 522
523 0
0 524
525 0
0 526
527 0
0 528
529 0
0 530
531 0
0 532
533 0
0 534
535 0
0 536
537 0
0 538
539 0
0 540
541 0
0 542
543 0
0 544
545 0
0 546
547 0
0 548
549 0
0 550
551 0
0 552
553 0
0 554
555 0
0 556
557 0
0 558
559 0
0 560
561 0
0 562
563 0
0 564
565 0
0 566
567 0
0 568
569 0
0 570
571 0
0 572
573 0
0 574
575 0
0 576
577 0
0 578
579 0
0 580
581 0
0 582
583 0
0 584
585 0
0 586
587 0
0 588
589 0
0 590
591 0
0 592
593 0
0 594
595 0
0 596
597 0
0 598
599 0
0 600
601 0
0 602
603 0
0 604
605 0
0 606
607 0
0 608
609 0
0 610
611 0
0 612
613 0
0 614
615 0
0 616
617 0
0 618
619 0
0 620
621 0
0 622
623 0
0 624
625 0
0 626
627 0
0 628
629 0
0 630
631 0
0 632
633 0
0 634
635 0
0 636
637 0
0 638
639 0
0 640
641 0
0 642
643 0
0 644
645 0
0 646
647 0
0 648
649 0
0 650
651 0
0 652
653 0
0 654
655 0
0 656
657 0
0 658
659 0
0 660
661 0
0 662
663 0
0 664
665 0
0 666
667 0
0 668
669 0
0 670
671 0
0 672
673 0
0 674
675 0
0 676
677 0
0 678
679 0
0 680
681 0
0 682
683 0
0 684
685 0
0 686
687 0
0 688
689 0
0 690
691 0
0 692
693 0
0 694
695 0
0 696
697 0
0 698
699 0
0 700
701 0
0 702
703 0
0 704
705 0
0 706
707 0
0 708
709 0
0 710
711 0
0 712
713 0
0 714
715 0
0 716
717 0
0 718
719 0
0 720
721 0
0 722
723 0
0 724
725 0
0 726
727 0
0 728
729 0
0 730
731 0
0 732
733 0
0 734
735 0
0 736
737 0
0 738
739 0
0 740
741 0
0 742
743 0
0 744
745 0
0 746
747 0
0 748
749 0
0 750
751 0
0 752
753 0
0 754
755 0
0 756
757 0
0 758
759 0
0 760
761 0
0 762
763 0
0 764
765 0
0 766
767 0
0 768
769 0
0 770
771 0
0 772
773 0
0 774
775 0
0 776
777 0
0 778
779 0
0 780
781 0
0 782
783 0
0 784
785 0
0 786
787 0
0 788
789 0
0 790
791 0
0 792
793 0
0 794
795 0
0 796
797 0
0 798
799 0
0 800
801 0
0 802
803 0
0 804
805 0
0 806
807 0
0 808
809 0
0 810
811 0
0 812
813 0
0 814
815 0
0 816
817 0
0 818
819 0
0 820
821 0
0 822
823 0
0 824
825 0
0 826
827 0
0 828
829 0
0 830
831 0
0 832
833 0
0 834
835 0
0 836
837 0
0 838
839 0
0 840
841 0
0 842
843 0
0 844
845 0
0 846
847 0
0 848
849 0
0 850
851 0
0 852
853 0
0 854
855 0
0 856
857 0
0 858
859 0
0 860
861 0
0 862
863 0
0 864
865 0
0 866
867 0
0 868
869 0
0 870
871 0
0 872
873 0
0 874
875 0
0 876
877 0
0 878
879 0
0 880
881 0
0 882
883 0
0 884
885 0
0 886
887 0
0 888
889 0
0 890
891 0
0 892
893 0
0 894
895 0
0 896
897 0
0 898
899 0
0 900
901 0
0 902
903 0
0 904
905 0
0 906
907 0
0 908
909 0
0 910
911 0
0 912
913 0
0 914
915 0
0 916
917 0
0 918
919 0
0 920
921 0
0 922
923 0
0 924
925 0
0 926
927 0
0 928
929 0
0 930
931 0
0 932
933 0
0 934
935 0
0 936
937 0
0 938
939 0
0 940
941 0
0 942
943 0
0 944
945 0
0 946
947 0
0 948
949 0
0 950
951 0
0 952
953 0
0 954
955 0
0 956
957 0
0 958
959 0
0 960
961 0
0 962
963 0
0 964
965 0
0 966
967 0
0 968
969 0
0 970
971 0
0 972
973 0
0 974
975 0
0 976
977 0
0 978
979 0
0 980
981 0
0 982
983 0
0 984
985 0
0 986
987 0
0 988
989 0
0 990
991 0
0 992
993 0
0 994
995 0
0 996
997 0
0 998
999 0
0 1000
1001 0
0 1002
1003 0
0 1004
1005 0
0 1006
1007 0
0 1008
1009 0
0 1010
1011 0
0 1012
1013 0
0 1014
1015 0
0 1016
1017 0
0 1018
1019 0
0 1020
1021 0
0 1022
1023 0
0 1024
1025 0
0 1026
1027 0
0 1028
1029 0
0 1030
1031 0
0 1032
1033 0
0 1034
1035 0
0 1036
1037 0
0 1038
1039 0
0 1040
1041 0
0 1042
1043 0
0 1044
1045 0
0 1046
1047 0
0 1048
1049 0
0 1050
1051 0
0 1052
1053 0
0 1054
1055 0
0 1056
1057 0
0 1058
1059 0
0 1060
1061 0
0 1062
1063 0
0 1064
1065 0
0 1066
1067 0
0 1068
1069 0
0 1070
1071 0
0 1072
1073 0
0 1074
1075 0
0 1076
1077 0
0 1078
1079 0
0 1080
1081 0
0 1082
1083 0
0 1084
1085 0
0 1086
1087 0
0 1088
1089 0
0 1090
1091 0
0 1092
1093 0
0 1094
1095 0
0 1096
1097 0
0 1098
1099 0
0 1100
1101 0
0 1102
1103 0
0 1104
1105 0
0 1106
1107 0
0 1108
1109 0
0 1110
1111 0
0 1112
1113 0
0 1114
1115 0
0 1116
1117 0
0 1118
1119 0
0 1120
1121 0
0 1122
1123 0
0 1124
1125 0
0 1126
1127 0
0 1128
1129 0
0 1130
1131 0
0 1132
1133 0
0 1134
1135 0
0 1136
1137 0
0 1138
1139 0
0 1140
1141 0
0 1142
1143 0
0 1144
1145 0
0 1146
1147 0
0 1148
1149 0
0 1150
1151 0
0 1152
1153 0
0 1154
1155 0
0 1156
1157 0
0 1158
1159 0
0 1160
1161 0
0 1162
1163 0
0 1164
1165 0
0 1166
1167 0
0 1168
1169 0
0 1170
1171 0
0 1172
1173 0
0 1174
1175 0
0 1176
1177 0
0 1178
1179 0
0 1180
1181 0
0 1182
1183 0
0 1184
1185 0
0 1186
1187 0
0 1188
1189 0
0 1190
1191 0
0 1192
1193 0
0 1194
1195 0
0 1196
1197 0
0 1198
1199 0
0 1200
1201 0
0 1202
1203 0
0 1204
1205 0
0 1206
1207 0
0 1208
1209 0
0 1210
1211 0
0 1212
1213 0
0 1214
1215 0
0 1216
1217 0
0 1218
1219 0
0 1220
1221 0
0 1222
1223 0
0 1224
1225 0
0 1226
1227 0
0 1228
1229 0
0 1230
1231 0
0 1232
1233 0
0 1234
1235 0
0 1236
1237 0
0 1238
1239 0
0 1240
1241 0
0 1242
1243 0
0 1244
1245 0
0 1246
1247 0
0 1248
1249 0
0 1250
1251 0
0 1252
1253 0
0 1254
1255 0
0 1256
1257 0
0 1258
1259 0
0 1260
1261 0
0 1262
1263 0
0 1264
1265 0
0 1266
1267 0
0 1268
1269 0
0 1270
1271 0
0 1272
1273 0
0 1274
1275 0
0 1276
1277 0
0 1278
1279 0
0 1280
1281 0
0 1282
1283 0
0 1284
1285 0
0 1286
1287 0
0 1288
1289 0
0 1290
1291 0
0 1292
1293 0
0 1294
1295 0
0 1296
1297 0
0 1298
1299 0
0 1300
1301 0
0 1302
1303 0
0 1304
1305 0
0 1306
1307 0
0 1308
1309 0
0 1310
1311 0
0 1312
1313 0
0 1314
1315 0
0 1316
1317 0
0 1318
1319 0
0 1320
1321 0
0 1322
1323 0
0 1324
1325 0
0 1326
1327 0
0 1328
1329 0
0 1330
1331 0
0 1332
1333 0
0 1334
1335 0
0 1336
1337 0
0 1338
1339 0
0 1340
1341 0
0 1342
1343 0
0 1344
1345 0
0 1346
1347 0
0 1348
1349 0
0 1350
1351 0
0 1352
1353 0
0 1354
1355 0
0 1356
1357 0
0 1358
1359 0
0 1360
1361 0
0 1362
1363 0
0 1364
1365 0
0 1366
1367 0
0 1368
1369 0
0 1370
1371 0
0 1372
1373 0
0 1374
1375 0
0 1376
1377 0
0 1378
1379 0
0 1380
1381 0
0 1382
1383 0
0 1384
1385 0
0 1386
1387 0
0 1388
1389 0
0 1390
1391 0
0 1392
1393 0
0 1394
1395 0
0 1396
1397 0
0 1398
1399 0
0 1400
1401 0
0 1402
1403 0
0 1404
1405 0
0 1406
1407 0
0 1408
1409 0
0 1410
1411 0
0 1412
1413 0
0 1414
1415 0
0 1416
1417 0
0 1418
1419 0
0 1420
1421 0
0 1422
1423 0
0 1424
1425 0
0 1426
1427 0
0 1428
1429 0
0 1430
1431 0
0 1432
1433 0
0 1434
1435 0
0 1436
1437 0
0 1438
1439 0
0 1440
1441 0
0 1442
1443 0
0 1444
1445 0
0 1446
1447 0
0 1448
1449 0
0 1450
1451 0
0 1452
1453 0
0 1454
1455 0
0 1456
1457 0
0 1458
1459 0
0 1460
1461 0
0 1462
1463 0
0 1464
1465 0
0 1466
1467 0
0 1468
1469 0
0 1470
1471 0
0 1472
1473 0
0 1474
1475 0
0 1476
1477 0
0 1478
1479 0
0 1480
1481 0
0 1482
1483 0
0 1484
1485 0
0 1486
1487 0
0 1488
1489 0
0 1490
1491 0
0 1492
1493 0
0 1494
1495 0
0 1496
1497 0
0 1498
1499 0
0 1500
1501 0
0 1502
1503 0
0 1504
1505 0
0 1506
1507 0
0 1508
1509 0
0 1510
1511 0
0 1512
1513 0
0 1514
1515 0
0 1516
1517 0
0 1518
1519 0
0 1520
1521 0
0 1522
1523 0
0 1524
1525 0
0 1526
1527 0
0 1528
1529 0
0 1530
1531 0
0 1532
1533 0
0 1534
1535 0
0 1536
1537 0
0 1538
1539 0
0 1540
1541 0
0 1542
1543 0
0 1544
1545 0
0 1546
1547 0
0 1548
1549 0
0 1550
1551 0
0 1552
1553 0
0 1554
1555 0
0 1556
1557 0
0 1558
1559 0
0 1560
1561 0
0 1562
1563 0
0 1564
1565 0
0 1566
1567 0
0 1568
1569 0
0 1570
1571 0
0 1572
1573 0
0 1574
1575 0
0 1576
1577 0
0 1578
1579 0
0 1580
1581 0
0 1582
1583 0
0 1584
1585 0
0 1586
1587 0
0 1588
1589 0
0 1590
1591 0
0 1592
1593 0
0 1594
1595 0
0 1596
1597 0
0 1598
1599 0
0 1600
1601 0
0 1602
1603 0
0 1604
1605 0
0 1606
1607 0
0 1608
1609 0
0 1610
1611 0
0 1612
1613 0
0 1614
1615 0
0 1616
1617 0
0 1618
1619 0
0 1620
1621 0
0 1622
1623 0
0 1624
1625 0
0 1626
1627 0
0 1628
1629 0
0 1630
1631 0
0 1632
1633 0
0 1634
1635 0
0 1636
1637 0
0 1638
1639 0
0 1640
1641 0
0 1642
1643 0
0 1644
1645 0
0 1646
1647 0
0 1648
1649 0
0 1650
1651 0
0 1652
1653 0
0 1654
1655 0
0 1656
1657 0
0 1658
1659 0
0 1660
1661 0
0 1662
1663 0
0 1664
1665 0
0 1666
1667 0
0 1668
1669 0
0 1670
1671 0
0 1672
1673 0
0 1674
1675 0
0 1676
1677 0
0 1678
1679 0
0 1680
1681 0
0 1682
1683 0
0 1684
1685 0
0 1686
1687 0
0 1688
1689 0
0 1690
1691 0
0 1692
1693 0
0 1694
1695 0
0 1696
1697 0
0 1698
1699 0
0 1700
1701 0
0 1702
1703 0
0 1704
1705 0
0 1706
1707 0
0 1708
1709 0
0 1710
1711 0
0 1712
1713 0
0 1714
1715 0
0 1716
1717 0
0 1718
1719 0
0 1720
1721 0
0 1722
1723 0
0 1724
1725 0
0 1726
1727 0
0 1728
1729 0
0 1730
1731 0
0 1732
1733 0
0 1734
1735 0
0 1736
1737 0
0 1738
1739 0
0 1740
1741 0
0 1742
1743 0
0 1744
1745 0
0 1746
1747 0
0 1748
1749 0
0 1750
1751 0
0 1752
1753 0
0 1754
1755 0
0 1756
1757 0
0 1758
1759 0
0 1760
1761 0
0 1762
1763 0
0 1764
1765 0
0 1766
1767 0
0 1768
1769 0
0 1770
1771 0
0 1772
1773 0
0 1774
1775 0
0 1776
1777 0
0 1778
1779 0
0 1780
1781 0
0 1782
1783 0
0 1784
1785 0
0 1786
1787 0
0 1788
1789 0
0 1790
1791 0
0 1792
1793 0
0 1794
1795 0
0 1796
1797 0
0 1798
1799 0
0 1800
1801 0
0 1802
1803 0
0 1804
1805 0
0 1806
1807 0
0 1808
1809 0
0 1810
1811 0
0 1812
1813 0
0 1814
1815 0
0 1816
1817 0
0 1818
1819 0
0 1820
1821 0
0 1822
1823 0
0 1824
1825 0
0 1826
1827 0
0 1828
1829 0
0 1830
1831 0
0 1832
1833 0
0 1834
1835 0
0 1836
1837 0
0 1838
1839 0
0 1840
1841 0
0 1842
1843 0
0 1844
1845 0
0 1846
1847 0
0 1848
1849 0
0 1850
1851 0
0 1852
1853 0
0 1854
1855 0
0 1856
1857 0
0 1858
1859 0
0 1860
1861 0
0 1862
1863 0
0 1864
1865 0
0 1866
1867 0
0 1868
1869 0
0 1870
1871 0
0 1872
1873 0
0 1874
1875 0
0 1876
1877 0
0 1878
1879 0
0 1880
1881 0
0 1882
1883 0
0 1884
1885 0
0 1886
1887 0
0 1888
1889 0
0 1890
1891 0
0 1892
1893 0
0 1894
1895 0
0 1896
1897 0
0 1898
1899 0
0 1900
1901 0
0 1902
1903 0
0 1904
1905 0
0 1906
1907 0
0 1908
1909 0
0 1910
1911 0
0 1912
1913 0
0 1914
1915 0
0 1916
1917 0
0 1918
1919 0
0 1920
1921 0
0 1922
1923 0
0 1924
1925 0
0 1926
1927 0
0 1928
1929 0
0 1930
1931 0
0 1932
1933 0
0 1934
1935 0
0 1936
1937 0
0 1938
1939 0
0 1940
1941 0
0 1942
1943 0
0 1944
1945 0
0 1946
1947 0
0 1948
1949 0
0 1950
1951 0
0 1952
1953 0
0 1954
1955 0
0 1956
1957 0
0 1958
1959 0
0 1960
1961 0
0 1962
1963 0
0 1964
1965 0
0 1966
1967 0
0 1968
1969 0
0 1970
1971 0
0 1972
1973 0
0 1974
1975 0
0 1976
1977 0
0 1978
1979 0
0 1980
1981 0
0 1982
1983 0
0 1984
1985 0
0 1986
1987 0
0 1988
1989 0
0 1990
1991 0
0 1992
1993 0
0 1994
1995 0
0 1996
1997 0
0 1998
1999 0
0 2000
1 0
0 2
3 0
0 4
5 0
0 6
7 0
0 8
9 0
0 10
11 0
0 12
13 0
0 14
15 0
0 16
17 0
0 18
19 0
0 20
21 0
0 22
23 0
0 24
25 0
0 26
27 0
0 28
29 0
0 30
31 0
0 32
33 0
0 34
35 0
0 36
37 0
0 38
39 0
0 40
41 0
0 42
43 0
0 44
45 0
0 46
47 0
0 48
49 0
0 50
51 0
0 52
53 0
0 54
55 0
0 56
57 0
0 58
59 0
0 60
61 0
0 62
63 0
0 64
65 0
0 66
67 0
0 68
69 0
0 70
71 0
0 72
73 0
0 74
75 0
0 76
77 0
0 78
79 0
0 80
81 0
0 82
83 0
0 84
85 0
0 86
87 0
0 88
89 0
0 90
91 0
0 92
93 0
0 94
95 0
0 96
97 0
0 98
99 0
0 100
101 0
0 102
103 0
0 104
105 0
0 106
107 0
0 108
109 0
0 110
111 0
0 112
113 0
0 114
115 0
0 116
117 0
0 118
119 0
0 120
121 0
0 122
123 0
0 124
125 0
0 126
127 0
0 128
129 0
0 130
131 0
0 132
133 0
0 134
135 0
0 136
137 0
0 138
139 0
0 140
141 0
0 142
143 0
0 144
145 0
0 146
147 0
0 148
149 0
0 150
151 0
0 152
153 0
0 154
155 0
0 156
157 0
0 158
159 0
0 160
161 0
0 162
163 0
0 164
165 0
0 166
167 0
0 168
169 0
0 170
171 0
0 172
173 0
0 174
175 0
0 176
177 0
0 178
179 0
0 180
181 0
0 182
183 0
0 184
185 0
0 186
187 0
0 188
189 0
0 190
191 0
0 192
193 0
0 194
195 0
0 196
197 0
0 198
199 0
0 200
201 0
0 202
203 0
0 204
205 0
0 206
207 0
0 208
209 0
0 210
211 0
0 212
213 0
0 214
215 0
0 216
217 0
0 218
219 0
0 220
221 0
0 222
223 0
0 224
225 0
0 226
227 0
0 228
229 0
0 230
231 0
0 232
233 0
0 234
235 0
0 236
237 0
0 238
239 0
0 240
241 0
0 242
243 0
0 244
245 0
0 246
247 0
0 248
249 0
0 250
251 0
0 252
253 0
0 254
255 0
0 256
257 0
0 258
259 0
0 260
261 0
0 262
263 0
0 264
265 0
0 266
267 0
0 268
269 0
0 270
271 0
0 272
273 0
0 274
275 0
0 276
277 0
0 278
279 0
0 280
281 0
0 282
283 0
0 284
285 0
0 286
287 0
0 288
289 0
0 290
291 0
0 292
293 0
0 294
295 0
0 296
297 0
0 298
299 0
0 300
301 0
0 302
303 0
0 304
305 0
0 306
307 0
0 308
309 0
0 310
311 0
0 312
313 0
0 314
315 0
0 316
317 0
0 318
319 0
0 320
321 0
0 322
323 0
0 324
325 0
0 326
327 0
0 328
329 0
0 330
331 0
0 332
333 0
0 334
335 0
0 336
337 0
0 338
339 0
0 340
341 0
0 342
343 0
0 344
345 0
0 346
347 0
0 348
349 0
0 350
351 0
0 352
353 0
0 354
355 0
0 356
357 0
0 358
359 0
0 360
361 0
0 362
363 0
0 364
365 0
0 366
367 0
0 368
369 0
0 370
371 0
0 372
373 0
0 374
375 0
0 376
377 0
0 378
379 0
0 380
381 0
0 382
383 0
0 384
385 0
0 386
387 0
0 388
389 0
0 390
391 0
0 392
393 0
0 394
395 0
0 396
397 0
0 398
399 0
0 400
401 0
0 402
403 0
0 404
405 0
0 406
407 0
0 408
409 0
0 410
411 0
0 412
413 0
0 414
415 0
0 416
417 0
0 418
419 0
0 420
421 0
0 422
423 0
0 424
425 0
0 426
427 0
0 428
429 0
0 430
431 0
0 432
433 0
0 434
435 0
0 436
437 0
0 438
439 0
0 440
441 0
0 442
443 0
0 444
445 0
0 446
447 0
0 448
449 0
0 450
451 0
0 452
453 0
0 454
455 0
0 456
457 0
0 458
459 0
0 460
461 0
0 462
463 0
0 464
465 0
0 466
467 0
0 468
469 0
0 470
471 0
0 472
473 0
0 474
475 0
0 476
477 0
0 478
479 0
0 480
481 0
0 482
483 0
0 484
485 0
0 486
487 0
0 488
489 0
0 490
491 0
0 492
493 0
0 494
495 0
0 496
497 0
0 498
499 0
0 500
501 0
0 502
503 0
0 504
505 0
0 506
507 0
0 508
509 0
0 510
511 0
0 512
513 0
0 514
515 0
0 516
517 0
0 518
519 0
0 520
521 0
0 522
523 0
0 524
525 0
0 526
527 0
0 528
529 0
0 530
531 0
0 532
533 0
0 534
535 0
0 536
537 0
0 538
539 0
0 540
541 0
0 542
543 0
0 544
545 0
0 546
547 0
0 548
549 0
0 550
551 0
0 552
553 0
0 554
555 0
0 556
557 0
0 558
559 0
0 560
561 0
0 562
563 0
0 564
565 0
0 566
567 0
0 568
569 0
0 570
571 0
0 572
573 0
0 574
575 0
0 576
577 0
0 578
579 0
0 580
581 0
0 582
583 0
0 584
585 0
0 586
587 0
0 588
589 0
0 590
591 0
0 592
593 0
0 594
595 0
0 596
597 0
0 598
599 0
0 600
601 0
0 602
603 0
0 604
605 0
0 606
607 0
0 608
609 0
0 610
611 0
0 612
613 0
0 614
615 0
0 616
617 0
0 618
619 0
0 620
621 0
0 622
623 0
0 624
625 0
0 626
627 0
0 628
629 0
0 630
631 0
0 632
633 0
0 634
635 0
0 636
637 0
0 638
639 0
0 640
641 0
0 642
643 0
0 644
645 0
0 646
647 0
0 648
649 0
0 650
651 0
0 652
653 0
0 654
655 0
0 656
657 0
0 658
659 0
0 660
661 0
0 662
663 0
0 664
665 0
0 666
667 0
0 668
669 0
0 670
671 0
0 672
673 0
0 674
675 0
0 676
677 0
0 678
679 0
0 680
681 0
0 682
683 0
0 684
685 0
0 686
687 0
0 688
689 0
0 690
691 0
0 692
693 0
0 694
695 0
0 696
697 0
0 698
699 0
0 700
701 0
0 702
703 0
0 704
705 0
0 706
707 0
0 708
709 0
0 710
711 0
0 712
713 0
0 714
715 0
0 716
717 0
0 718
719 0
0 720
721 0
0 722
723 0
0 724
725 0
0 726
727 0
0 728
729 0
0 730
731 0
0 732
733 0
0 734
735 0
0 736
737 0
0 738
739 0
0 740
741 0
0 742
743 0
0 744
745 0
0 746
747 0
0 748
749 0
0 750
751 0
0 752
753 0
0 754
755 0
0 756
757 0
0 758
759 0
0 760
761 0
0 762
763 0
0 764
765 0
0 766
767 0
0 768
769 0
0 770
771 0
0 772
773 0
0 774
775 0
0 776
777 0
0 778
779 0
0 780
781 0
0 782
783 0
0 784
785 0
0 786
787 0
0 788
789 0
0 790
791 0
0 792
793 0
0 794
795 0
0 796
797 0
0 798
799 0
0 800
801 0
0 802
803 0
0 804
805 0
0 806
807 0
0 808
809 0
0 810
811 0
0 812
813 0
0 814
815 0
0 816
817 0
0 818
819 0
0 820
821 0
0 822
823 0
0 824
825 0
0 826
827 0
0 828
829 0
0 830
831 0
0 832
833 0
0 834
835 0
0 836
837 0
0 838
839 0
0 840
841 0
0 842
843 0
0 844
845 0
0 846
847 0
0 848
849 0
0 850
851 0
0 852
853 0
0 854
855 0
0 856
857 0
0 858
859 0
0 860
861 0
0 862
863 0
0 864
865 0
0 866
867 0
0 868
869 0
0 870
871 0
0 872
873 0
0 874
875 0
0 876
877 0
0 878
879 0
0 880
881 0
0 882
883 0
0 884
885 0
0 886
887 0
0 888
889 0
0 890
891 0
0 892
893 0
0 894
895 0
0 896
897 0
0 898
899 0
0 900
901 0
0 902
903 0
0 904
905 0
0 906
907 0
0 908
909 0
0 910
911 0
0 912
913 0
0 914
915 0
0 916
917 0
0 918
919 0
0 920
921 0
0 922
923 0
0 924
925 0
0 926
927 0
0 928
929 0
0 930
931 0
0 932
933 0
0 934
935 0
0 936
937 0
0 938
939 0
0 940
941 0
0 942
943 0
0 944
945 0
0 946
947 0
0 948
949 0
0 950
951 0
0 952
953 0
0 954
955 0
0 956
957 0
0 958
959 0
0 960
961 0
0 962
963 0
0 964
965 0
0 966
967 0
0 968
969 0
0 970
971 0
0 972
973 0
0 974
975 0
0 976
977 0
0 978
979 0
0 980
981 0
0 982
983 0
0 984
985 0
0 986
987 0
0 988
989 0
0 990
991 0
0 992
993 0
0 994
995 0
0 996
997 0
0 998
999 0
0 1000
1001 0
0 1002
1003 0
0 1004
1005 0
0 1006
1007 0
0 1008
1009 0
0 1010
1011 0
0 1012
1013 0
0 1014
1015 0
0 1016
1017 0
0 1018
1019 0
0 1020
1021 0
0 1022
1023 0
0 1024
1025 0
0 1026
1027 0
0 1028
1029 0
0 1030
1031 0
0 1032
1033 0
0 1034
1035 0
0 1036
1037 0
0 1038
1039 0
0 1040
1041 0
0 1042
1043 0
0 1044
1045 0
0 1046
1047 0
0 1048
1049 0
0 1050
1051 0
0 1052
1053 0
0 1054
1055 0
0 1056
1057 0
0 1058
1059 0
0 1060
1061 0
0 1062
1063 0
0 1064
1065 0
0 1066
1067 0
0 1068
1069 0
0 1070
1071 0
0 1072
1073 0
0 1074
1075 0
0 1076
1077 0
0 1078
1079 0
0 1080
1081 0
0 1082
1083 0
0 1084
1085 0
0 1086
1087 0
0 1088
1089 0
0 1090
1091 0
0 1092
1093 0
0 1094
1095 0
0 1096
1097 0
0 1098
1099 0
0 1100
1101 0
0 1102
1103 0
0 1104
1105 0
0 1106
1107 0
0 1108
1109 0
0 1110
1111 0
0 1112
1113 0
0 1114
1115 0
0 1116
1117 0
0 1118
1119 0
0 1120
1121 0
0 1122
1123 0
0 1124
1125 0
0 1126
1127 0
0 1128
1129 0
0 1130
1131 0
0 1132
1133 0
0 1134
1135 0
0 1136
1137 0
0 1138
1139 0
0 1140
1141 0
0 1142
1143 0
0 1144
1145 0
0 1146
1147 0
0 1148
1149 0
0 1150
1151 0
0 1152
1153 0
0 1154
1155 0
0 1156
1157 0
0 1158
1159 0
0 1160
1161 0
0 1162
1163 0
0 1164
1165 0
0 1166
1167 0
0 1168
1169 0
0 1170
1171 0
0 1172
1173 0
0 1174
1175 0
0 1176
1177 0
0 1178
1179 0
0 1180
1181 0
0 1182
1183 0
0 1184
1185 0
0 1186
1187 0
0 1188
1189 0
0 1190
1191 0
0 1192
1193 0
0 1194
1195 0
0 1196
1197 0
0 1198
1199 0
0 1200
1201 0
0 1202
1203 0
0 1204
1205 0
0 1206
1207 0
0 1208
1209 0
0 1210
1211 0
0 1212
1213 0
0 1214
1215 0
0 1216
1217 0
0 1218
1219 0
0 1220
1221 0
0 1222
1223 0
0 1224
1225 0
0 1226
1227 0
0 1228
1229 0
0 1230
1231 0
0 1232
1233 0
0 1234
1235 0
0 1236
1237 0
0 1238
1239 0
0 1240
1241 0
0 1242
1243 0
0 1244
1245 0
0 1246
1247 0
0 1248
1249 0
0 1250
1251 0
0 1252
1253 0
0 1254
1255 0
0 1256
1257 0
0 1258
1259 0
0 1260
1261 0
0 1262
1263 0
0 1264
1265 0
0 1266
1267 0
0 1268
1269 0
0 1270
1271 0
0 1272
1273 0
0 1274
1275 0
0 1276
1277 0
0 1278
1279 0
0 1280
1281 0
0 1282
1283 0
0 1284
1285 0
0 1286
1287 0
0 1288
1289 0
0 1290
1291 0
0 1292
1293 0
0 1294
1295 0
0 1296
1297 0
0 1298
1299 0
0 1300
1301 0
0 1302
1303 0
0 1304
1305 0
0 1306
1307 0
0 1308
1309 0
0 1310
1311 0
0 1312
1313 0
0 1314
1315 0
0 1316
1317 0
0 1318
1319 0
0 1320
1321 0
0 1322
1323 0
0 1324
1325 0
0 1326
1327 0
0 1328
1329 0
0 1330
1331 0
0 1332
1333 0
0 1334
1335 0
0 1336
1337 0
0 1338
1339 0
0 1340
1341 0
0 1342
1343 0
0 1344
1345 0
0 1346
1347 0
0 1348
1349 0
0 1350
1351 0
0 1352
1353 0
0 1354
1355 0
0 1356
1357 0
0 1358
1359 0
0 1360
1361 0
0 1362
1363 0
0 1364
1365 0
0 1366
1367 0
0 1368
1369 0
0 1370
1371 0
0 1372
1373 0
0 1374
1375 0
0 1376
1377 0
0 1378
1379 0
0 1380
1381 0
0 1382
1383 0
0 1384
1385 0
0 1386
1387 0
0 1388
1389 0
0 1390
1391 0
0 1392
1393 0
0 1394
1395 0
0 1396
1397 0
0 1398
1399 0
0 1400
1401 0
0 1402
1403 0
0 1404
1405 0
0 1406
1407 0
0 1408
1409 0
0 1410
1411 0
0 1412
1413 0
0 1414
1415 0
0 1416
1417 0
0 1418
1419 0
0 1420
1421 0
0 1422
1423 0
0 1424
1425 0
0 1426
1427 0
0 1428
1429 0
0 1430
1431 0
0 1432
1433 0
0 1434
1435 0
0 1436
1437 0
0 1438
1439 0
0 1440
1441 0
0 1442
1443 0
0 1444
1445 0
0 1446
1447 0
0 1448
1449 0
0 1450
1451 0
0 1452
1453 0
0 1454
1455 0
0 1456
1457 0
0 1458
1459 0
0 1460
1461 0
0 1462
1463 0
0 1464
1465 0
0 1466
1467 0
0 1468
1469 0
0 1470
1471 0
0 1472
1473 0
0 1474
1475 0
0 1476
1477 0
0 1478
1479 0
0 1480
1481 0
0 1482
1483 0
0 1484
1485 0
0 1486
1487 0
0 1488
1489 0
0 1490
1491 0
0 1492
1493 0
0 1494
1495 0
0 1496
1497 0
0 1498
1499 0
0 1500
1501 0
0 1502
1503 0
0 1504
1505 0
0 1506
1507 0
0 1508
1509 0
0 1510
1511 0
0 1512
1513 0
0 1514
1515 0
0 1516
1517 0
0 1518
1519 0
0 1520
1521 0
0 1522
1523 0
0 1524
1525 0
0 1526
1527 0
0 1528
1529 0
0 1530
1531 0
0 1532
1533 0
0 1534
1535 0
0 1536
1537 0
0 1538
1539 0
0 1540
1541 0
0 1542
1543 0
0 1544
1545 0
0 1546
1547 0
0 1548
1549 0
0 1550
1551 0
0 1552
1553 0
0 1554
1555 0
0 1556
1557 0
0 1558
1559 0
0 1560
1561 0
0 1562
1563 0
0 1564
1565 0
0 1566
1567 0
0 1568
1569 0
0 1570
1571 0
0 1572
1573 0
0 1574
1575 0
0 1576
1577 0
0 1578
1579 0
0 1580
1581 0
0 1582
1583 0
0 1584
1585 0
0 1586
1587 0
0 1588
1589 0
0 1590
1591 0
0 1592
1593 0
0 1594
1595 0
0 1596
1597 0
0 1598
1599 0
0 1600
1601 0
0 1602
1603 0
0 1604
1605 0
0 1606
1607 0
0 1608
1609 0
0 1610
1611 0
0 1612
1613 0
0 1614
1615 0
0 1616
1617 0
0 1618
1619 0
0 1620
1621 0
0 1622
1623 0
0 1624
1625 0
0 1626
1627 0
0 1628
1629 0
0 1630
1631 0
0 1632
1633 0
0 1634
1635 0
0 1636
1637 0
0 1638
1639 0
0 1640
1641 0
0 1642
1643 0
0 1644
1645 0
0 1646
1647 0
0 1648
1649 0
0 1650
1651 0
0 1652
1653 0
0 1654
1655 0
0 1656
1657 0
0 1658
1659 0
0 1660
1661 0
0 1662
1663 0
0 1664
1665 0
0 1666
1667 0
0 1668
1669 0
0 1670
1671 0
0 1672
1673 0
0 1674
1675 0
0 1676
1677 0
0 1678
1679 0
0 1680
1681 0
0 1682
1683 0
0 1684
1685 0
0 1686
1687 0
0 1688
1689 0
0 1690
1691 0
0 1692
1693 0
0 1694
1695 0
0 1696
1697 0
0 1698
1699 0
0 1700
1701 0
0 1702
1703 0
0 1704
1705 0
0 1706
1707 0
0 1708
1709 0
0 1710
1711 0
0 1712
1713 0
0 1714
1715 0
0 1716
1717 0
0 1718
1719 0
0 1720
1721 0
0 1722
1723 0
0 1724
1725 0
0 1726
1727 0
0 1728
1729 0
0 1730
1731 0
0 1732
1733 0
0 1734
1735 0
0 1736
1737 0
0 1738
1739 0
0 1740
1741 0
0 1742
1743 0
0 1744
1745 0
0 1746
1747 0
0 1748
1749 0
0 1750
1751 0
0 1752
1753 0
0 1754
1755 0
0 1756
1757 0
0 1758
1759 0
0 1760
1761 0
0 1762
1763 0
0 1764
1765 0
0 1766
1767 0
0 1768
1769 0
0 1770
1771 0
0 1772
1773 0
0 1774
1775 0
0 1776
1777 0
0 1778
1779 0
0 1780
1781 0
0 1782
1783 0
0 1784
1785 0
0 1786
1787 0
0 1788
1789 0
0 1790
1791 0
0 1792
1793 0
0 1794
1795 0
0 1796
1797 0
0 1798
1799 0
0 1800
1801 0
0 1802
1803 0
0 1804
1805 0
0 1806
1807 0
0 1808
1809 0
0 1810
1811 0
0 1812
1813 0
0 1814
1815 0
0 1816
1817 0
0 1818
1819 0
0 1820
1821 0
0 1822
1823 0
0 1824
1825 0
0 1826
1827 0
0 1828
1829 0
0 1830
1831 0
0 1832
1833 0
0 1834
1835 0
0 1836
1837 0
0 1838
1839 0
0 1840
1841 0
0 1842
1843 0
0 1844
1845 0
0 1846
1847 0
0 1848
1849 0
0 1850
1851 0
0 1852
1853 0
0 1854
1855 0
0 1856
1857 0
0 1858
1859 0
0 1860
1861 0
0 1862
1863 0
0 1864
1865 0
0 1866
1867 0
0 1868
1869 0
0 1870
1871 0
0 1872
1873 0
0 1874
1875 0
0 1876
1877 0
0 1878
1879 0
0 1880
1881 0
0 1882
1883 0
0 1884
1885 0
0 1886
1887 0
0 1888
1889 0
0 1890
1891 0
0 1892
1893 0
0 1894
1895 0
0 1896
1897 0
0 1898
1899 0
0 1900
1901 0
0 1902
1903 0
0 1904
1905 0
0 1906
1907 0
0 1908
1909 0
0 1910
1911 0
0 1912
1913 0
0 1914
1915 0
0 1916
1917 0
0 1918
1919 0
0 1920
1921 0
0 1922
1923 0
0 1924
1925 0
0 1926
1927 0
0 1928
1929 0
0 1930
1931 0
0 1932
1933 0
0 1934
1935 0
0 1936
1937 0
0 1938
1939 0
0 1940
1941 0
0 1942
1943 0
0 1944
1945 0
0 1946
1947 0
0 1948
1949 0
0 1950
1951 0
0 1952
1953 0
0 1954
1955 0
0 1956
1957 0
0 1958
1959 0
0 1960
1961 0
0 1962
1963 0
0 1964
1965 0
0 1966
1967 0
0 1968
1969 0
0 1970
1971 0
0 1972
1973 0
0 1974
1975 0
0 1976
1977 0
0 1978
1979 0
0 1980
1981 0
0 1982
1983 0
0 1984
1985 0
0 1986
1987 0
0 1988
1989 0
0 1990
1991 0
0 1992
1993 0
0 1994
1995 0
0 1996
1997 0
0 1998
1999 0
0 2000
1 0
0 2
3 0
0 4
5 0
0 6
7 0
0 8
9 0
0 10
11 0
0 12
13 0
0 14
15 0
0 16
17 0
0 18
19 0
0 20
21 0
0 22
23 0
0 24
25 0
0 26
27 0
0 28
29 0
0 30
31 0
0 32
33 0
0 34
35 0
0 36
37 0
0 38
39 0
0 40
41 0
0 42
43 0
0 44
45 0
0 46
47 0
0 48
49 0
0 50
51 0
0 52
53 0
0 54
55 0
0 56
57 0
0 58
59 0
0 60
61 0
0 62
63 0
0 64
65 0
0 66
67 0
0 68
69 0
0 70
71 0
0 72
73 0
0 74
75 0
0 76
77 0
0 78
79 0
0 80
81 0
0 82
83 0
0 84
85 0
0 86
87 0
0 88
89 0
0 90
91 0
0 92
93 0
0 94
95 0
0 96
97 0
0 98
99 0
0 100
101 0
0 102
103 0
0 104
105 0
0 106
107 0
0 108
109 0
0 110
111 0
0 112
113 0
0 114
115 0
0 116
117 0
0 118
119 0
0 120
121 0
0 122
123 0
0 124
125 0
0 126
127 0
0 128
129 0
0 130
131 0
0 132
133 0
0 134
135 0
0 136
137 0
0 138
139 0
0 140
141 0
0 142
143 0
0 144
145 0
0 146
147 0
0 148
149 0
0 150
151 0
0 152
153 0
0 154
155 0
0 156
157 0
0 158
159 0
0 160
161 0
0 162
163 0
0 164
165 0
0 166
167 0
0 168
169 0
0 170
171 0
0 172
173 0
0 174
175 0
0 176
177 0
0 178
179 0
0 180
181 0
0 182
183 0
0 184
185 0
0 186
187 0
0 188
189 0
0 190
191 0
0 192
193 0
0 194
195 0
0 196
197 0
0 198
199 0
0 200
201 0
0 202
203 0
0 204
205 0
0 206
207 0
0 208
209 0
0 210
211 0
0 212
213 0
0 214
215 0
0 216
217 0
0 218
219 0
0 220
221 0
0 222
223 0
0 224
225 0
0 226
227 0
0 228
229 0
0 230
231 0
0 232
233 0
0 234
235 0
0 236
237 0
0 238
239 0
0 240
241 0
0 242
243 0
0 244
245 0
0 246
247 0
0 248
249 0
0 250
251 0
0 252
253 0
0 254
255 0
0 256
257 0
0 258
259 0
0 260
261 0
0 262
263 0
0 264
265 0
0 266
267 0
0 268
269 0
0 270
271 0
0 272
273 0
0 274
275 0
0 276
277 0
0 278
279 0
0 280
281 0
0 282
283 0
0 284
285 0
0 286
287 0
0 288
289 0
0 290
291 0
0 292
293 0
0 294
295 0
0 296
297 0
0 298
299 0
0 300
301 0
0 302
303 0
0 304
305 0
0 306
307 0
0 308
309 0
0 310
311 0
0 312
313 0
0 314
315 0
0 316
317 0
0 318
319 0
0 320
321 0
0 322
323 0
0 324
325 0
0 326
327 0
0 328
329 0
0 330
331 0
0 332
333 0
0 334
335 0
0 336
337 0
0 338
339 0
0 340
341 0
0 342
343 0
0 344
345 0
0 346
347 0
0 348
349 0
0 350
351 0
0 352
353 0
0 354
355 0
0 356
357 0
0 358
359 0
0 360
361 0
0 362
363 0
0 364
365 0
0 366
367 0
0 368
369 0
0 370
371 0
0 372
373 0
0 374
375 0
0 376
377 0
0 378
379 0
0 380
381 0
0 382
383 0
0 384
385 0
0 386
387 0
0 388
389 0
0 390
391 0
0 392
393 0
0 394
395 0
0 396
397 0
0 398
399 0
0 400
401 0
0 402
403 0
0 404
405 0
0 406
407 0
0 408
409 0
0 410
411 0
0 412
413 0
0 414
415 0
0 416
417 0
0 418
419 0
0 420
421 0
0 422
423 0
0 424
425 0
0 426
427 0
0 428
429 0
0 430
431 0
0 432
433 0
0 434
435 0
0 436
437 0
0 438
439 0
0 440
441 0
0 442
443 0
0 444
445 0
0 446
447 0
0 448
449 0
0 450
451 0
0 452
453 0
0 454
455 0
0 456
457 0
0 458
459 0
0 460
461 0
0 462
463 0
0 464
465 0
0 466
467 0
0 468
469 0
0 470
471 0
0 472
473 0
0 474
475 0
0 476
477 0
0 478
479 0
0 480
481 0
0 482
483 0
0 484
485 0
0 486
487 0
0 488
489 0
0 490
491 0
0 492
493 0
0 494
495 0
0 496
497 0
0 498
499 0
0 500
501 0
0 502
503 0
0 504
505 0
0 506
507 0
0 508
509 0
0 510
511 0
0 512
513 0
0 514
515 0
0 516
517 0
0 518
519 0
0 520
521 0
0 522
523 0
0 524
525 0
0 526
527 0
0 528
529 0
0 530
531 0
0 532
533 0
0 534
535 0
0 536
537 0
0 538
539 0
0 540
541 0
0 542
543 0
0 544
545 0
0 546
547 0
0 548
549 0
0 550
551 0
0 552
553 0
0 554
555 0
0 556
557 0
0 558
559 0
0 560
561 0
0 562
563 0
0 564
565 0
0 566
567 0
0 568
569 0
0 570
571 0
0 572
573 0
0 574
575 0
0 576
577 0
0 578
579 0
0 580
581 0
0 582
583 0
0 584
585 0
0 586
587 0
0 588
589 0
0 590
591 0
0 592
593 0
0 594
595 0
0 596
597 0
0 598
599 0
0 600
601 0
0 602
603 0
0 604
605 0
0 606
607 0
0 608
609 0
0 610
611 0
0 612
613 0
0 614
615 0
0 616
617 0
0 618
619 0
0 620
621 0
0 622
623 0
0 624
625 0
0 626
627 0
0 628
629 0
0 630
631 0
0 632
633 0
0 634
635 0
0 636
637 0
0 638
639 0
0 640
641 0
0 642
643 0
0 644
645 0
0 646
647 0
0 648
649 0
0 650
651 0
0 652
653 0
0 654
655 0
0 656
657 0
0 658
659 0
0 660
661 0
0 662
663 0
0 664
665 0
0 666
667 0
0 668
669 0
0 670
671 0
0 672
673 0
0 674
675 0
0 676
677 0
0 678
679 0
0 680
681 0
0 682
683 0
0 684
685 0
0 686
687 0
0 688
689 0
0 690
691 0
0 692
693 0
0 694
695 0
0 696
697 0
0 698
699 0
0 700
701 0
0 702
703 0
0 704
705 0
0 706
707 0
0 708
709 0
0 710
711 0
0 712
713 0
0 714
715 0
0 716
717 0
0 718
719 0
0 720
721 0
0 722
723 0
0 724
725 0
0 726
727 0
0 728
729 0
0 730
731 0
0 732
733 0
0 734
735 0
0 736
737 0
0 738
739 0
0 740
741 0
0 742
743 0
0 744
745 0
0 746
747 0
0 748
749 0
0 750
751 0
0 752
753 0
0 754
755 0
0 756
757 0
0 758
759 0
0 760
761 0
0 762
763 0
0 764
765 0
0 766
767 0
0 768
769 0
0 770
771 0
0 772
773 0
0 774
775 0
0 776
777 0
0 778
779 0
0 780
781 0
0 782
783 0
0 784
785 0
0 786
787 0
0 788
789 0
0 790
791 0
0 792
793 0
0 794
795 0
0 796
797 0
0 798
799 0
0 800
801 0
0 802
803 0
0 804
805 0
0 806
807 0
0 808
809 0
0 810
811 0
0 812
813 0
0 814
815 0
0 816
817 0
0 818
819 0
0 820
821 0
0 822
823 0
0 824
825 0
0 826
827 0
0 828
829 0
0 830
831 0
0 832
833 0
0 834
835 0
0 836
837 0
0 838
839 0
0 840
841 0
0 842
843 0
0 844
845 0
0 846
847 0
0 848
849 0
0 850
851 0
0 852
853 0
0 854
855 0
0 856
857 0
0 858
859 0
0 860
861 0
0 862
863 0
0 864
865 0
0 866
867 0
0 868
869 0
0 870
871 0
0 872
873 0
0 874
875 0
0 876
877 0
0 878
879 0
0 880
881 0
0 882
883 0
0 884
885 0
0 886
887 0
0 888
889 0
0 890
891 0
0 892
893 0
0 894
895 0
0 896
897 0
0 898
899 0
0 900
901 0
0 902
903 0
0 904
905 0
0 906
907 0
0 908
909 0
0 910
911 0
0 912
913 0
0 914
915 0
0 916
917 0
0 918
919 0
0 920
921 0
0 922
923 0
0 924
925 0
0 926
927 0
0 928
929 0
0 930
931 0
0 932
933 0
0 934
935 0
0 936
937 0
0 938
939 0
0 940
941 0
0 942
943 0
0 944
945 0
0 946
947 0
0 948
949 0
0 950
951 0
0 952
953 0
0 954
955 0
0 956
957 0
0 958
959 0
0 960
961 0
0 962
963 0
0 964
965 0
0 966
967 0
0 968
969 0
0 970
971 0
0 972
973 0
0 974
975 0
0 976
977 0
0 978
979 0
0 980
981 0
0 982
983 0
0 984
985 0
0 986
987 0
0 988
989 0
0 990
991 0
0 992
993 0
0 994
995 0
0 996
997 0
0 998
999 0
0 1000
1001 0
0 1002
1003 0
0 1004
1005 0
0 1006
1007 0
0 1008
1009 0
0 1010
1011 0
0 1012
1013 0
0 1014
1015 0
0 1016
1017 0
0 1018
1019 0
0 1020
1021 0
0 1022
1023 0
0 1024
1025 0
0 1026
1027 0
0 1028
1029 0
0 1030
1031 0
0 1032
1033 0
0 1034
1035 0
0 1036
1037 0
0 1038
1039 0
0 1040
1041 0
0 1042
1043 0
0 1044
1045 0
0 1046
1047 0
0 1048
1049 0
0 1050
1051 0
0 1052
1053 0
0 1054
1055 0
0 1056
1057 0
0 1058
1059 0
0 1060
1061 0
0 1062
1063 0
0 1064
1065 0
0 1066
1067 0
0 1068
1069 0
0 1070
1071 0
0 1072
1073 0
0 1074
1075 0
0 1076
1077 0
0 1078
1079 0
0 1080
1081 0
0 1082
1083 0
0 1084
1085 0
0 1086
1087 0
0 1088
1089 0
0 1090
1091 0
0 1092
1093 0
0 1094
1095 0
0 1096
1097 0
0 1098
1099 0
0 1100
1101 0
0 1102
1103 0
0 1104
1105 0
0 1106
1107 0
0 1108
1109 0
0 1110
1111 0
0 1112
1113 0
0 1114
1115 0
0 1116
1117 0
0 1118
1119 0
0 1120
1121 0
0 1122
1123 0
0 1124
1125 0
0 1126
1127 0
0 1128
1129 0
0 1130
1131 0
0 1132
1133 0
0 1134
1135 0
0 1136
1137 0
0 1138
1139 0
0 1140
1141 0
0 1142
1143 0
0 1144
1145 0
0 1146
1147 0
0 1148
1149 0
0 1150
1151 0
0 1152
1153 0
0 1154
1155 0
0 1156
1157 0
0 1158
1159 0
0 1160
1161 0
0 1162
1163 0
0 1164
1165 0
0 1166
1167 0
0 1168
1169 0
0 1170
1171 0
0 1172
1173 0
0 1174
1175 0
0 1176
1177 0
0 1178
1179 0
0 1180
1181 0
0 1182
1183 0
0 1184
1185 0
0 1186
1187 0
0 1188
1189 0
0 1190
1191 0
0 1192
1193 0
0 1194
1195 0
0 1196
1197 0
0 1198
1199 0
0 1200
1201 0
0 1202
1203 0
0 1204
1205 0
0 1206
1207 0
0 1208
1209 0
0 1210
1211 0
0 1212
1213 0
0 1214
1215 0
0 1216
1217 0
0 1218
1219 0
0 1220
1221 0
0 1222
1223 0
0 1224
1225 0
0 1226
1227 0
0 1228
1229 0
0 1230
1231 0
0 1232
1233 0
0 1234
1235 0
0 1236
1237 0
0 1238
1239 0
0 1240
1241 0
0 1242
1243 0
0 1244
1245 0
0 1246
1247 0
0 1248
1249 0
0 1250
1251 0
0 1252
1253 0
0 1254
1255 0
0 1256
1257 0
0 1258
1259 0
0 1260
1261 0
0 1262
1263 0
0 1264
1265 0
0 1266
1267 0
0 1268
1269 0
0 1270
1271 0
0 1272
1273 0
0 1274
1275 0
0 1276
1277 0
0 1278
1279 0
0 1280
1281 0
0 1282
1283 0
0 1284
1285 0
0 1286
1287 0
0 1288
1289 0
0 1290
1291 0
0 1292
1293 0
0 1294
1295 0
0 1296
1297 0
0 1298
1299 0
0 1300
1301 0
0 1302
1303 0
0 1304
1305 0
0 1306
1307 0
0 1308
1309 0
0 1310
1311 0
0 1312
1313 0
0 1314
1315 0
0 1316
1317 0
0 1318
1319 0
0 1320
1321 0
0 1322
1323 0
0 1324
1325 0
0 1326
1327 0
0 1328
1329 0
0 1330
1331 0
0 1332
1333 0
0 1334
1335 0
0 1336
1337 0
0 1338
1339 0
0 1340
1341 0
0 1342
1343 0
0 1344
1345 0
0 1346
1347 0
0 1348
1349 0
0 1350
1351 0
0 1352
1353 0
0 1354
1355 0
0 1356
1357 0
0 1358
1359 0
0 1360
1361 0
0 1362
1363 0
0 1364
1365 0
0 1366
1367 0
0 1368
1369 0
0 1370
1371 0
0 1372
1373 0
0 1374
1375 0
0 1376
1377 0
0 1378
1379 0
0 1380
1381 0
0 1382
1383 0
0 1384
1385 0
0 1386
1387 0
0 1388
1389 0
0 1390
1391 0
0 1392
1393 0
0 1394
1395 0
0 1396
1397 0
0 1398
1399 0
0 1400
1401 0
0 1402
1403 0
0 1404
1405 0
0 1406
1407 0
0 1408
1409 0
0 1410
1411 0
0 1412
1413 0
0 1414
1415 0
0 1416
1417 0
0 1418
1419 0
0 1420
1421 0
0 1422
1423 0
0 1424
1425 0
0 1426
1427 0
0 1428
1429 0
0 1430
1431 0
0 1432
1433 0
0 1434
1435 0
0 1436
1437 0
0 1438
1439 0
0 1440
1441 0
0 1442
1443 0
0 1444
1445 0
0 1446
1447 0
0 1448
1449 0
0 1450
1451 0
0 1452
1453 0
0 1454
1455 0
0 1456
1457 0
0 1458
1459 0
0 1460
1461 0
0 1462
1463 0
0 1464
1465 0
0 1466
1467 0
0 1468
1469 0
0 1470
1471 0
0 1472
1473 0
0 1474
1475 0
0 1476
1477 0
0 1478
1479 0
0 1480
1481 0
0 1482
1483 0
0 1484
1485 0
0 1486
1487 0
0 1488
1489 0
0 1490
1491 0
0 1492
1493 0
0 1494
1495 0
0 1496
1497 0
0 1498
1499 0
0 1500
1501 0
0 1502
1503 0
0 1504
1505 0
0 1506
1507 0
0 1508
1509 0
0 1510
1511 0
0 1512
1513 0
0 1514
1515 0
0 1516
1517 0
0 1518
1519 0
0 1520
1521 0
0 1522
1523 0
0 1524
1525 0
0 1526
1527 0
0 1528
1529 0
0 1530
1531 0
0 1532
1533 0
0 1534
1535 0
0 1536
1537 0
0 1538
1539 0
0 1540
1541 0
0 1542
1543 0
0 1544
1545 0
0 1546
1547 0
0 1548
1549 0
0 1550
1551 0
0 1552
1553 0
0 1554
1555 0
0 1556
1557 0
0 1558
1559 0
0 1560
1561 0
0 1562
1563 0
0 1564
1565 0
0 1566
1567 0
0 1568
1569 0
0 1570
1571 0
0 1572
1573 0
0 1574
1575 0
0 1576
1577 0
0 1578
1579 0
0 1580
1581 0
0 1582
1583 0
0 1584
1585 0
0 1586
1587 0
0 1588
1589 0
0 1590
1591 0
0 1592
1593 0
0 1594
1595 0
0 1596
1597 0
0 1598
1599 0
0 1600
1601 0
0 1602
1603 0
0 1604
1605 0
0 1606
1607 0
0 1608
1609 0
0 1610
1611 0
0 1612
1613 0
0 1614
1615 0
0 1616
1617 0
0 1618
1619 0
0 1620
1621 0
0 1622
1623 0
0 1624
1625 0
0 1626
1627 0
0 1628
1629 0
0 1630
1631 0
0 1632
1633 0
0 1634
1635 0
0 1636
1637 0
0 1638
1639 0
0 1640
1641 0
0 1642
1643 0
0 1644
1645 0
0 1646
1647 0
0 1648
1649 0
0 1650
1651 0
0 1652
1653 0
0 1654
1655 0
0 1656
1657 0
0 1658
1659 0
0 1660
1661 0
0 1662
1663 0
0 1664
1665 0
0 1666
1667 0
0 1668
1669 0
0 1670
1671 0
0 1672
1673 0
0 1674
1675 0
0 1676
1677 0
0 1678
1679 0
0 1680
1681 0
0 1682
1683 0
0 1684
1685 0
0 1686
1687 0
0 1688
1689 0
0 1690
1691 0
0 1692
1693 0
0 1694
1695 0
0 1696
1697 0
0 1698
1699 0
0 1700
1701 0
0 1702
1703 0
0 1704
1705 0
0 1706
1707 0
0 1708
1709 0
0 1710
1711 0
0 1712
1713 0
0 1714
1715 0
0 1716
1717 0
0 1718
1719 0
0 1720
1721 0
0 1722
1723 0
0 1724
1725 0
0 1726
1727 0
0 1728
1729 0
0 1730
1731 0
0 1732
1733 0
0 1734
1735 0
0 1736
1737 0
0 1738
1739 0
0 1740
1741 0
0 1742
1743 0
0 1744
1745 0
0 1746
1747 0
0 1748
1749 0
0 1750
1751 0
0 1752
1753 0
0 1754
1755 0
0 1756
1757 0
0 1758
1759 0
0 1760
1761 0
0 1762
1763 0
0 1764
1765 0
0 1766
1767 0
0 1768
1769 0
0 1770
1771 0
0 1772
1773 0
0 1774
1775 0
0 1776
1777 0
0 1778
1779 0
0 1780
1781 0
0 1782
1783 0
0 1784
1785 0
0 1786
1787 0
0 1788
1789 0
0 1790
1791 0
0 1792
1793 0
0 1794
1795 0
0 1796
1797 0
0 1798
1799 0
0 1800
1801 0
0 1802
1803 0
0 1804
1805 0
0 1806
1807 0
0 1808
1809 0
0 1810
1811 0
0 1812
1813 0
0 1814
1815 0
0 1816
1817 0
0 1818
1819 0
0 1820
1821 0
0 1822
1823 0
0 1824
1825 0
0 1826
1827 0
0 1828
1829 0
0 1830
1831 0
0 1832
1833 0
0 1834
1835 0
0 1836
1837 0
0 1838
1839 0
0 1840
1841 0
0 1842
1843 0
0 1844
1845 0
0 1846
1847 0
0 1848
1849 0
0 1850
1851 0
0 1852
1853 0
0 1854
1855 0
0 1856
1857 0
0 1858
1859 0
0 1860
1861 0
0 1862
1863 0
0 1864
1865 0
0 1866
1867 0
0 1868
1869 0
0 1870
1871 0
0 1872
1873 0
0 1874
1875 0
0 1876
1877 0
0 1878
1879 0
0 1880
1881 0
0 1882
1883 0
0 1884
1885 0
0 1886
1887 0
0 1888
1889 0
0 1890
1891 0
0 1892
1893 0
0 1894
1895 0
0 1896
1897 0
0 1898
1899 0
0 1900
1901 0
0 1902
1903 0
0 1904
1905 0
0 1906
1907 0
0 1908
1909 0
0 1910
1911 0
0 1912
1913 0
0 1914
1915 0
0 1916
1917 0
0 1918
1919 0
0 1920
1921 0
0 1922
1923 0
0 1924
1925 0
0 1926
1927 0
0 1928
1929 0
0 1930
1931 0
0 1932
1933 0
0 1934
1935 0
0 1936
1937 0
0 1938
1939 0
0 1940
1941 0
0 1942
1943 0
0 1944
1945 0
0 1946
1947 0
0 1948
1949 0
0 1950
1951 0
0 1952
1953 0
0 1954
1955 0
0 1956
1957 0
0 1958
1959 0
0 1960
1961 0
0 1962
1963 0
0 1964
1965 0
0 1966
1967 0
0 1968
1969 0
0 1970
1971 0
0 1972
1973 0
0 1974
1975 0
0 1976
1977 0
0 1978
1979 0
0 1980
1981 0
0 1982
1983 0
0 1984
1985 0
0 1986
1987 0
0 1988
1989 0
0 1990
1991 0
0 1992
1993 0
0 1994
1995 0
0 1996
1997 0
0 1998
1999 0
0 2000
1 0
0 2
3 0
0 4
5 0
0 6
7 0
0 8
9 0
0 10
11 0
0 12
13 0
0 14
15 0
0 16
17 0
0 18
19 0
0 20
21 0
0 22
23 0
0 24
25 0
0 26
27 0
0 28
29 0
0 30
31 0
0 32
33 0
0 34
35 0
0 36
37 0
0 38
39 0
0 40
41 0
0 42
43 0
0 44
45 0
0 46
47 0
0 48
49 0
0 50
51 0
0 52
53 0
0 54
55 0
0 56
57 0
0 58
59 0
0 60
61 0
0 62
63 0
0 64
65 0
0 66
67 0
0 68
69 0
0 70
71 0
0 72
73 0
0 74
75 0
0 76
77 0
0 78
79 0
0 80
81 0
0 82
83 0
0 84
85 0
0 86
87 0
0 88
89 0
0 90
91 0
0 92
93 0
0 94
95 0
0 96
97 0
0 98
99 0
0 100
101 0
0 102
103 0
0 104
105 0
0 106
107 0
0 108
109 0
0 110
111 0
0 112
113 0
0 114
115 0
0 116
117 0
0 118
119 0
0 120
121 0
0 122
123 0
0 124
125 0
0 126
127 0
0 128
129 0
0 130
131 0
0 132
133 0
0 134
135 0
0 136
137 0
0 138
139 0
0 140
141 0
0 142
143 0
0 144
145 0
0 146
147 0
0 148
149 0
0 150
151 0
0 152
153 0
0 154
155 0
0 156
157 0
0 158
159 0
0 160
161 0
0 162
163 0
0 164
165 0
0 166
167 0
0 168
169 0
0 170
171 0
0 172
173 0
0 174
175 0
0 176
177 0
0 178
179 0
0 180
181 0
0 182
183 0
0 184
185 0
0 186
187 0
0 188
189 0
0 190
191 0
0 192
193 0
0 194
195 0
0 196
197 0
0 198
199 0
0 200
201 0
0 202
203 0
0 204
205 0
0 206
207 0
0 208
209 0
0 210
211 0
0 212
213 0
0 214
215 0
0 216
217 0
0 218
219 0
0 220
221 0
0 222
223 0
0 224
225 0
0 226
227 0
0 228
229 0
0 230
231 0
0 232
233 0
0 234
235 0
0 236
237 0
0 238
239 0
0 240
241 0
0 242
243 0
0 244
245 0
0 246
247 0
0 248
249 0
0 250
251 0
0 252
253 0
0 254
255 0
0 256
257 0
0 258
259 0
0 260
261 0
0 262
263 0
0 264
265 0
0 266
267 0
0 268
269 0
0 270
271 0
0 272
273 0
0 274
275 0
0 276
277 0
0 278
279 0
0 280
281 0
0 282
283 0
0 284
285 0
0 286
287 0
0 288
289 0
0 290
291 0
0 292
293 0
0 294
295 0
0 296
297 0
0 298
299 0
0 300
301 0
0 302
303 0
0 304
305 0
0 306
307 0
0 308
309 0
0 310
311 0
0 312
313 0
0 314
315 0
0 316
317 0
0 318
319 0
0 320
321 0
0 322
323 0
0 324
325 0
0 326
327 0
0 328
329 0
0 330
331 0
0 332
333 0
0 334
335 0
0 336
337 0
0 338
339 0
0 340
341 0
0 342
343 0
0 344
345 0
0 346
347 0
0 348
349 0
0 350
351 0
0 352
353 0
0 354
355 0
0 356
357 0
0 358
359 0
0 360
361 0
0 362
363 0
0 364
365 0
0 366
367 0
0 368
369 0
0 370
371 0
0 372
373 0
0 374
375 0
0 376
377 0
0 378
379 0
0 380
381 0
0 382
383 0
0 384
385 0
0 386
387 0
0 388
389 0
0 390
391 0
0 392
393 0
0 394
395 0
0 396
397 0
0 398
399 0
0 400
401 0
0 402
403 0
0 404
405 0
0 406
407 0
0 408
409 0
0 410
411 0
0 412
413 0
0 414
415 0
0 416
417 0
0 418
419 0
0 420
421 0
0 422
423 0
0 424
425 0
0 426
427 0
0 428
429 0
0 430
431 0
0 432
433 0
0 434
435 0
0 436
437 0
0 438
439 0
0 440
441 0
0 442
443 0
0 444
445 0
0 446
447 0
0 448
449 0
0 450
451 0
0 452
453 0
0 454
455 0
0 456
457 0
0 458
459 0
0 460
461 0
0 462
463 0
0 464
465 0
0 466
467 0
0 468
469 0
0 470
471 0
0 472
473 0
0 474
475 0
0 476
477 0
0 478
479 0
0 480
481 0
0 482
483 0
0 484
485 0
0 486
487 0
0 488
489 0
0 490
491 0
0 492
493 0
0 494
495 0
0 496
497 0
0 498
499 0
0 500
501 0
0 502
503 0
0 504
505 0
0 506
507 0
0 508
509 0
0 510
511 0
0 512
513 0
0 514
515 0
0 516
517 0
0 518
519 0
0 520
521 0
0 522
523 0
0 524
525 0
0 526
527 0
0 528
529 0
0 530
531 0
0 532
533 0
0 534
535 0
0 536
537 0
0 538
539 0
0 540
541 0
0 542
543 0
0 544
545 0
0 546
547 0
0 548
549 0
0 550
551 0
0 552
553 0
0 554
555 0
0 556
557 0
0 558
559 0
0 560
561 0
0 562
563 0
0 564
565 0
0 566
567 0
0 568
569 0
0 570
571 0
0 572
573 0
0 574
575 0
0 576
577 0
0 578
579 0
0 580
581 0
0 582
583 0
0 584
585 0
0 586
587 0
0 588
589 0
0 590
591 0
0 592
593 0
0 594
595 0
0 596
597 0
0 598
599 0
0 600
601 0
0 602
603 0
0 604
605 0
0 606
607 0
0 608
609 0
0 610
611 0
0 612
613 0
0 614
615 0
0 616
617 0
0 618
619 0
0 620
621 0
0 622
623 0
0 624
625 0
0 626
627 0
0 628
629 0
0 630
631 0
0 632
633 0
0 634
635 0
0 636
637 0
0 638
639 0
0 640
641 0
0 642
643 0
0 644
645 0
0 646
647 0
0 648
649 0
0 650
651 0
0 652
653 0
0 654
655 0
0 656
657 0
0 658
659 0
0 660
661 0
0 662
663 0
0 664
665 0
0 666
667 0
0 668
669 0
0 670
671 0
0 672
673 0
0 674
675 0
0 676
677 0
0 678
679 0
0 680
681 0
0 682
683 0
0 684
685 0
0 686
687 0
0 688
689 0
0 690
691 0
0 692
693 0
0 694
695 0
0 696
697 0
0 698
699 0
0 700
701 0
0 702
703 0
0 704
705 0
0 706
707 0
0 708
709 0
0 710
711 0
0 712
713 0
0 714
715 0
0 716
717 0
0 718
719 0
0 720
721 0
0 722
723 0
0 724
725 0
0 726
727 0
0 728
729 0
0 730
731 0
0 732
733 0
0 734
735 0
0 736
737 0
0 738
739 0
0 740
741 0
0 742
743 0
0 744
745 0
0 746
747 0
0 748
749 0
0 750
751 0
0 752
753 0
0 754
755 0
0 756
757 0
0 758
759 0
0 760
761 0
0 762
763 0
0 764
765 0
0 766
767 0
0 768
769 0
0 770
771 0
0 772
773 0
0 774
775 0
0 776
777 0
0 778
779 0
0 780
781 0
0 782
783 0
0 784
785 0
0 786
787 0
0 788
789 0
0 790
791 0
0 792
793 0
0 794
795 0
0 796
797 0
0 798
799 0
0 800
801 0
0 802
803 0
0 804
805 0
0 806
807 0
0 808
809 0
0 810
811 0
0 812
813 0
0 814
815 0
0 816
817 0
0 818
819 0
0 820
821 0
0 822
823 0
0 824
825 0
0 826
827 0
0 828
829 0
0 830
831 0
0 832
833 0
0 834
835 0
0 836
837 0
0 838
839 0
0 840
841 0
0 842
843 0
0 844
845 0
0 846
847 0
0 848
849 0
0 850
851 0
0 852
853 0
0 854
855 0
0 856
857 0
0 858
859 0
0 860
861 0
0 862
863 0
0 864
865 0
0 866
867 0
0 868
869 0
0 870
871 0
0 872
873 0
0 874
875 0
0 876
877 0
0 878
879 0
0 880
881 0
0 882
883 0
0 884
885 0
0 886
887 0
0 888
889 0
0 890
891 0
0 892
893 0
0 894
895 0
0 896
897 0
0 898
899 0
0 900
901 0
0 902
903 0
0 904
905 0
0 906
907 0
0 908
909 0
0 910
911 0
0 912
913 0
0 914
915 0
0 916
917 0
0 918
919 0
0 920
921 0
0 922
923 0
0 924
925 0
0 926
927 0
0 928
929 0
0 930
931 0
0 932
933 0
0 934
935 0
0 936
937 0
0 938
939 0
0 940
941 0
0 942
943 0
0 944
945 0
0 946
947 0
0 948
949 0
0 950
951 0
0 952
953 0
0 954
955 0
0 956
957 0
0 958
959 0
0 960
961 0
0 962
963 0
0 964
965 0
0 966
967 0
0 968
969 0
0 970
971 0
0 972
973 0
0 974
975 0
0 976
977 0
0 978
979 0
0 980
981 0
0 982
983 0
0 984
985 0
0 986
987 0
0 988
989 0
0 990
991 0
0 992
993 0
0 994
995 0
0 996
997 0
0 998
999 0
0 1000
1001 0
0 1002
1003 0
0 1004
1005 0
0 1006
1007 0
0 1008
1009 0
0 1010
1011 0
0 1012
1013 0
0 1014
1015 0
0 1016
1017 0
0 1018
1019 0
0 1020
1021 0
0 1022
1023 0
0 1024
1025 0
0 1026
1027 0
0 1028
1029 0
0 1030
1031 0
0 1032
1033 0
0 1034
1035 0
0 1036
1037 0
0 1038
1039 0
0 1040
1041 0
0 1042
1043 0
0 1044
1045 0
0 1046
1047 0
0 1048
1049 0
0 1050
1051 0
0 1052
1053 0
0 1054
1055 0
0 1056
1057 0
0 1058
1059 0
0 1060
1061 0
0 1062
1063 0
0 1064
1065 0
0 1066
1067 0
0 1068
1069 0
0 1070
1071 0
0 1072
1073 0
0 1074
1075 0
0 1076
1077 0
0 1078
1079 0
0 1080
1081 0
0 1082
1083 0
0 1084
1085 0
0 1086
1087 0
0 1088
1089 0
0 1090
1091 0
0 1092
1093 0
0 1094
1095 0
0 1096
1097 0
0 1098
1099 0
0 1100
1101 0
0 1102
1103 0
0 1104
1105 0
0 1106
1107 0
0 1108
1109 0
0 1110
1111 0
0 1112
1113 0
0 1114
1115 0
0 1116
1117 0
0 1118
1119 0
0 1120
1121 0
0 1122
1123 0
0 1124
1125 0
0 1126
1127 0
0 1128
1129 0
0 1130
1131 0
0 1132
1133 0
0 1134
1135 0
0 1136
1137 0
0 1138
1139 0
0 1140
1141 0
0 1142
1143 0
0 1144
1145 0
0 1146
1147 0
0 1148
1149 0
0 1150
1151 0
0 1152
1153 0
0 1154
1155 0
0 1156
1157 0
0 1158
1159 0
0 1160
1161 0
0 1162
1163 0
0 1164
1165 0
0 1166
1167 0
0 1168
1169 0
0 1170
1171 0
0 1172
1173 0
0 1174
1175 0
0 1176
1177 0
0 1178
1179 0
0 1180
1181 0
0 1182
1183 0
0 1184
1185 0
0 1186
1187 0
0 1188
1189 0
0 1190
1191 0
0 1192
1193 0
0 1194
1195 0
0 1196
1197 0
0 1198
1199 0
0 1200
1201 0
0 1202
1203 0
0 1204
1205 0
0 1206
1207 0
0 1208
1209 0
0 1210
1211 0
0 1212
1213 0
0 1214
1215 0
0 1216
1217 0
0 1218
1219 0
0 1220
1221 0
0 1222
1223 0
0 1224
1225 0
0 1226
1227 0
0 1228
1229 0
0 1230
1231 0
0 1232
1233 0
0 1234
1235 0
0 1236
1237 0
0 1238
1239 0
0 1240
1241 0
0 1242
1243 0
0 1244
1245 0
0 1246
1247 0
0 1248
1249 0
0 1250
1251 0
0 1252
1253 0
0 1254
1255 0
0 1256
1257 0
0 1258
1259 0
0 1260
1261 0
0 1262
1263 0
0 1264
1265 0
0 1266
1267 0
0 1268
1269 0
0 1270
1271 0
0 1272
1273 0
0 1274
1275 0
0 1276
1277 0
0 1278
1279 0
0 1280
1281 0
0 1282
1283 0
0 1284
1285 0
0 1286
1287 0
0 1288
1289 0
0 1290
1291 0
0 1292
1293 0
0 1294
1295 0
0 1296
1297 0
0 1298
1299 0
0 1300
1301 0
0 1302
1303 0
0 1304
1305 0
0 1306
1307 0
0 1308
1309 0
0 1310
1311 0
0 1312
1313 0
0 1314
1315 0
0 1316
1317 0
0 1318
1319 0
0 1320
1321 0
0 1322
1323 0
0 1324
1325 0
0 1326
1327 0
0 1328
1329 0
0 1330
1331 0
0 1332
1333 0
0 1334
1335 0
0 1336
1337 0
0 1338
1339 0
0 1340
1341 0
0 1342
1343 0
0 1344
1345 0
0 1346
1347 0
0 1348
1349 0
0 1350
1351 0
0 1352
1353 0
0 1354
1355 0
0 1356
1357 0
0 1358
1359 0
0 1360
1361 0
0 1362
1363 0
0 1364
1365 0
0 1366
1367 0
0 1368
1369 0
0 1370
1371 0
0 1372
1373 0
0 1374
1375 0
0 1376
1377 0
0 1378
1379 0
0 1380
1381 0
0 1382
1383 0
0 1384
1385 0
0 1386
1387 0
0 1388
1389 0
0 1390
1391 0
0 1392
1393 0
0 1394
1395 0
0 1396
1397 0
0 1398
1399 0
0 1400
1401 0
0 1402
1403 0
0 1404
1405 0
0 1406
1407 0
0 1408
1409 0
0 1410
1411 0
0 1412
1413 0
0 1414
1415 0
0 1416
1417 0
0 1418
1419 0
0 1420
1421 0
0 1422
1423 0
0 1424
1425 0
0 1426
1427 0
0 1428
1429 0
0 1430
1431 0
0 1432
1433 0
0 1434
1435 0
0 1436
1437 0
0 1438
1439 0
0 1440
1441 0
0 1442
1443 0
0 1444
1445 0
0 1446
1447 0
0 1448
1449 0
0 1450
1451 0
0 1452
1453 0
0 1454
1455 0
0 1456
1457 0
0 1458
1459 0
0 1460
1461 0
0 1462
1463 0
0 1464
1465 0
0 1466
1467 0
0 1468
1469 0
0 1470
1471 0
0 1472
1473 0
0 1474
1475 0
0 1476
1477 0
0 1478
1479 0
0 1480
1481 0
0 1482
1483 0
0 1484
1485 0
0 1486
1487 0
0 1488
1489 0
0 1490
1491 0
0 1492
1493 0
0 1494
1495 0
0 1496
1497 0
0 1498
1499 0
0 1500
1501 0
0 1502
1503 0
0 1504
1505 0
0 1506
1507 0
0 1508
1509 0
0 1510
1511 0
0 1512
1513 0
0 1514
1515 0
0 1516
1517 0
0 1518
1519 0
0 1520
1521 0
0 1522
1523 0
0 1524
1525 0
0 1526
1527 0
0 1528
1529 0
0 1530
1531 0
0 1532
1533 0
0 1534
1535 0
0 1536
1537 0
0 1538
1539 0
0 1540
1541 0
0 1542
1543 0
0 1544
1545 0
0 1546
1547 0
0 1548
1549 0
0 1550
1551 0
0 1552
1553 0
0 1554
1555 0
0 1556
1557 0
0 1558
1559 0
0 1560
1561 0
0 1562
1563 0
0 1564
1565 0
0 1566
1567 0
0 1568
1569 0
0 1570
1571 0
0 1572
1573 0
0 1574
1575 0
0 1576
1577 0
0 1578
1579 0
0 1580
1581 0
0 1582
1583 0
0 1584
1585 0
0 1586
1587 0
0 1588
1589 0
0 1590
1591 0
0 1592
1593 0
0 1594
1595 0
0 1596
1597 0
0 1598
1599 0
0 1600
1601 0
0 1602
1603 0
0 1604
1605 0
0 1606
1607 0
0 1608
1609 0
0 1610
1611 0
0 1612
1613 0
0 1614
1615 0
0 1616
1617 0
0 1618
1619 0
0 1620
1621 0
0 1622
1623 0
0 1624
1625 0
0 1626
1627 0
0 1628
1629 0
0 1630
1631 0
0 1632
1633 0
0 1634
1635 0
0 1636
1637 0
0 1638
1639 0
0 1640
1641 0
0 1642
1643 0
0 1644
1645 0
0 1646
1647 0
0 1648
1649 0
0 1650
1651 0
0 1652
1653 0
0 1654
1655 0
0 1656
1657 0
0 1658
1659 0
0 1660
1661 0
0 1662
1663 0
0 1664
1665 0
0 1666
1667 0
0 1668
1669 0
0 1670
1671 0
0 1672
1673 0
0 1674
1675 0
0 1676
1677 0
0 1678
1679 0
0 1680
1681 0
0 1682
1683 0
0 1684
1685 0
0 1686
1687 0
0 1688
1689 0
0 1690
1691 0
0 1692
1693 0
0 1694
1695 0
0 1696
1697 0
0 1698
1699 0
0 1700
1701 0
0 1702
1703 0
0 1704
1705 0
0 1706
1707 0
0 1708
1709 0
0 1710
1711 0
0 1712
1713 0
0 1714
1715 0
0 1716
1717 0
0 1718
1719 0
0 1720
1721 0
0 1722
1723 0
0 1724
1725 0
0 1726
1727 0
0 1728
1729 0
0 1730
1731 0
0 1732
1733 0
0 1734
1735 0
0 1736
1737 0
0 1738
1739 0
0 1740
1741 0
0 1742
1743 0
0 1744
1745 0
0 1746
1747 0
0 1748
1749 0
0 1750
1751 0
0 1752
1753 0
0 1754
1755 0
0 1756
1757 0
0 1758
1759 0
0 1760
1761 0
0 1762
1763 0
0 1764
1765 0
0 1766
1767 0
0 1768
1769 0
0 1770
1771 0
0 1772
1773 0
0 1774
1775 0
0 1776
1777 0
0 1778
1779 0
0 1780
1781 0
0 1782
1783 0
0 1784
1785 0
0 1786
1787 0
0 1788
1789 0
0 1790
1791 0
0 1792
1793 0
0 1794
1795 0
0 1796
1797 0
0 1798
1799 0
0 1800
1801 0
0 1802
1803 0
0 1804
1805 0
0 1806
1807 0
0 1808
1809 0
0 1810
1811 0
0 1812
1813 0
0 1814
1815 0
0 1816
1817 0
0 1818
1819 0
0 1820
1821 0
0 1822
1823 0
0 1824
1825 0
0 1826
1827 0
0 1828
1829 0
0 1830
1831 0
0 1832
1833 0
0 1834
1835 0
0 1836
1837 0
0 1838
1839 0
0 1840
1841 0
0 1842
1843 0
0 1844
1845 0
0 1846
1847 0
0 1848
1849 0
0 1850
1851 0
0 1852
1853 0
0 1854
1855 0
0 1856
1857 0
0 1858
1859 0
0 1860
1861 0
0 1862
1863 0
0 1864
1865 0
0 1866
1867 0
0 1868
1869 0
0 1870
1871 0
0 1872
1873 0
0 1874
1875 0
0 1876
1877 0
0 1878
1879 0
0 1880
1881 0
0 1882
1883 0
0 1884
1885 0
0 1886
1887 0
0 1888
1889 0
0 1890
1891 0
0 1892
1893 0
0 1894
1895 0
0 1896
1897 0
0 1898
1899 0
0 1900
1901 0
0 1902
1903 0
0 1904
1905 0
0 1906
1907 0
0 1908
1909 0
0 1910
1911 0
0 1912
1913 0
0 1914
1915 0
0 1916
1917 0
0 1918
1919 0
0 1920
1921 0
0 1922
1923 0
0 1924
1925 0
0 1926
1927 0
0 1928
1929 0
0 1930
1931 0
0 1932
1933 0
0 1934
1935 0
0 1936
1937 0
0 1938
1939 0
0 1940
1941 0
0 1942
1943 0
0 1944
1945 0
0 1946
1947 0
0 1948
1949 0
0 1950
1951 0
0 1952
1953 0
0 1954
1955 0
0 1956
1957 0
0 1958
1959 0
0 1960
1961 0
0 1962
1963 0
0 1964
1965 0
0 1966
1967 0
0 1968
1969 0
0 1970
1971 0
0 1972
1973 0
0 1974
1975 0
0 1976
1977 0
0 1978
1979 0
0 1980
1981 0
0 1982
1983 0
0 1984
1985 0
0 1986
1987 0
0 1988
1989 0
0 1990
1991 0
0 1992
1993 0
0 1994
1995 0
0 1996
1997 0
0 1998
1999 0
0 2000
1 0
0 2
3 0
0 4
5 0
0 6
7 0
0 8
9 0
0 10
11 0
0 12
13 0
0 14
15 0
0 16
17 0
0 18
19 0
0 20
21 0
0 22
23 0
0 24
25 0
0 26
27 0
0 28
29 0
0 30
31 0
0 32
33 0
0 34
35 0
0 36
37 0
0 38
39 0
0 40
41 0
0 42
43 0
0 44
45 0
0 46
47 0
0 48
49 0
0 50
51 0
0 52
53 0
0 54
55 0
0 56
57 0
0 58
59 0
0 60
61 0
0 62
63 0
0 64
65 0
0 66
67 0
0 68
69 0
0 70
71 0
0 72
73 0
0 74
75 0
0 76
77 0
0 78
79 0
0 80
81 0
0 82
83 0
0 84
85 0
0 86
87 0
0 88
89 0
0 90
91 0
0 92
93 0
0 94
95 0
0 96
97 0
0 98
99 0
0 100
101 0
0 102
103 0
0 104
105 0
0 106
107 0
0 108
109 0
0 110
111 0
0 112
113 0
0 114
115 0
0 116
117 0
0 118
119 0
0 120
121 0
0 122
123 0
0 124
125 0
0 126
127 0
0 128
129 0
0 130
131 0
0 132
133 0
0 134
135 0
0 136
137 0
0 138
139 0
0 140
141 0
0 142
143 0
0 144
145 0
0 146
147 0
0 148
149 0
0 150
151 0
0 152
153 0
0 154
155 0
0 156
157 0
0 158
159 0
0 160
161 0
0 162
163 0
0 164
165 0
0 166
167 0
0 168
169 0
0 170
171 0
0 172
173 0
0 174
175 0
0 176
177 0
0 178
179 0
0 180
181 0
0 182
183 0
0 184
185 0
0 186
187 0
0 188
189 0
0 190
191 0
0 192
193 0
0 194
195 0
0 196
197 0
0 198
199 0
0 200
201 0
0 202
203 0
0 204
205 0
0 206
207 0
0 208
209 0
0 210
211 0
0 212
213 0
0 214
215 0
0 216
217 0
0 218
219 0
0 220
221 0
0 222
223 0
0 224
225 0
0 226
227 0
0 228
229 0
0 230
231 0
0 232
233 0
0 234
235 0
0 236
237 0
0 238
239 0
0 240
241 0
0 242
243 0
0 244
245 0
0 246
247 0
0 248
249 0
0 250
251 0
0 252
253 0
0 254
255 0
0 256
257 0
0 258
259 0
0 260
261 0
0 262
263 0
0 264
265 0
0 266
267 0
0 268
269 0
0 270
271 0
0 272
273 0
0 274
275 0
0 276
277 0
0 278
279 0
0 280
281 0
0 282
283 0
0 284
285 0
0 286
287 0
0 288
289 0
0 290
291 0
0 292
293 0
0 294
295 0
0 296
297 0
0 298
299 0
0 300
301 0
0 302
303 0
0 304
305 0
0 306
307 0
0 308
309 0
0 310
311 0
0 312
313 0
0 314
315 0
0 316
317 0
0 318
319 0
0 320
321 0
0 322
323 0
0 324
325 0
0 326
327 0
0 328
329 0
0 330
331 0
0 332
333 0
0 334
335 0
0 336
337 0
0 338
339 0
0 340
341 0
0 342
343 0
0 344
345 0
0 346
347 0
0 348
349 0
0 350
351 0
0 352
353 0
0 354
355 0
0 356
357 0
0 358
359 0
0 360
361 0
0 362
363 0
0 364
365 0
0 366
367 0
0 368
369 0
0 370
371 0
0 372
373 0
0 374
375 0
0 376
377 0
0 378
379 0
0 380
381 0
0 382
383 0
0 384
385 0
0 386
387 0
0 388
389 0
0 390
391 0
0 392
393 0
0 394
395 0
0 396
397 0
0 398
399 0
0 400
401 0
0 402
403 0
0 404
405 0
0 406
407 0
0 408
409 0
0 410
411 0
0 412
413 0
0 414
415 0
0 416
417 0
0 418
419 0
0 420
421 0
0 422
423 0
0 424
425 0
0 426
427 0
0 428
429 0
0 430
431 0
0 432
433 0
0 434
435 0
0 436
437 0
0 438
439 0
0 440
441 0
0 442
443 0
0 444
445 0
0 446
447 0
0 448
449 0
0 450
451 0
0 452
453 0
0 454
455 0
0 456
457 0
0 458
459 0
0 460
461 0
0 462
463 0
0 464
465 0
0 466
467 0
0 468
469 0
0 470
471 0
0 472
473 0
0 474
475 0
0 476
477 0
0 478
479 0
0 480
481 0
0 482
483 0
0 484
485 0
0 486
487 0
0 488
489 0
0 490
491 0
0 492
493 0
0 494
495 0
0 496
497 0
0 498
499 0
0 500
501 0
0 502
503 0
0 504
505 0
0 506
507 0
0 508
509 0
0 510
511 0
0 512
513 0
0 514
515 0
0 516
517 0
0 518
519 0
0 520
521 0
0 522
523 0
0 524
525 0
0 526
527 0
0 528
529 0
0 530
531 0
0 532
533 0
0 534
535 0
0 536
537 0
0 538
539 0
0 540
541 0
0 542
543 0
0 544
545 0
0 546
547 0
0 548
549 0
0 550
551 0
0 552
553 0
0 554
555 0
0 556
557 0
0 558
559 0
0 560
561 0
0 562
563 0
0 564
565 0
0 566
567 0
0 568
569 0
0 570
571 0
0 572
573 0
0 574
575 0
0 576
577 0
0 578
579 0
0 580
581 0
0 582
583 0
0 584
585 0
0 586
587 0
0 588
589 0
0 590
591 0
0 592
593 0
0 594
595 0
0 596
597 0
0 598
599 0
0 600
601 0
0 602
603 0
0 604
605 0
0 606
607 0
0 608
609 0
0 610
611 0
0 612
613 0
0 614
615 0
0 616
617 0
0 618
619 0
0 620
621 0
0 622
623 0
0 624
625 0
0 626
627 0
0 628
629 0
0 630
631 0
0 632
633 0
0 634
635 0
0 636
637 0
0 638
639 0
0 640
641 0
0 642
643 0
0 644
645 0
0 646
647 0
0 648
649 0
0 650
651 0
0 652
653 0
0 654
655 0
0 656
657 0
0 658
659 0
0 660
661 0
0 662
663 0
0 664
665 0
0 666
667 0
0 668
669 0
0 670
671 0
0 672
673 0
0 674
675 0
0 676
677 0
0 678
679 0
0 680
681 0
0 682
683 0
0 684
685 0
0 686
687 0
0 688
689 0
0 690
691 0
0 692
693 0
0 694
695 0
0 696
697 0
0 698
699 0
0 700
701 0
0 702
703 0
0 704
705 0
0 706
707 0
0 708
709 0
0 710
711 0
0 712
713 0
0 714
715 0
0 716
717 0
0 718
719 0
0 720
721 0
0 722
723 0
0 724
725 0
0 726
727 0
0 728
729 0
0 730
731 0
0 732
733 0
0 734
735 0
0 736
737 0
0 738
739 0
0 740
741 0
0 742
743 0
0 744
745 0
0 746
747 0
0 748
749 0
0 750
751 0
0 752
753 0
0 754
755 0
0 756
757 0
0 758
759 0
0 760
761 0
0 762
763 0
0 764
765 0
0 766
767 0
0 768
769 0
0 770
771 0
0 772
773 0
0 774
775 0
0 776
777 0
0 778
779 0
0 780
781 0
0 782
783 0
0 784
785 0
0 786
787 0
0 788
789 0
0 790
791 0
0 792
793 0
0 794
795 0
0 796
797 0
0 798
799 0
0 800
801 0
0 802
803 0
0 804
805 0
0 806
807 0
0 808
809 0
0 810
811 0
0 812
813 0
0 814
815 0
0 816
817 0
0 818
819 0
0 820
821 0
0 822
823 0
0 824
825 0
0 826
827 0
0 828
829 0
0 830
831 0
0 832
833 0
0 834
835 0
0 836
837 0
0 838
839 0
0 840
841 0
0 842
843 0
0 844
845 0
0 846
847 0
0 848
849 0
0 850
851 0
0 852
853 0
0 854
855 0
0 856
857 0
0 858
859 0
0 860
861 0
0 862
863 0
0 864
865 0
0 866
867 0
0 868
869 0
0 870
871 0
0 872
873 0
0 874
875 0
0 876
877 0
0 878
879 0
0 880
881 0
0 882
883 0
0 884
885 0
0 886
887 0
0 888
889 0
0 890
891 0
0 892
893 0
0 894
895 0
0 896
897 0
0 898
899 0
0 900
901 0
0 902
903 0
0 904
905 0
0 906
907 0
0 908
909 0
0 910
911 0
0 912
913 0
0 914
915 0
0 916
917 0
0 918
919 0
0 920
921 0
0 922
923 0
0 924
925 0
0 926
927 0
0 928
929 0
0 930
931 0
0 932
933 0
0 934
935 0
0 936
937 0
0 938
939 0
0 940
941 0
0 942
943 0
0 944
945 0
0 946
947 0
0 948
949 0
0 950
951 0
0 952
953 0
0 954
955 0
0 956
957 0
0 958
959 0
0 960
961 0
0 962
963 0
0 964
965 0
0 966
967 0
0 968
969 0
0 970
971 0
0 972
973 0
0 974
975 0
0 976
977 0
0 978
979 0
0 980
981 0
0 982
983 0
0 984
985 0
0 986
987 0
0 988
989 0
0 990
991 0
0 992
993 0
0 994
995 0
0 996
997 0
0 998
999 0
0 1000
1001 0
0 1002
1003 0
0 1004
1005 0
0 1006
1007 0
0 1008
1009 0
0 1010
1011 0
0 1012
1013 0
0 1014
1015 0
0 1016
1017 0
0 1018
1019 0
0 1020
1021 0
0 1022
1023 0
0 1024
1025 0
0 1026
1027 0
0 1028
1029 0
0 1030
1031 0
0 1032
1033 0
0 1034
1035 0
0 1036
1037 0
0 1038
1039 0
0 1040
1041 0
0 1042
1043 0
0 1044
1045 0
0 1046
1047 0
0 1048
1049 0
0 1050
1051 0
0 1052
1053 0
0 1054
1055 0
0 1056
1057 0
0 1058
1059 0
0 1060
1061 0
0 1062
1063 0
0 1064
1065 0
0 1066
1067 0
0 1068
1069 0
0 1070
1071 0
0 1072
1073 0
0 1074
1075 0
0 1076
1077 0
0 1078
1079 0
0 1080
1081 0
0 1082
1083 0
0 1084
1085 0
0 1086
1087 0
0 1088
1089 0
0 1090
1091 0
0 1092
1093 0
0 1094
1095 0
0 1096
1097 0
0 1098
1099 0
0 1100
1101 0
0 1102
1103 0
0 1104
1105 0
0 1106
1107 0
0 1108
1109 0
0 1110
1111 0
0 1112
1113 0
0 1114
1115 0
0 1116
1117 0
0 1118
1119 0
0 1120
1121 0
0 1122
1123 0
0 1124
1125 0
0 1126
1127 0
0 1128
1129 0
0 1130
1131 0
0 1132
1133 0
0 1134
1135 0
0 1136
1137 0
0 1138
1139 0
0 1140
1141 0
0 1142
1143 0
0 1144
1145 0
0 1146
1147 0
0 1148
1149 0
0 1150
1151 0
0 1152
1153 0
0 1154
1155 0
0 1156
1157 0
0 1158
1159 0
0 1160
1161 0
0 1162
1163 0
0 1164
1165 0
0 1166
1167 0
0 1168
1169 0
0 1170
1171 0
0 1172
1173 0
0 1174
1175 0
0 1176
1177 0
0 1178
1179 0
0 1180
1181 0
0 1182
1183 0
0 1184
1185 0
0 1186
1187 0
0 1188
1189 0
0 1190
1191 0
0 1192
1193 0
0 1194
1195 0
0 1196
1197 0
0 1198
1199 0
0 1200
1201 0
0 1202
1203 0
0 1204
1205 0
0 1206
1207 0
0 1208
1209 0
0 1210
1211 0
0 1212
1213 0
0 1214
1215 0
0 1216
1217 0
0 1218
1219 0
0 1220
1221 0
0 1222
1223 0
0 1224
1225 0
0 1226
1227 0
0 1228
1229 0
0 1230
1231 0
0 1232
1233 0
0 1234
1235 0
0 1236
1237 0
0 1238
1239 0
0 1240
1241 0
0 1242
1243 0
0 1244
1245 0
0 1246
1247 0
0 1248
1249 0
0 1250
1251 0
0 1252
1253 0
0 1254
1255 0
0 1256
1257 0
0 1258
1259 0
0 1260
1261 0
0 1262
1263 0
0 1264
1265 0
0 1266
1267 0
0 1268
1269 0
0 1270
1271 0
0 1272
1273 0
0 1274
1275 0
0 1276
1277 0
0 1278
1279 0
0 1280
1281 0
0 1282
1283 0
0 1284
1285 0
0 1286
1287 0
0 1288
1289 0
0 1290
1291 0
0 1292
1293 0
0 1294
1295 0
0 1296
1297 0
0 1298
1299 0
0 1300
1301 0
0 1302
1303 0
0 1304
1305 0
0 1306
1307 0
0 1308
1309 0
0 1310
1311 0
0 1312
1313 0
0 1314
1315 0
0 1316
1317 0
0 1318
1319 0
0 1320
1321 0
0 1322
1323 0
0 1324
1325 0
0 1326
1327 0
0 1328
1329 0
0 1330
1331 0
0 1332
1333 0
0 1334
1335 0
0 1336
1337 0
0 1338
1339 0
0 1340
1341 0
0 1342
1343 0
0 1344
1345 0
0 1346
1347 0
0 1348
1349 0
0 1350
1351 0
0 1352
1353 0
0 1354
1355 0
0 1356
1357 0
0 1358
1359 0
0 1360
1361 0
0 1362
1363 0
0 1364
1365 0
0 1366
1367 0
0 1368
1369 0
0 1370
1371 0
0 1372
1373 0
0 1374
1375 0
0 1376
1377 0
0 1378
1379 0
0 1380
1381 0
0 1382
1383 0
0 1384
1385 0
0 1386
1387 0
0 1388
1389 0
0 1390
1391 0
0 1392
1393 0
0 1394
1395 0
0 1396
1397 0
0 1398
1399 0
0 1400
1401 0
0 1402
1403 0
0 1404
1405 0
0 1406
1407 0
0 1408
1409 0
0 1410
1411 0
0 1412
1413 0
0 1414
1415 0
0 1416
1417 0
0 1418
1419 0
0 1420
1421 0
0 1422
1423 0
0 1424
1425 0
0 1426
1427 0
0 1428
1429 0
0 1430
1431 0
0 1432
1433 0
0 1434
1435 0
0 1436
1437 0
0 1438
1439 0
0 1440
1441 0
0 1442
1443 0
0 1444
1445 0
0 1446
1447 0
0 1448
1449 0
0 1450
1451 0
0 1452
1453 0
0 1454
1455 0
0 1456
1457 0
0 1458
1459 0
0 1460
1461 0
0 1462
1463 0
0 1464
1465 0
0 1466
1467 0
0 1468
1469 0
0 1470
1471 0
0 1472
1473 0
0 1474
1475 0
0 1476
1477 0
0 1478
1479 0
0 1480
1481 0
0 1482
1483 0
0 1484
1485 0
0 1486
1487 0
0 1488
1489 0
0 1490
1491 0
0 1492
1493 0
0 1494
1495 0
0 1496
1497 0
0 1498
1499 0
0 1500
1501 0
0 1502
1503 0
0 1504
1505 0
0 1506
1507 0
0 1508
1509 0
0 1510
1511 0
0 1512
1513 0
0 1514
1515 0
0 1516
1517 0
0 1518
1519 0
0 1520
1521 0
0 1522
1523 0
0 1524
1525 0
0 1526
1527 0
0 1528
1529 0
0 1530
1531 0
0 1532
1533 0
0 1534
1535 0
0 1536
1537 0
0 1538
1539 0
0 1540
1541 0
0 1542
1543 0
0 1544
1545 0
0 1546
1547 0
0 1548
1549 0
0 1550
1551 0
0 1552
1553 0
0 1554
1555 0
0 1556
1557 0
0 1558
1559 0
0 1560
1561 0
0 1562
1563 0
0 1564
1565 0
0 1566
1567 0
0 1568
1569 0
0 1570
1571 0
0 1572
1573 0
0 1574
1575 0
0 1576
1577 0
0 1578
1579 0
0 1580
1581 0
0 1582
1583 0
0 1584
1585 0
0 1586
1587 0
0 1588
1589 0
0 1590
1591 0
0 1592
1593 0
0 1594
1595 0
0 1596
1597 0
0 1598
1599 0
0 1600
1601 0
0 1602
1603 0
0 1604
1605 0
0 1606
1607 0
0 1608
1609 0
0 1610
1611 0
0 1612
1613 0
0 1614
1615 0
0 1616
1617 0
0 1618
1619 0
0 1620
1621 0
0 1622
1623 0
0 1624
1625 0
0 1626
1627 0
0 1628
1629 0
0 1630
1631 0
0 1632
1633 0
0 1634
1635 0
0 1636
1637 0
0 1638
1639 0
0 1640
1641 0
0 1642
1643 0
0 1644
1645 0
0 1646
1647 0
0 1648
1649 0
0 1650
1651 0
0 1652
1653 0
0 1654
1655 0
0 1656
1657 0
0 1658
1659 0
0 1660
1661 0
0 1662
1663 0
0 1664
1665 0
0 1666
1667 0
0 1668
1669 0
0 1670
1671 0
0 1672
1673 0
0 1674
1675 0
0 1676
1677 0
0 1678
1679 0
0 1680
1681 0
0 1682
1683 0
0 1684
1685 0
0 1686
1687 0
0 1688
1689 0
0 1690
1691 0
0 1692
1693 0
0 1694
1695 0
0 1696
1697 0
0 1698
1699 0
0 1700
1701 0
0 1702
1703 0
0 1704
1705 0
0 1706
1707 0
0 1708
1709 0
0 1710
1711 0
0 1712
1713 0
0 1714
1715 0
0 1716
1717 0
0 1718
1719 0
0 1720
1721 0
0 1722
1723 0
0 1724
1725 0
0 1726
1727 0
0 1728
1729 0
0 1730
1731 0
0 1732
1733 0
0 1734
1735 0
0 1736
1737 0
0 1738
1739 0
0 1740
1741 0
0 1742
1743 0
0 1744
1745 0
0 1746
1747 0
0 1748
1749 0
0 1750
1751 0
0 1752
1753 0
0 1754
1755 0
0 1756
1757 0
0 1758
1759 0
0 1760
1761 0
0 1762
1763 0
0 1764
1765 0
0 1766
1767 0
0 1768
1769 0
0 1770
1771 0
0 1772
1773 0
0 1774
1775 0
0 1776
1777 0
0 1778
1779 0
0 1780
1781 0
0 1782
1783 0
0 1784
1785 0
0 1786
1787 0
0 1788
1789 0
0 1790
1791 0
0 1792
1793 0
0 1794
1795 0
0 1796
1797 0
0 1798
1799 0
0 1800
1801 0
0 1802
1803 0
0 1804
1805 0
0 1806
1807 0
0 1808
1809 0
0 1810
1811 0
0 1812
1813 0
0 1814
1815 0
0 1816
1817 0
0 1818
1819 0
0 1820
1821 0
0 1822
1823 0
0 1824
1825 0
0 1826
1827 0
0 1828
1829 0
0 1830
1831 0
0 1832
1833 0
0 1834
1835 0
0 1836
1837 0
0 1838
1839 0
0 1840
1841 0
0 1842
1843 0
0 1844
1845 0
0 1846
1847 0
0 1848
1849 0
0 1850
1851 0
0 1852
1853 0
0 1854
1855 0
0 1856
1857 0
0 1858
1859 0
0 1860
1861 0
0 1862
1863 0
0 1864
1865 0
0 1866
1867 0
0 1868
1869 0
0 1870
1871 0
0 1872
1873 0
0 1874
1875 0
0 1876
1877 0
0 1878
1879 0
0 1880
1881 0
0 1882
1883 0
0 1884
1885 0
0 1886
1887 0
0 1888
1889 0
0 1890
1891 0
0 1892
1893 0
0 1894
1895 0
0 1896
1897 0
0 1898
1899 0
0 1900
1901 0
0 1902
1903 0
0 1904
1905 0
0 1906
1907 0
0 1908
1909 0
0 1910
1911 0
0 1912
1913 0
0 1914
1915 0
0 1916
1917 0
0 1918
1919 0
0 1920
1921 0
0 1922
1923 0
0 1924
1925 0
0 1926
1927 0
0 1928
1929 0
0 1930
1931 0
0 1932
1933 0
0 1934
1935 0
0 1936
1937 0
0 1938
1939 0
0 1940
1941 0
0 1942
1943 0
0 1944
1945 0
0 1946
1947 0
0 1948
1949 0
0 1950
1951 0
0 1952
1953 0
0 1954
1955 0
0 1956
1957 0
0 1958
1959 0
0 1960
1961 0
0 1962
1963 0
0 1964
1965 0
0 1966
1967 0
0 1968
1969 0
0 1970
1971 0
0 1972
1973 0
0 1974
1975 0
0 1976
1977 0
0 1978
1979 0
0 1980
1981 0
0 1982
1983 0
0 1984
1985 0
0 1986
1987 0
0 1988
1989 0
0 1990
1991 0
0 1992
1993 0
0 1994
1995 0
0 1996
1997 0
0 1998
1999 0
0 2000
1 0
0 2
3 0
0 4
5 0
0 6
7 0
0 8
9 0
0 10
11 0
0 12
13 0
0 14
15 0
0 16
17 0
0 18
19 0
0 20
21 0
0 22
23 0
0 24
25 0
0 26
27 0
0 28
29 0
0 30
31 0
0 32
33 0
0 34
35 0
0 36
37 0
0 38
39 0
0 40
41 0
0 42
43 0
0 44
45 0
0 46
47 0
0 48
49 0
0 50
51 0
0 52
53 0
0 54
55 0
0 56
57 0
0 58
59 0
0 60
61 0
0 62
63 0
0 64
65 0
0 66
67 0
0 68
69 0
0 70
71 0
0 72
73 0
0 74
75 0
0 76
77 0
0 78
79 0
0 80
81 0
0 82
83 0
0 84
85 0
0 86
87 0
0 88
89 0
0 90
91 0
0 92
93 0
0 94
95 0
0 96
97 0
0 98
99 0
0 100
101 0
0 102
103 0
0 104
105 0
0 106
107 0
0 108
109 0
0 110
111 0
0 112
113 0
0 114
115 0
0 116
117 0
0 118
119 0
0 120
121 0
0 122
123 0
0 124
125 0
0 126
127 0
0 128
129 0
0 130
131 0
0 132
133 0
0 134
135 0
0 136
137 0
0 138
139 0
0 140
141 0
0 142
143 0
0 144
145 0
0 146
147 0
0 148
149 0
0 150
151 0
0 152
153 0
0 154
155 0
0 156
157 0
0 158
159 0
0 160
161 0
0 162
163 0
0 164
165 0
0 166
167 0
0 168
169 0
0 170
171 0
0 172
173 0
0 174
175 0
0 176
177 0
0 178
179 0
0 180
181 0
0 182
183 0
0 184
185 0
0 186
187 0
0 188
189 0
0 190
191 0
0 192
193 0
0 194
195 0
0 196
197 0
0 198
199 0
0 200
201 0
0 202
203 0
0 204
205 0
0 206
207 0
0 208
209 0
0 210
211 0
0 212
213 0
0 214
215 0
0 216
217 0
0 218
219 0
0 220
221 0
0 222
223 0
0 224
225 0
0 226
227 0
0 228
229 0
0 230
231 0
0 232
233 0
0 234
235 0
0 236
237 0
0 238
239 0
0 240
241 0
0 242
243 0
0 244
245 0
0 246
247 0
0 248
249 0
0 250
251 0
0 252
253 0
0 254
255 0
0 256
257 0
0 258
259 0
0 260
261 0
0 262
263 0
0 264
265 0
0 266
267 0
0 268
269 0
0 270
271 0
0 272
273 0
0 274
275 0
0 276
277 0
0 278
279 0
0 280
281 0
0 282
283 0
0 284
285 0
0 286
287 0
0 288
289 0
0 290
291 0
0 292
293 0
0 294
295 0
0 296
297 0
0 298
299 0
0 300
301 0
0 302
303 0
0 304
305 0
0 306
307 0
0 308
309 0
0 310
311 0
0 312
313 0
0 314
315 0
0 316
317 0
0 318
319 0
0 320
321 0
0 322
323 0
0 324
325 0
0 326
327 0
0 328
329 0
0 330
331 0
0 332
333 0
0 334
335 0
0 336
337 0
0 338
339 0
0 340
341 0
0 342
343 0
0 344
345 0
0 346
347 0
0 348
349 0
0 350
351 0
0 352
353 0
0 354
355 0
0 356
357 0
0 358
359 0
0 360
361 0
0 362
363 0
0 364
365 0
0 366
367 0
0 368
369 0
0 370
371 0
0 372
373 0
0 374
375 0
0 376
377 0
0 378
379 0
0 380
381 0
0 382
383 0
0 384
385 0
0 386
387 0
0 388
389 0
0 390
391 0
0 392
393 0
0 394
395 0
0 396
397 0
0 398
399 0
0 400
401 0
0 402
403 0
0 404
405 0
0 406
407 0
0 408
409 0
0 410
411 0
0 412
413 0
0 414
415 0
0 416
417 0
0 418
419 0
0 420
421 0
0 422
423 0
0 424
425 0
0 426
427 0
0 428
429 0
0 430
431 0
0 432
433 0
0 434
435 0
0 436
437 0
0 438
439 0
0 440
441 0
0 442
443 0
0 444
445 0
0 446
447 0
0 448
449 0
0 450
451 0
0 452
453 0
0 454
455 0
0 456
457 0
0 458
459 0
0 460
461 0
0 462
463 0
0 464
465 0
0 466
467 0
0 468
469 0
0 470
471 0
0 472
473 0
0 474
475 0
0 476
477 0
0 478
479 0
0 480
481 0
0 482
483 0
0 484
485 0
0 486
487 0
0 488
489 0
0 490
491 0
0 492
493 0
0 494
495 0
0 496
497 0
0 498
499 0
0 500
501 0
0 502
503 0
0 504
505 0
0 506
507 0
0 508
509 0
0 510
511 0
0 512
513 0
0 514
515 0
0 516
517 0
0 518
519 0
0 520
521 0
0 522
523 0
0 524
525 0
0 526
527 0
0 528
529 0
0 530
531 0
0 532
533 0
0 534
535 0
0 536
537 0
0 538
539 0
0 540
541 0
0 542
543 0
0 544
545 0
0 546
547 0
0 548
549 0
0 550
551 0
0 552
553 0
0 554
555 0
0 556
557 0
0 558
559 0
0 560
561 0
0 562
563 0
0 564
565 0
0 566
567 0
0 568
569 0
0 570
571 0
0 572
573 0
0 574
575 0
0 576
577 0
0 578
579 0
0 580
581 0
0 582
583 0
0 584
585 0
0 586
587 0
0 588
589 0
0 590
591 0
0 592
593 0
0 594
595 0
0 596
597 0
0 598
599 0
0 600
601 0
0 602
603 0
0 604
605 0
0 606
607 0
0 608
609 0
0 610
611 0
0 612
613 0
0 614
615 0
0 616
617 0
0 618
619 0
0 620
621 0
0 622
623 0
0 624
625 0
0 626
627 0
0 628
629 0
0 630
631 0
0 632
633 0
0 634
635 0
0 636
637 0
0 638
639 0
0 640
641 0
0 642
643 0
0 644
645 0
0 646
647 0
0 648
649 0
0 650
651 0
0 652
653 0
0 654
655 0
0 656
657 0
0 658
659 0
0 660
661 0
0 662
663 0
0 664
665 0
0 666
667 0
0 668
669 0
0 670
671 0
0 672
673 0
0 674
675 0
0 676
677 0
0 678
679 0
0 680
681 0
0 682
683 0
0 684
685 0
0 686
687 0
0 688
689 0
0 690
691 0
0 692
693 0
0 694
695 0
0 696
697 0
0 698
699 0
0 700
701 0
0 702
703 0
0 704
705 0
0 706
707 0
0 708
709 0
0 710
711 0
0 712
713 0
0 714
715 0
0 716
717 0
0 718
719 0
0 720
721 0
0 722
723 0
0 724
725 0
0 726
727 0
0 728
729 0
0 730
731 0
0 732
733 0
0 734
735 0
0 736
737 0
0 738
739 0
0 740
741 0
0 742
743 0
0 744
745 0
0 746
747 0
0 748
749 0
0 750
751 0
0 752
753 0
0 754
755 0
0 756
757 0
0 758
759 0
0 760
761 0
0 762
763 0
0 764
765 0
0 766
767 0
0 768
769 0
0 770
771 0
0 772
773 0
0 774
775 0
0 776
777 0
0 778
779 0
0 780
781 0
0 782
783 0
0 784
785 0
0 786
787 0
0 788
789 0
0 790
791 0
0 792
793 0
0 794
795 0
0 796
797 0
0 798
799 0
0 800
801 0
0 802
803 0
0 804
805 0
0 806
807 0
0 808
809 0
0 810
811 0
0 812
813 0
0 814
815 0
0 816
817 0
0 818
819 0
0 820
821 0
0 822
823 0
0 824
825 0
0 826
827 0
0 828
829 0
0 830
831 0
0 832
833 0
0 834
835 0
0 836
837 0
0 838
839 0
0 840
841 0
0 842
843 0
0 844
845 0
0 846
847 0
0 848
849 0
0 850
851 0
0 852
853 0
0 854
855 0
0 856
857 0
0 858
859 0
0 860
861 0
0 862
863 0
0 864
865 0
0 866
867 0
0 868
869 0
0 870
871 0
0 872
873 0
0 874
875 0
0 876
877 0
0 878
879 0
0 880
881 0
0 882
883 0
0 884
885 0
0 886
887 0
0 888
889 0
0 890
891 0
0 892
893 0
0 894
895 0
0 896
897 0
0 898
899 0
0 900
901 0
0 902
903 0
0 904
905 0
0 906
907 0
0 908
909 0
0 910
911 0
0 912
913 0
0 914
915 0
0 916
917 0
0 918
919 0
0 920
921 0
0 922
923 0
0 924
925 0
0 926
927 0
0 928
929 0
0 930
931 0
0 932
933 0
0 934
935 0
0 936
937 0
0 938
939 0
0 940
941 0
0 942
943 0
0 944
945 0
0 946
947 0
0 948
949 0
0 950
951 0
0 952
953 0
0 954
955 0
0 956
957 0
0 958
959 0
0 960
961 0
0 962
963 0
0 964
965 0
0 966
967 0
0 968
969 0
0 970
971 0
0 972
973 0
0 974
975 0
0 976
977 0
0 978
979 0
0 980
981 0
0 982
983 0
0 984
985 0
0 986
987 0
0 988
989 0
0 990
991 0
0 992
993 0
0 994
995 0
0 996
997 0
0 998
999 0
0 1000
1001 0
0 1002
1003 0
0 1004
1005 0
0 1006
1007 0
0 1008
1009 0
0 1010
1011 0
0 1012
1013 0
0 1014
1015 0
0 1016
1017 0
0 1018
1019 0
0 1020
1021 0
0 1022
1023 0
0 1024
1025 0
0 1026
1027 0
0 1028
1029 0
0 1030
1031 0
0 1032
1033 0
0 1034
1035 0
0 1036
1037 0
0 1038
1039 0
0 1040
1041 0
0 1042
1043 0
0 1044
1045 0
0 1046
1047 0
0 1048
1049 0
0 1050
1051 0
0 1052
1053 0
0 1054
1055 0
0 1056
1057 0
0 1058
1059 0
0 1060
1061 0
0 1062
1063 0
0 1064
1065 0
0 1066
1067 0
0 1068
1069 0
0 1070
1071 0
0 1072
1073 0
0 1074
1075 0
0 1076
1077 0
0 1078
1079 0
0 1080
1081 0
0 1082
1083 0
0 1084
1085 0
0 1086
1087 0
0 1088
1089 0
0 1090
1091 0
0 1092
1093 0
0 1094
1095 0
0 1096
1097 0
0 1098
1099 0
0 1100
1101 0
0 1102
1103 0
0 1104
1105 0
0 1106
1107 0
0 1108
1109 0
0 1110
1111 0
0 1112
1113 0
0 1114
1115 0
0 1116
1117 0
0 1118
1119 0
0 1120
1121 0
0 1122
1123 0
0 1124
1125 0
0 1126
1127 0
0 1128
1129 0
0 1130
1131 0
0 1132
1133 0
0 1134
1135 0
0 1136
1137 0
0 1138
1139 0
0 1140
1141 0
0 1142
1143 0
0 1144
1145 0
0 1146
1147 0
0 1148
1149 0
0 1150
1151 0
0 1152
1153 0
0 1154
1155 0
0 1156
1157 0
0 1158
1159 0
0 1160
1161 0
0 1162
1163 0
0 1164
1165 0
0 1166
1167 0
0 1168
1169 0
0 1170
1171 0
0 1172
1173 0
0 1174
1175 0
0 1176
1177 0
0 1178
1179 0
0 1180
1181 0
0 1182
1183 0
0 1184
1185 0
0 1186
1187 0
0 1188
1189 0
0 1190
1191 0
0 1192
1193 0
0 1194
1195 0
0 1196
1197 0
0 1198
1199 0
0 1200
1201 0
0 1202
1203 0
0 1204
1205 0
0 1206
1207 0
0 1208
1209 0
0 1210
1211 0
0 1212
1213 0
0 1214
1215 0
0 1216
1217 0
0 1218
1219 0
0 1220
1221 0
0 1222
1223 0
0 1224
1225 0
0 1226
1227 0
0 1228
1229 0
0 1230
1231 0
0 1232
1233 0
0 1234
1235 0
0 1236
1237 0
0 1238
1239 0
0 1240
1241 0
0 1242
1243 0
0 1244
1245 0
0 1246
1247 0
0 1248
1249 0
0 1250
1251 0
0 1252
1253 0
0 1254
1255 0
0 1256
1257 0
0 1258
1259 0
0 1260
1261 0
0 1262
1263 0
0 1264
1265 0
0 1266
1267 0
0 1268
1269 0
0 1270
1271 0
0 1272
1273 0
0 1274
1275 0
0 1276
1277 0
0 1278
1279 0
0 1280
1281 0
0 1282
1283 0
0 1284
1285 0
0 1286
1287 0
0 1288
1289 0
0 1290
1291 0
0 1292
1293 0
0 1294
1295 0
0 1296
1297 0
0 1298
1299 0
0 1300
1301 0
0 1302
1303 0
0 1304
1305 0
0 1306
1307 0
0 1308
1309 0
0 1310
1311 0
0 1312
1313 0
0 1314
1315 0
0 1316
1317 0
0 1318
1319 0
0 1320
1321 0
0 1322
1323 0
0 1324
1325 0
0 1326
1327 0
0 1328
1329 0
0 1330
1331 0
0 1332
1333 0
0 1334
1335 0
0 1336
1337 0
0 1338
1339 0
0 1340
1341 0
0 1342
1343 0
0 1344
1345 0
0 1346
1347 0
0 1348
1349 0
0 1350
1351 0
0 1352
1353 0
0 1354
1355 0
0 1356
1357 0
0 1358
1359 0
0 1360
1361 0
0 1362
1363 0
0 1364
1365 0
0 1366
1367 0
0 1368
1369 0
0 1370
1371 0
0 1372
1373 0
0 1374
1375 0
0 1376
1377 0
0 1378
1379 0
0 1380
1381 0
0 1382
1383 0
0 1384
1385 0
0 1386
1387 0
0 1388
1389 0
0 1390
1391 0
0 1392
1393 0
0 1394
1395 0
0 1396
1397 0
0 1398
1399 0
0 1400
1401 0
0 1402
1403 0
0 1404
1405 0
0 1406
1407 0
0 1408
1409 0
0 1410
1411 0
0 1412
1413 0
0 1414
1415 0
0 1416
1417 0
0 1418
1419 0
0 1420
1421 0
0 1422
1423 0
0 1424
1425 0
0 1426
1427 0
0 1428
1429 0
0 1430
1431 0
0 1432
1433 0
0 1434
1435 0
0 1436
1437 0
0 1438
1439 0
0 1440
1441 0
0 1442
1443 0
0 1444
1445 0
0 1446
1447 0
0 1448
1449 0
0 1450
1451 0
0 1452
1453 0
0 1454
1455 0
0 1456
1457 0
0 1458
1459 0
0 1460
1461 0
0 1462
1463 0
0 1464
1465 0
0 1466
1467 0
0 1468
1469 0
0 1470
1471 0
0 1472
1473 0
0 1474
1475 0
0 1476
1477 0
0 1478
1479 0
0 1480
1481 0
0 1482
1483 0
0 1484
1485 0
0 1486
1487 0
0 1488
1489 0
0 1490
1491 0
0 1492
1493 0
0 1494
1495 0
0 1496
1497 0
0 1498
1499 0
0 1500
1501 0
0 1502
1503 0
0 1504
1505 0
0 1506
1507 0
0 1508
1509 0
0 1510
1511 0
0 1512
1513 0
0 1514
1515 0
0 1516
1517 0
0 1518
1519 0
0 1520
1521 0
0 1522
1523 0
0 1524
1525 0
0 1526
1527 0
0 1528
1529 0
0 1530
1531 0
0 1532
1533 0
0 1534
1535 0
0 1536
1537 0
0 1538
1539 0
0 1540
1541 0
0 1542
1543 0
0 1544
1545 0
0 1546
1547 0
0 1548
1549 0
0 1550
1551 0
0 1552
1553 0
0 1554
1555 0
0 1556
1557 0
0 1558
1559 0
0 1560
1561 0
0 1562
1563 0
0 1564
1565 0
0 1566
1567 0
0 1568
1569 0
0 1570
1571 0
0 1572
1573 0
0 1574
1575 0
0 1576
1577 0
0 1578
1579 0
0 1580
1581 0
0 1582
1583 0
0 1584
1585 0
0 1586
1587 0
0 1588
1589 0
0 1590
1591 0
0 1592
1593 0
0 1594
1595 0
0 1596
1597 0
0 1598
1599 0
0 1600
1601 0
0 1602
1603 0
0 1604
1605 0
0 1606
1607 0
0 1608
1609 0
0 1610
1611 0
0 1612
1613 0
0 1614
1615 0
0 1616
1617 0
0 1618
1619 0
0 1620
1621 0
0 1622
1623 0
0 1624
1625 0
0 1626
1627 0
0 1628
1629 0
0 1630
1631 0
0 1632
1633 0
0 1634
1635 0
0 1636
1637 0
0 1638
1639 0
0 1640
1641 0
0 1642
1643 0
0 1644
1645 0
0 1646
1647 0
0 1648
1649 0
0 1650
1651 0
0 1652
1653 0
0 1654
1655 0
0 1656
1657 0
0 1658
1659 0
0 1660
1661 0
0 1662
1663 0
0 1664
1665 0
0 1666
1667 0
0 1668
1669 0
0 1670
1671 0
0 1672
1673 0
0 1674
1675 0
0 1676
1677 0
0 1678
1679 0
0 1680
1681 0
0 1682
1683 0
0 1684
1685 0
0 1686
1687 0
0 1688
1689 0
0 1690
1691 0
0 1692
1693 0
0 1694
1695 0
0 1696
1697 0
0 1698
1699 0
0 1700
1701 0
0 1702
1703 0
0 1704
1705 0
0 1706
1707 0
0 1708
1709 0
0 1710
1711 0
0 1712
1713 0
0 1714
1715 0
0 1716
1717 0
0 1718
1719 0
0 1720
1721 0
0 1722
1723 0
0 1724
1725 0
0 1726
1727 0
0 1728
1729 0
0 1730
1731 0
0 1732
1733 0
0 1734
1735 0
0 1736
1737 0
0 1738
1739 0
0 1740
1741 0
0 1742
1743 0
0 1744
1745 0
0 1746
1747 0
0 1748
1749 0
0 1750
1751 0
0 1752
1753 0
0 1754
1755 0
0 1756
1757 0
0 1758
1759 0
0 1760
1761 0
0 1762
1763 0
0 1764
1765 0
0 1766
1767 0
0 1768
1769 0
0 1770
1771 0
0 1772
1773 0
0 1774
1775 0
0 1776
1777 0
0 1778
1779 0
0 1780
1781 0
0 1782
1783 0
0 1784
1785 0
0 1786
1787 0
0 1788
1789 0
0 1790
1791 0
0 1792
1793 0
0 1794
1795 0
0 1796
1797 0
0 1798
1799 0
0 1800
1801 0
0 1802
1803 0
0 1804
1805 0
0 1806
1807 0
0 1808
1809 0
0 1810
1811 0
0 1812
1813 0
0 1814
1815 0
0 1816
1817 0
0 1818
1819 0
0 1820
1821 0
0 1822
1823 0
0 1824
1825 0
0 1826
1827 0
0 1828
1829 0
0 1830
1831 0
0 1832
1833 0
0 1834
1835 0
0 1836
1837 0
0 1838
1839 0
0 1840
1841 0
0 1842
1843 0
0 1844
1845 0
0 1846
1847 0
0 1848
1849 0
0 1850
1851 0
0 1852
1853 0
0 1854
1855 0
0 1856
1857 0
0 1858
1859 0
0 1860
1861 0
0 1862
1863 0
0 1864
1865 0
0 1866
1867 0
0 1868
1869 0
0 1870
1871 0
0 1872
1873 0
0 1874
1875 0
0 1876
1877 0
0 1878
1879 0
0 1880
1881 0
0 1882
1883 0
0 1884
1885 0
0 1886
1887 0
0 1888
1889 0
0 1890
1891 0
0 1892
1893 0
0 1894
1895 0
0 1896
1897 0
0 1898
1899 0
0 1900
1901 0
0 1902
1903 0
0 1904
1905 0
0 1906
1907 0
0 1908
1909 0
0 1910
1911 0
0 1912
1913 0
0 1914
1915 0
0 1916
1917 0
0 1918
1919 0
0 1920
1921 0
0 1922
1923 0
0 1924
1925 0
0 1926
1927 0
0 1928
1929 0
0 1930
1931 0
0 1932
1933 0
0 1934
1935 0
0 1936
1937 0
0 1938
1939 0
0 1940
1941 0
0 1942
1943 0
0 1944
1945 0
0 1946
1947 0
0 1948
1949 0
0 1950
1951 0
0 1952
1953 0
0 1954
1955 0
0 1956
1957 0
0 1958
1959 0
0 1960
1961 0
0 1962
1963 0
0 1964
1965 0
0 1966
1967 0
0 1968
1969 0
0 1970
1971 0
0 1972
1973 0
0 1974
1975 0
0 1976
1977 0
0 1978
1979 0
0 1980
1981 0
0 1982
1983 0
0 1984
1985 0
0 1986
1987 0
0 1988
1989 0
0 1990
1991 0
0 1992
1993 0
0 1994
1995 0
0 1996
1997 0
0 1998
1999 0
0 2000
1 0
0 2
3 0
0 4
5 0
0 6
7 0
0 8
9 0
0 10
11 0
0 12
13 0
0 14
15 0
0 16
17 0
0 18
19 0
0 20
21 0
0 22
23 0
0 24
25 0
0 26
27 0
0 28
29 0
0 30
31 0
0 32
33 0
0 34
35 0
0 36
37 0
0 38
39 0
0 40
41 0
0 42
43 0
0 44
45 0
0 46
47 0
0 48
49 0
0 50
51 0
0 52
53 0
0 54
55 0
0 56
57 0
0 58
59 0
0 60
61 0
0 62
63 0
0 64
65 0
0 66
67 0
0 68
69 0
0 70
71 0
0 72
73 0
0 74
75 0
0 76
77 0
0 78
79 0
0 80
81 0
0 82
83 0
0 84
85 0
0 86
87 0
0 88
89 0
0 90
91 0
0 92
93 0
0 94
95 0
0 96
97 0
0 98
99 0
0 100
101 0
0 102
103 0
0 104
105 0
0 106
107 0
0 108
109 0
0 110
111 0
0 112
113 0
0 114
115 0
0 116
117 0
0 118
119 0
0 120
121 0
0 122
123 0
0 124
125 0
0 126
127 0
0 128
129 0
0 130
131 0
0 132
133 0
0 134
135 0
0 136
137 0
0 138
139 0
0 140
141 0
0 142
143 0
0 144
145 0
0 146
147 0
0 148
149 0
0 150
151 0
0 152
153 0
0 154
155 0
0 156
157 0
0 158
159 0
0 160
161 0
0 162
163 0
0 164
165 0
0 166
167 0
0 168
169 0
0 170
171 0
0 172
173 0
0 174
175 0
0 176
177 0
0 178
179 0
0 180
181 0
0 182
183 0
0 184
185 0
0 186
187 0
0 188
189 0
0 190
191 0
0 192
193 0
0 194
195 0
0 196
197 0
0 198
199 0
0 200
201 0
0 202
203 0
0 204
205 0
0 206
207 0
0 208
209 0
0 210
211 0
0 212
213 0
0 214
215 0
0 216
217 0
0 218
219 0
0 220
221 0
0 222
223 0
0 224
225 0
0 226
227 0
0 228
229 0
0 230
231 0
0 232
233 0
0 234
235 0
0 236
237 0
0 238
239 0
0 240
241 0
0 242
243 0
0 244
245 0
0 246
247 0
0 248
249 0
0 250
251 0
0 252
253 0
0 254
255 0
0 256
257 0
0 258
259 0
0 260
261 0
0 262
263 0
0 264
265 0
0 266
267 0
0 268
269 0
0 270
271 0
0 272
273 0
0 274
275 0
0 276
277 0
0 278
279 0
0 280
281 0
0 282
283 0
0 284
285 0
0 286
287 0
0 288
289 0
0 290
291 0
0 292
293 0
0 294
295 0
0 296
297 0
0 298
299 0
0 300
301 0
0 302
303 0
0 304
305 0
0 306
307 0
0 308
309 0
0 310
311 0
0 312
313 0
0 314
315 0
0 316
317 0
0 318
319 0
0 320
321 0
0 322
323 0
0 324
325 0
0 326
327 0
0 328
329 0
0 330
331 0
0 332
333 0
0 334
335 0
0 336
337 0
0 338
339 0
0 340
341 0
0 342
343 0
0 344
345 0
0 346
347 0
0 348
349 0
0 350
351 0
0 352
353 0
0 354
355 0
0 356
357 0
0 358
359 0
0 360
361 0
0 362
363 0
0 364
365 0
0 366
367 0
0 368
369 0
0 370
371 0
0 372
373 0
0 374
375 0
0 376
377 0
0 378
379 0
0 380
381 0
0 382
383 0
0 384
385 0
0 386
387 0
0 388
389 0
0 390
391 0
0 392
393 0
0 394
395 0
0 396
397 0
0 398
399 0
0 400
401 0
0 402
403 0
0 404
405 0
0 406
407 0
0 408
409 0
0 410
411 0
0 412
413 0
0 414
415 0
0 416
417 0
0 418
419 0
0 420
421 0
0 422
423 0
0 424
425 0
0 426
427 0
0 428
429 0
0 430
431 0
0 432
433 0
0 434
435 0
0 436
437 0
0 438
439 0
0 440
441 0
0 442
443 0
0 444
445 0
0 446
447 0
0 448
449 0
0 450
451 0
0 452
453 0
0 454
455 0
0 456
457 0
0 458
459 0
0 460
461 0
0 462
463 0
0 464
465 0
0 466
467 0
0 468
469 0
0 470
471 0
0 472
473 0
0 474
475 0
0 476
477 0
0 478
479 0
0 480
481 0
0 482
483 0
0 484
485 0
0 486
487 0
0 488
489 0
0 490
491 0
0 492
493 0
0 494
495 0
0 496
497 0
0 498
499 0
0 500
501 0
0 502
503 0
0 504
505 0
0 506
507 0
0 508
509 0
0 510
511 0
0 512
513 0
0 514
515 0
0 516
517 0
0 518
519 0
0 520
521 0
0 522
523 0
0 524
525 0
0 526
527 0
0 528
529 0
0 530
531 0
0 532
533 0
0 534
535 0
0 536
537 0
0 538
539 0
0 540
541 0
0 542
543 0
0 544
545 0
0 546
547 0
0 548
549 0
0 550
551 0
0 552
553 0
0 554
555 0
0 556
557 0
0 558
559 0
0 560
561 0
0 562
563 0
0 564
565 0
0 566
567 0
0 568
569 0
0 570
571 0
0 572
573 0
0 574
575 0
0 576
577 0
0 578
579 0
0 580
581 0
0 582
583 0
0 584
585 0
0 586
587 0
0 588
589 0
0 590
591 0
0 592
593 0
0 594
595 0
0 596
597 0
0 598
599 0
0 600
601 0
0 602
603 0
0 604
605 0
0 606
607 0
0 608
609 0
0 610
611 0
0 612
613 0
0 614
615 0
0 616
617 0
0 618
619 0
0 620
621 0
0 622
623 0
0 624
625 0
0 626
627 0
0 628
629 0
0 630
631 0
0 632
633 0
0 634
635 0
0 636
637 0
0 638
639 0
0 640
641 0
0 642
643 0
0 644
645 0
0 646
647 0
0 648
649 0
0 650
651 0
0 652
653 0
0 654
655 0
0 656
657 0
0 658
659 0
0 660
661 0
0 662
663 0
0 664
665 0
0 666
667 0
0 668
669 0
0 670
671 0
0 672
673 0
0 674
675 0
0 676
677 0
0 678
679 0
0 680
681 0
0 682
683 0
0 684
685 0
0 686
687 0
0 688
689 0
0 690
691 0
0 692
693 0
0 694
695 0
0 696
697 0
0 698
699 0
0 700
701 0
0 702
703 0
0 704
705 0
0 706
707 0
0 708
709 0
0 710
711 0
0 712
713 0
0 714
715 0
0 716
717 0
0 718
719 0
0 720
721 0
0 722
723 0
0 724
725 0
0 726
727 0
0 728
729 0
0 730
731 0
0 732
733 0
0 734
735 0
0 736
737 0
0 738
739 0
0 740
741 0
0 742
743 0
0 744
745 0
0 746
747 0
0 748
749 0
0 750
751 0
0 752
753 0
0 754
755 0
0 756
757 0
0 758
759 0
0 760
761 0
0 762
763 0
0 764
765 0
0 766
767 0
0 768
769 0
0 770
771 0
0 772
773 0
0 774
775 0
0 776
777 0
0 778
779 0
0 780
781 0
0 782
783 0
0 784
785 0
0 786
787 0
0 788
789 0
0 790
791 0
0 792
793 0
0 794
795 0
0 796
797 0
0 798
799 0
0 800
801 0
0 802
803 0
0 804
805 0
0 806
807 0
0 808
809 0
0 810
811 0
0 812
813 0
0 814
815 0
0 816
817 0
0 818
819 0
0 820
821 0
0 822
823 0
0 824
825 0
0 826
827 0
0 828
829 0
0 830
831 0
0 832
833 0
0 834
835 0
0 836
837 0
0 838
839 0
0 840
841 0
0 842
843 0
0 844
845 0
0 846
847 0
0 848
849 0
0 850
851 0
0 852
853 0
0 854
855 0
0 856
857 0
0 858
859 0
0 860
861 0
0 862
863 0
0 864
865 0
0 866
867 0
0 868
869 0
0 870
871 0
0 872
873 0
0 874
875 0
0 876
877 0
0 878
879 0
0 880
881 0
0 882
883 0
0 884
885 0
0 886
887 0
0 888
889 0
0 890
891 0
0 892
893 0
0 894
895 0
0 896
897 0
0 898
899 0
0 900
901 0
0 902
903 0
0 904
905 0
0 906
907 0
0 908
909 0
0 910
911 0
0 912
913 0
0 914
915 0
0 916
917 0
0 918
919 0
0 920
921 0
0 922
923 0
0 924
925 0
0 926
927 0
0 928
929 0
0 930
931 0
0 932
933 0
0 934
935 0
0 936
937 0
0 938
939 0
0 940
941 0
0 942
943 0
0 944
945 0
0 946
947 0
0 948
949 0
0 950
951 0
0 952
953 0
0 954
955 0
0 956
957 0
0 958
959 0
0 960
961 0
0 962
963 0
0 964
965 0
0 966
967 0
0 968
969 0
0 970
971 0
0 972
973 0
0 974
975 0
0 976
977 0
0 978
979 0
0 980
981 0
0 982
983 0
0 984
985 0
0 986
987 0
0 988
989 0
0 990
991 0
0 992
993 0
0 994
995 0
0 996
997 0
0 998
999 0
0 1000
1001 0
0 1002
1003 0
0 1004
1005 0
0 1006
1007 0
0 1008
1009 0
0 1010
1011 0
0 1012
1013 0
0 1014
1015 0
0 1016
1017 0
0 1018
1019 0
0 1020
1021 0
0 1022
1023 0
0 1024
1025 0
0 1026
1027 0
0 1028
1029 0
0 1030
1031 0
0 1032
1033 0
0 1034
1035 0
0 1036
1037 0
0 1038
1039 0
0 1040
1041 0
0 1042
1043 0
0 1044
1045 0
0 1046
1047 0
0 1048
1049 0
0 1050
1051 0
0 1052
1053 0
0 1054
1055 0
0 1056
1057 0
0 1058
1059 0
0 1060
1061 0
0 1062
1063 0
0 1064
1065 0
0 1066
1067 0
0 1068
1069 0
0 1070
1071 0
0 1072
1073 0
0 1074
1075 0
0 1076
1077 0
0 1078
1079 0
0 1080
1081 0
0 1082
1083 0
0 1084
1085 0
0 1086
1087 0
0 1088
1089 0
0 1090
1091 0
0 1092
1093 0
0 1094
1095 0
0 1096
1097 0
0 1098
1099 0
0 1100
1101 0
0 1102
1103 0
0 1104
1105 0
0 1106
1107 0
0 1108
1109 0
0 1110
1111 0
0 1112
1113 0
0 1114
1115 0
0 1116
1117 0
0 1118
1119 0
0 1120
1121 0
0 1122
1123 0
0 1124
1125 0
0 1126
1127 0
0 1128
1129 0
0 1130
1131 0
0 1132
1133 0
0 1134
1135 0
0 1136
1137 0
0 1138
1139 0
0 1140
1141 0
0 1142
1143 0
0 1144
1145 0
0 1146
1147 0
0 1148
1149 0
0 1150
1151 0
0 1152
1153 0
0 1154
1155 0
0 1156
1157 0
0 1158
1159 0
0 1160
1161 0
0 1162
1163 0
0 1164
1165 0
0 1166
1167 0
0 1168
1169 0
0 1170
1171 0
0 1172
1173 0
0 1174
1175 0
0 1176
1177 0
0 1178
1179 0
0 1180
1181 0
0 1182
1183 0
0 1184
1185 0
0 1186
1187 0
0 1188
1189 0
0 1190
1191 0
0 1192
1193 0
0 1194
1195 0
0 1196
1197 0
0 1198
1199 0
0 1200
1201 0
0 1202
1203 0
0 1204
1205 0
0 1206
1207 0
0 1208
1209 0
0 1210
1211 0
0 1212
1213 0
0 1214
1215 0
0 1216
1217 0
0 1218
1219 0
0 1220
1221 0
0 1222
1223 0
0 1224
1225 0
0 1226
1227 0
0 1228
1229 0
0 1230
1231 0
0 1232
1233 0
0 1234
1235 0
0 1236
1237 0
0 1238
1239 0
0 1240
1241 0
0 1242
1243 0
0 1244
1245 0
0 1246
1247 0
0 1248
1249 0
0 1250
1251 0
0 1252
1253 0
0 1254
1255 0
0 1256
1257 0
0 1258
1259 0
0 1260
1261 0
0 1262
1263 0
0 1264
1265 0
0 1266
1267 0
0 1268
1269 0
0 1270
1271 0
0 1272
1273 0
0 1274
1275 0
0 1276
1277 0
0 1278
1279 0
0 1280
1281 0
0 1282
1283 0
0 1284
1285 0
0 1286
1287 0
0 1288
1289 0
0 1290
1291 0
0 1292
1293 0
0 1294
1295 0
0 1296
1297 0
0 1298
1299 0
0 1300
1301 0
0 1302
1303 0
0 1304
1305 0
0 1306
1307 0
0 1308
1309 0
0 1310
1311 0
0 1312
1313 0
0 1314
1315 0
0 1316
1317 0
0 1318
1319 0
0 1320
1321 0
0 1322
1323 0
0 1324
1325 0
0 1326
1327 0
0 1328
1329 0
0 1330
1331 0
0 1332
1333 0
0 1334
1335 0
0 1336
1337 0
0 1338
1339 0
0 1340
1341 0
0 1342
1343 0
0 1344
1345 0
0 1346
1347 0
0 1348
1349 0
0 1350
1351 0
0 1352
1353 0
0 1354
1355 0
0 1356
1357 0
0 1358
1359 0
0 1360
1361 0
0 1362
1363 0
0 1364
1365 0
0 1366
1367 0
0 1368
1369 0
0 1370
1371 0
0 1372
1373 0
0 1374
1375 0
0 1376
1377 0
0 1378
1379 0
0 1380
1381 0
0 1382
1383 0
0 1384
1385 0
0 1386
1387 0
0 1388
1389 0
0 1390
1391 0
0 1392
1393 0
0 1394
1395 0
0 1396
1397 0
0 1398
1399 0
0 1400
1401 0
0 1402
1403 0
0 1404
1405 0
0 1406
1407 0
0 1408
1409 0
0 1410
1411 0
0 1412
1413 0
0 1414
1415 0
0 1416
1417 0
0 1418
1419 0
0 1420
1421 0
0 1422
1423 0
0 1424
1425 0
0 1426
1427 0
0 1428
1429 0
0 1430
1431 0
0 1432
1433 0
0 1434
1435 0
0 1436
1437 0
0 1438
1439 0
0 1440
1441 0
0 1442
1443 0
0 1444
1445 0
0 1446
1447 0
0 1448
1449 0
0 1450
1451 0
0 1452
1453 0
0 1454
1455 0
0 1456
1457 0
0 1458
1459 0
0 1460
1461 0
0 1462
1463 0
0 1464
1465 0
0 1466
1467 0
0 1468
1469 0
0 1470
1471 0
0 1472
1473 0
0 1474
1475 0
0 1476
1477 0
0 1478
1479 0
0 1480
1481 0
0 1482
1483 0
0 1484
1485 0
0 1486
1487 0
0 1488
1489 0
0 1490
1491 0
0 1492
1493 0
0 1494
1495 0
0 1496
1497 0
0 1498
1499 0
0 1500
1501 0
0 1502
1503 0
0 1504
1505 0
0 1506
1507 0
0 1508
1509 0
0 1510
1511 0
0 1512
1513 0
0 1514
1515 0
0 1516
1517 0
0 1518
1519 0
0 1520
1521 0
0 1522
1523 0
0 1524
1525 0
0 1526
1527 0
0 1528
1529 0
0 1530
1531 0
0 1532
1533 0
0 1534
1535 0
0 1536
1537 0
0 1538
1539 0
0 1540
1541 0
0 1542
1543 0
0 1544
1545 0
0 1546
1547 0
0 1548
1549 0
0 1550
1551 0
0 1552
1553 0
0 1554
1555 0
0 1556
1557 0
0 1558
1559 0
0 1560
1561 0
0 1562
1563 0
0 1564
1565 0
0 1566
1567 0
0 1568
1569 0
0 1570
1571 0
0 1572
1573 0
0 1574
1575 0
0 1576
1577 0
0 1578
1579 0
0 1580
1581 0
0 1582
1583 0
0 1584
1585 0
0 1586
1587 0
0 1588
1589 0
0 1590
1591 0
0 1592
1593 0
0 1594
1595 0
0 1596
1597 0
0 1598
1599 0
0 1600
1601 0
0 1602
1603 0
0 1604
1605 0
0 1606
1607 0
0 1608
1609 0
0 1610
1611 0
0 1612
1613 0
0 1614
1615 0
0 1616
1617 0
0 1618
1619 0
0 1620
1621 0
0 1622
1623 0
0 1624
1625 0
0 1626
1627 0
0 1628
1629 0
0 1630
1631 0
0 1632
1633 0
0 1634
1635 0
0 1636
1637 0
0 1638
1639 0
0 1640
1641 0
0 1642
1643 0
0 1644
1645 0
0 1646
1647 0
0 1648
1649 0
0 1650
1651 0
0 1652
1653 0
0 1654
1655 0
0 1656
1657 0
0 1658
1659 0
0 1660
1661 0
0 1662
1663 0
0 1664
1665 0
0 1666
1667 0
0 1668
1669 0
0 1670
1671 0
0 1672
1673 0
0 1674
1675 0
0 1676
1677 0
0 1678
1679 0
0 1680
1681 0
0 1682
1683 0
0 1684
1685 0
0 1686
1687 0
0 1688
1689 0
0 1690
1691 0
0 1692
1693 0
0 1694
1695 0
0 1696
1697 0
0 1698
1699 0
0 1700
1701 0
0 1702
1703 0
0 1704
1705 0
0 1706
1707 0
0 1708
1709 0
0 1710
1711 0
0 1712
1713 0
0 1714
1715 0
0 1716
1717 0
0 1718
1719 0
0 1720
1721 0
0 1722
1723 0
0 1724
1725 0
0 1726
1727 0
0 1728
1729 0
0 1730
1731 0
0 1732
1733 0
0 1734
1735 0
0 1736
1737 0
0 1738
1739 0
0 1740
1741 0
0 1742
1743 0
0 1744
1745 0
0 1746
1747 0
0 1748
1749 0
0 1750
1751 0
0 1752
1753 0
0 1754
1755 0
0 1756
1757 0
0 1758
1759 0
0 1760
1761 0
0 1762
1763 0
0 1764
1765 0
0 1766
1767 0
0 1768
1769 0
0 1770
1771 0
0 1772
1773 0
0 1774
1775 0
0 1776
1777 0
0 1778
1779 0
0 1780
1781 0
0 1782
1783 0
0 1784
1785 0
0 1786
1787 0
0 1788
1789 0
0 1790
1791 0
0 1792
1793 0
0 1794
1795 0
0 1796
1797 0
0 1798
1799 0
0 1800
1801 0
0 1802
1803 0
0 1804
1805 0
0 1806
1807 0
0 1808
1809 0
0 1810
1811 0
0 1812
1813 0
0 1814
1815 0
0 1816
1817 0
0 1818
1819 0
0 1820
1821 0
0 1822
1823 0
0 1824
1825 0
0 1826
1827 0
0 1828
1829 0
0 1830
1831 0
0 1832
1833 0
0 1834
1835 0
0 1836
1837 0
0 1838
1839 0
0 1840
1841 0
0 1842
1843 0
0 1844
1845 0
0 1846
1847 0
0 1848
1849 0
0 1850
1851 0
0 1852
1853 0
0 1854
1855 0
0 1856
1857 0
0 1858
1859 0
0 1860
1861 0
0 1862
1863 0
0 1864
1865 0
0 1866
1867 0
0 1868
1869 0
0 1870
1871 0
0 1872
1873 0
0 1874
1875 0
0 1876
1877 0
0 1878
1879 0
0 1880
1881 0
0 1882
1883 0
0 1884
1885 0
0 1886
1887 0
0 1888
1889 0
0 1890
1891 0
0 1892
1893 0
0 1894
1895 0
0 1896
1897 0
0 1898
1899 0
0 1900
1901 0
0 1902
1903 0
0 1904
1905 0
0 1906
1907 0
0 1908
1909 0
0 1910
1911 0
0 1912
1913 0
0 1914
1915 0
0 1916
1917 0
0 1918
1919 0
0 1920
1921 0
0 1922
1923 0
0 1924
1925 0
0 1926
1927 0
0 1928
1929 0
0 1930
1931 0
0 1932
1933 0
0 1934
1935 0
0 1936
1937 0
0 1938
1939 0
0 1940
1941 0
0 1942
1943 0
0 1944
1945 0
0 1946
1947 0
0 1948
1949 0
0 1950
1951 0
0 1952
1953 0
0 1954
1955 0
0 1956
1957 0
0 1958
1959 0
0 1960
1961 0
0 1962
1963 0
0 1964
1965 0
0 1966
1967 0
0 1968
1969 0
0 1970
1971 0
0 1972
1973 0
0 1974
1975 0
0 1976
1977 0
0 1978
1979 0
0 1980
1981 0
0 1982
1983 0
0 1984
1985 0
0 1986
1987 0
0 1988
1989 0
0 1990
1991 0
0 1992
1993 0
0 1994
1995 0
0 1996
1997 0
0 1998
1999 0
0 2000
1 0
0 2
3 0
0 4
5 0
0 6
7 0
0 8
9 0
0 10
11 0
0 12
13 0
0 14
15 0
0 16
17 0
0 18
19 0
0 20
21 0
0 22
23 0
0 24
25 0
0 26
27 0
0 28
29 0
0 30
31 0
0 32
33 0
0 34
35 0
0 36
37 0
0 38
39 0
0 40
41 0
0 42
43 0
0 44
45 0
0 46
47 0
0 48
49 0
0 50
51 0
0 52
53 0
0 54
55 0
0 56
57 0
0 58
59 0
0 60
61 0
0 62
63 0
0 64
65 0
0 66
67 0
0 68
69 0
0 70
71 0
0 72
73 0
0 74
75 0
0 76
77 0
0 78
79 0
0 80
81 0
0 82
83 0
0 84
85 0
0 86
87 0
0 88
89 0
0 90
91 0
0 92
93 0
0 94
95 0
0 96
97 0
0 98
99 0
0 100
101 0
0 102
103 0
0 104
105 0
0 106
107 0
0 108
109 0
0 110
111 0
0 112
113 0
0 114
115 0
0 116
117 0
0 118
119 0
0 120
121 0
0 122
123 0
0 124
125 0
0 126
127 0
0 128
129 0
0 130
131 0
0 132
133 0
0 134
135 0
0 136
137 0
0 138
139 0
0 140
141 0
0 142
143 0
0 144
145 0
0 146
147 0
0 148
149 0
0 150
151 0
0 152
153 0
0 154
155 0
0 156
157 0
0 158
159 0
0 160
161 0
0 162
163 0
0 164
165 0
0 166
167 0
0 168
169 0
0 170
171 0
0 172
173 0
0 174
175 0
0 176
177 0
0 178
179 0
0 180
181 0
0 182
183 0
0 184
185 0
0 186
187 0
0 188
189 0
0 190
191 0
0 192
193 0
0 194
195 0
0 196
197 0
0 198
199 0
0 200
201 0
0 202
203 0
0 204
205 0
0 206
207 0
0 208
209 0
0 210
211 0
0 212
213 0
0 214
215 0
0 216
217 0
0 218
219 0
0 220
221 0
0 222
223 0
0 224
225 0
0 226
227 0
0 228
229 0
0 230
231 0
0 232
233 0
0 234
235 0
0 236
237 0
0 238
239 0
0 240
241 0
0 242
243 0
0 244
245 0
0 246
247 0
0 248
249 0
0 250
251 0
0 252
253 0
0 254
255 0
0 256
257 0
0 258
259 0
0 260
261 0
0 262
263 0
0 264
265 0
0 266
267 0
0 268
269 0
0 270
271 0
0 272
273 0
0 274
275 0
0 276
277 0
0 278
279 0
0 280
281 0
0 282
283 0
0 284
285 0
0 286
287 0
0 288
289 0
0 290
291 0
0 292
293 0
0 294
295 0
0 296
297 0
0 298
299 0
0 300
301 0
0 302
303 0
0 304
305 0
0 306
307 0
0 308
309 0
0 310
311 0
0 312
313 0
0 314
315 0
0 316
317 0
0 318
319 0
0 320
321 0
0 322
323 0
0 324
325 0
0 326
327 0
0 328
329 0
0 330
331 0
0 332
333 0
0 334
335 0
0 336
337 0
0 338
339 0
0 340
341 0
0 342
343 0
0 344
345 0
0 346
347 0
0 348
349 0
0 350
351 0
0 352
353 0
0 354
355 0
0 356
357 0
0 358
359 0
0 360
361 0
0 362
363 0
0 364
365 0
0 366
367 0
0 368
369 0
0 370
371 0
0 372
373 0
0 374
375 0
0 376
377 0
0 378
379 0
0 380
381 0
0 382
383 0
0 384
385 0
0 386
387 0
0 388
389 0
0 390
391 0
0 392
393 0
0 394
395 0
0 396
397 0
0 398
399 0
0 400
401 0
0 402
403 0
0 404
405 0
0 406
407 0
0 408
409 0
0 410
411 0
0 412
413 0
0 414
415 0
0 416
417 0
0 418
419 0
0 420
421 0
0 422
423 0
0 424
425 0
0 426
427 0
0 428
429 0
0 430
431 0
0 432
433 0
0 434
435 0
0 436
437 0
0 438
439 0
0 440
441 0
0 442
443 0
0 444
445 0
0 446
447 0
0 448
449 0
0 450
451 0
0 452
453 0
0 454
455 0
0 456
457 0
0 458
459 0
0 460
461 0
0 462
463 0
0 464
465 0
0 466
467 0
0 468
469 0
0 470
471 0
0 472
473 0
0 474
475 0
0 476
477 0
0 478
479 0
0 480
481 0
0 482
483 0
0 484
485 0
0 486
487 0
0 488
489 0
0 490
491 0
0 492
493 0
0 494
495 0
0 496
497 0
0 498
499 0
0 500
501 0
0 502
503 0
0 504
505 0
0 506
507 0
0 508
509 0
0 510
511 0
0 512
513 0
0 514
515 0
0 516
517 0
0 518
519 0
0 520
521 0
0 522
523 0
0 524
525 0
0 526
527 0
0 528
529 0
0 530
531 0
0 532
533 0
0 534
535 0
0 536
537 0
0 538
539 0
0 540
541 0
0 542
543 0
0 544
545 0
0 546
547 0
0 548
549 0
0 550
551 0
0 552
553 0
0 554
555 0
0 556
557 0
0 558
559 0
0 560
561 0
0 562
563 0
0 564
565 0
0 566
567 0
0 568
569 0
0 570
571 0
0 572
573 0
0 574
575 0
0 576
577 0
0 578
579 0
0 580
581 0
0 582
583 0
0 584
585 0
0 586
587 0
0 588
589 0
0 590
591 0
0 592
593 0
0 594
595 0
0 596
597 0
0 598
599 0
0 600
601 0
0 602
603 0
0 604
605 0
0 606
607 0
0 608
609 0
0 610
611 0
0 612
613 0
0 614
615 0
0 616
617 0
0 618
619 0
0 620
621 0
0 622
623 0
0 624
625 0
0 626
627 0
0 628
629 0
0 630
631 0
0 632
633 0
0 634
635 0
0 636
637 0
0 638
639 0
0 640
641 0
0 642
643 0
0 644
645 0
0 646
647 0
0 648
649 0
0 650
651 0
0 652
653 0
0 654
655 0
0 656
657 0
0 658
659 0
0 660
661 0
0 662
663 0
0 664
665 0
0 666
667 0
0 668
669 0
0 670
671 0
0 672
673 0
0 674
675 0
0 676
677 0
0 678
679 0
0 680
681 0
0 682
683 0
0 684
685 0
0 686
687 0
0 688
689 0
0 690
691 0
0 692
693 0
0 694
695 0
0 696
697 0
0 698
699 0
0 700
701 0
0 702
703 0
0 704
705 0
0 706
707 0
0 708
709 0
0 710
711 0
0 712
713 0
0 714
715 0
0 716
717 0
0 718
719 0
0 720
721 0
0 722
723 0
0 724
725 0
0 726
727 0
0 728
729 0
0 730
731 0
0 732
733 0
0 734
735 0
0 736
737 0
0 738
739 0
0 740
741 0
0 742
743 0
0 744
745 0
0 746
747 0
0 748
749 0
0 750
751 0
0 752
753 0
0 754
755 0
0 756
757 0
0 758
759 0
0 760
761 0
0 762
763 0
0 764
765 0
0 766
767 0
0 768
769 0
0 770
771 0
0 772
773 0
0 774
775 0
0 776
777 0
0 778
779 0
0 780
781 0
0 782
783 0
0 784
785 0
0 786
787 0
0 788
789 0
0 790
791 0
0 792
793 0
0 794
795 0
0 796
797 0
0 798
799 0
0 800
801 0
0 802
803 0
0 804
805 0
0 806
807 0
0 808
809 0
0 810
811 0
0 812
813 0
0 814
815 0
0 816
817 0
0 818
819 0
0 820
821 0
0 822
823 0
0 824
825 0
0 826
827 0
0 828
829 0
0 830
831 0
0 832
833 0
0 834
835 0
0 836
837 0
0 838
839 0
0 840
841 0
0 842
843 0
0 844
845 0
0 846
847 0
0 848
849 0
0 850
851 0
0 852
853 0
0 854
855 0
0 856
857 0
0 858
859 0
0 860
861 0
0 862
863 0
0 864
865 0
0 866
867 0
0 868
869 0
0 870
871 0
0 872
873 0
0 874
875 0
0 876
877 0
0 878
879 0
0 880
881 0
0 882
883 0
0 884
885 0
0 886
887 0
0 888
889 0
0 890
891 0
0 892
893 0
0 894
895 0
0 896
897 0
0 898
899 0
0 900
901 0
0 902
903 0
0 904
905 0
0 906
907 0
0 908
909 0
0 910
911 0
0 912
913 0
0 914
915 0
0 916
917 0
0 918
919 0
0 920
921 0
0 922
923 0
0 924
925 0
0 926
927 0
0 928
929 0
0 930
931 0
0 932
933 0
0 934
935 0
0 936
937 0
0 938
939 0
0 940
941 0
0 942
943 0
0 944
945 0
0 946
947 0
0 948
949 0
0 950
951 0
0 952
953 0
0 954
955 0
0 956
957 0
0 958
959 0
0 960
961 0
0 962
963 0
0 964
965 0
0 966
967 0
0 968
969 0
0 970
971 0
0 972
973 0
0 974
975 0
0 976
977 0
0 978
979 0
0 980
981 0
0 982
983 0
0 984
985 0
0 986
987 0
0 988
989 0
0 990
991 0
0 992
993 0
0 994
995 0
0 996
997 0
0 998
999 0
0 1000
1001 0
0 1002
1003 0
0 1004
1005 0
0 1006
1007 0
0 1008
1009 0
0 1010
1011 0
0 1012
1013 0
0 1014
1015 0
0 1016
1017 0
0 1018
1019 0
0 1020
1021 0
0 1022
1023 0
0 1024
1025 0
0 1026
1027 0
0 1028
1029 0
0 1030
1031 0
0 1032
1033 0
0 1034
1035 0
0 1036
1037 0
0 1038
1039 0
0 1040
1041 0
0 1042
1043 0
0 1044
1045 0
0 1046
1047 0
0 1048
1049 0
0 1050
1051 0
0 1052
1053 0
0 1054
1055 0
0 1056
1057 0
0 1058
1059 0
0 1060
1061 0
0 1062
1063 0
0 1064
1065 0
0 1066
1067 0
0 1068
1069 0
0 1070
1071 0
0 1072
1073 0
0 1074
1075 0
0 1076
1077 0
0 1078
1079 0
0 1080
1081 0
0 1082
1083 0
0 1084
1085 0
0 1086
1087 0
0 1088
1089 0
0 1090
1091 0
0 1092
1093 0
0 1094
1095 0
0 1096
1097 0
0 1098
1099 0
0 1100
1101 0
0 1102
1103 0
0 1104
1105 0
0 1106
1107 0
0 1108
1109 0
0 1110
1111 0
0 1112
1113 0
0 1114
1115 0
0 1116
1117 0
0 1118
1119 0
0 1120
1121 0
0 1122
1123 0
0 1124
1125 0
0 1126
1127 0
0 1128
1129 0
0 1130
1131 0
0 1132
1133 0
0 1134
1135 0
0 1136
1137 0
0 1138
1139 0
0 1140
1141 0
0 1142
1143 0
0 1144
1145 0
0 1146
1147 0
0 1148
1149 0
0 1150
1151 0
0 1152
1153 0
0 1154
1155 0
0 1156
1157 0
0 1158
1159 0
0 1160
1161 0
0 1162
1163 0
0 1164
1165 0
0 1166
1167 0
0 1168
1169 0
0 1170
1171 0
0 1172
1173 0
0 1174
1175 0
0 1176
1177 0
0 1178
1179 0
0 1180
1181 0
0 1182
1183 0
0 1184
1185 0
0 1186
1187 0
0 1188
1189 0
0 1190
1191 0
0 1192
1193 0
0 1194
1195 0
0 1196
1197 0
0 1198
1199 0
0 1200
1201 0
0 1202
1203 0
0 1204
1205 0
0 1206
1207 0
0 1208
1209 0
0 1210
1211 0
0 1212
1213 0
0 1214
1215 0
0 1216
1217 0
0 1218
1219 0
0 1220
1221 0
0 1222
1223 0
0 1224
1225 0
0 1226
1227 0
0 1228
1229 0
0 1230
1231 0
0 1232
1233 0
0 1234
1235 0
0 1236
1237 0
0 1238
1239 0
0 1240
1241 0
0 1242
1243 0
0 1244
1245 0
0 1246
1247 0
0 1248
1249 0
0 1250
1251 0
0 1252
1253 0
0 1254
1255 0
0 1256
1257 0
0 1258
1259 0
0 1260
1261 0
0 1262
1263 0
0 1264
1265 0
0 1266
1267 0
0 1268
1269 0
0 1270
1271 0
0 1272
1273 0
0 1274
1275 0
0 1276
1277 0
0 1278
1279 0
0 1280
1281 0
0 1282
1283 0
0 1284
1285 0
0 1286
1287 0
0 1288
1289 0
0 1290
1291 0
0 1292
1293 0
0 1294
1295 0
0 1296
1297 0
0 1298
1299 0
0 1300
1301 0
0 1302
1303 0
0 1304
1305 0
0 1306
1307 0
0 1308
1309 0
0 1310
1311 0
0 1312
1313 0
0 1314
1315 0
0 1316
1317 0
0 1318
1319 0
0 1320
1321 0
0 1322
1323 0
0 1324
1325 0
0 1326
1327 0
0 1328
1329 0
0 1330
1331 0
0 1332
1333 0
0 1334
1335 0
0 1336
1337 0
0 1338
1339 0
0 1340
1341 0
0 1342
1343 0
0 1344
1345 0
0 1346
1347 0
0 1348
1349 0
0 1350
1351 0
0 1352
1353 0
0 1354
1355 0
0 1356
1357 0
0 1358
1359 0
0 1360
1361 0
0 1362
1363 0
0 1364
1365 0
0 1366
1367 0
0 1368
1369 0
0 1370
1371 0
0 1372
1373 0
0 1374
1375 0
0 1376
1377 0
0 1378
1379 0
0 1380
1381 0
0 1382
1383 0
0 1384
1385 0
0 1386
1387 0
0 1388
1389 0
0 1390
1391 0
0 1392
1393 0
0 1394
1395 0
0 1396
1397 0
0 1398
1399 0
0 1400
1401 0
0 1402
1403 0
0 1404
1405 0
0 1406
1407 0
0 1408
1409 0
0 1410
1411 0
0 1412
1413 0
0 1414
1415 0
0 1416
1417 0
0 1418
1419 0
0 1420
1421 0
0 1422
1423 0
0 1424
1425 0
0 1426
1427 0
0 1428
1429 0
0 1430
1431 0
0 1432
1433 0
0 1434
1435 0
0 1436
1437 0
0 1438
1439 0
0 1440
1441 0
0 1442
1443 0
0 1444
1445 0
0 1446
1447 0
0 1448
1449 0
0 1450
1451 0
0 1452
1453 0
0 1454
1455 0
0 1456
1457 0
0 1458
1459 0
0 1460
1461 0
0 1462
1463 0
0 1464
1465 0
0 1466
1467 0
0 1468
1469 0
0 1470
1471 0
0 1472
1473 0
0 1474
1475 0
0 1476
1477 0
0 1478
1479 0
0 1480
1481 0
0 1482
1483 0
0 1484
1485 0
0 1486
1487 0
0 1488
1489 0
0 1490
1491 0
0 1492
1493 0
0 1494
1495 0
0 1496
1497 0
0 1498
1499 0
0 1500
1501 0
0 1502
1503 0
0 1504
1505 0
0 1506
1507 0
0 1508
1509 0
0 1510
1511 0
0 1512
1513 0
0 1514
1515 0
0 1516
1517 0
0 1518
1519 0
0 1520
1521 0
0 1522
1523 0
0 1524
1525 0
0 1526
1527 0
0 1528
1529 0
0 1530
1531 0
0 1532
1533 0
0 1534
1535 0
0 1536
1537 0
0 1538
1539 0
0 1540
1541 0
0 1542
1543 0
0 1544
1545 0
0 1546
1547 0
0 1548
1549 0
0 1550
1551 0
0 1552
1553 0
0 1554
1555 0
0 1556
1557 0
0 1558
1559 0
0 1560
1561 0
0 1562
1563 0
0 1564
1565 0
0 1566
1567 0
0 1568
1569 0
0 1570
1571 0
0 1572
1573 0
0 1574
1575 0
0 1576
1577 0
0 1578
1579 0
0 1580
1581 0
0 1582
1583 0
0 1584
1585 0
0 1586
1587 0
0 1588
1589 0
0 1590
1591 0
0 1592
1593 0
0 1594
1595 0
0 1596
1597 0
0 1598
1599 0
0 1600
1601 0
0 1602
1603 0
0 1604
1605 0
0 1606
1607 0
0 1608
1609 0
0 1610
1611 0
0 1612
1613 0
0 1614
1615 0
0 1616
1617 0
0 1618
1619 0
0 1620
1621 0
0 1622
1623 0
0 1624
1625 0
0 1626
1627 0
0 1628
1629 0
0 1630
1631 0
0 1632
1633 0
0 1634
1635 0
0 1636
1637 0
0 1638
1639 0
0 1640
1641 0
0 1642
1643 0
0 1644
1645 0
0 1646
1647 0
0 1648
1649 0
0 1650
1651 0
0 1652
1653 0
0 1654
1655 0
0 1656
1657 0
0 1658
1659 0
0 1660
1661 0
0 1662
1663 0
0 1664
1665 0
0 1666
1667 0
0 1668
1669 0
0 1670
1671 0
0 1672
1673 0
0 1674
1675 0
0 1676
1677 0
0 1678
1679 0
0 1680
1681 0
0 1682
1683 0
0 1684
1685 0
0 1686
1687 0
0 1688
1689 0
0 1690
1691 0
0 1692
1693 0
0 1694
1695 0
0 1696
1697 0
0 1698
1699 0
0 1700
1701 0
0 1702
1703 0
0 1704
1705 0
0 1706
1707 0
0 1708
1709 0
0 1710
1711 0
0 1712
1713 0
0 1714
1715 0
0 1716
1717 0
0 1718
1719 0
0 1720
1721 0
0 1722
1723 0
0 1724
1725 0
0 1726
1727 0
0 1728
1729 0
0 1730
1731 0
0 1732
1733 0
0 1734
1735 0
0 1736
1737 0
0 1738
1739 0
0 1740
1741 0
0 1742
1743 0
0 1744
1745 0
0 1746
1747 0
0 1748
1749 0
0 1750
1751 0
0 1752
1753 0
0 1754
1755 0
0 1756
1757 0
0 1758
1759 0
0 1760
1761 0
0 1762
1763 0
0 1764
1765 0
0 1766
1767 0
0 1768
1769 0
0 1770
1771 0
0 1772
1773 0
0 1774
1775 0
0 1776
1777 0
0 1778
1779 0
0 1780
1781 0
0 1782
1783 0
0 1784
1785 0
0 1786
1787 0
0 1788
1789 0
0 1790
1791 0
0 1792
1793 0
0 1794
1795 0
0 1796
1797 0
0 1798
1799 0
0 1800
1801 0
0 1802
1803 0
0 1804
1805 0
0 1806
1807 0
0 1808
1809 0
0 1810
1811 0
0 1812
1813 0
0 1814
1815 0
0 1816
1817 0
0 1818
1819 0
0 1820
1821 0
0 1822
1823 0
0 1824
1825 0
0 1826
1827 0
0 1828
1829 0
0 1830
1831 0
0 1832
1833 0
0 1834
1835 0
0 1836
1837 0
0 1838
1839 0
0 1840
1841 0
0 1842
1843 0
0 1844
1845 0
0 1846
1847 0
0 1848
1849 0
0 1850
1851 0
0 1852
1853 0
0 1854
1855 0
0 1856
1857 0
0 1858
1859 0
0 1860
1861 0
0 1862
1863 0
0 1864
1865 0
0 1866
1867 0
0 1868
1869 0
0 1870
1871 0
0 1872
1873 0
0 1874
1875 0
0 1876
1877 0
0 1878
1879 0
0 1880
1881 0
0 1882
1883 0
0 1884
1885 0
0 1886
1887 0
0 1888
1889 0
0 1890
1891 0
0 1892
1893 0
0 1894
1895 0
0 1896
1897 0
0 1898
1899 0
0 1900
1901 0
0 1902
1903 0
0 1904
1905 0
0 1906
1907 0
0 1908
1909 0
0 1910
1911 0
0 1912
1913 0
0 1914
1915 0
0 1916
1917 0
0 1918
1919 0
0 1920
1921 0
0 1922
1923 0
0 1924
1925 0
0 1926
1927 0
0 1928
1929 0
0 1930
1931 0
0 1932
1933 0
0 1934
1935 0
0 1936
1937 0
0 1938
1939 0
0 1940
1941 0
0 1942
1943 0
0 1944
1945 0
0 1946
1947 0
0 1948
1949 0
0 1950
1951 0
0 1952
1953 0
0 1954
1955 0
0 1956
1957 0
0 1958
1959 0
0 1960
1961 0
0 1962
1963 0
0 1964
1965 0
0 1966
1967 0
0 1968
1969 0
0 1970
1971 0
0 1972
1973 0
0 1974
1975 0
0 1976
1977 0
0 1978
1979 0
0 1980
1981 0
0 1982
1983 0
0 1984
1985 0
0 1986
1987 0
0 1988
1989 0
0 1990
1991 0
0 1992
1993 0
0 1994
1995 0
0 1996
1997 0
0 1998
1999 0
0 2000
1 0
0 2
3 0
0 4
5 0
0 6
7 0
0 8
9 0
0 10
11 0
0 12
13 0
0 14
15 0
0 16
17 0
0 18
19 0
0 20
21 0
0 22
23 0
0 24
25 0
0 26
27 0
0 28
29 0
0 30
31 0
0 32
33 0
0 34
35 0
0 36
37 0
0 38
39 0
0 40
41 0
0 42
43 0
0 44
45 0
0 46
47 0
0 48
49 0
0 50
51 0
0 52
53 0
0 54
55 0
0 56
57 0
0 58
59 0
0 60
61 0
0 62
63 0
0 64
65 0
0 66
67 0
0 68
69 0
0 70
71 0
0 72
73 0
0 74
75 0
0 76
77 0
0 78
79 0
0 80
81 0
0 82
83 0
0 84
85 0
0 86
87 0
0 88
89 0
0 90
91 0
0 92
93 0
0 94
95 0
0 96
97 0
0 98
99 0
0 100
101 0
0 102
103 0
0 104
105 0
0 106
107 0
0 108
109 0
0 110
111 0
0 112
113 0
0 114
115 0
0 116
117 0
0 118
119 0
0 120
121 0
0 122
123 0
0 124
125 0
0 126
127 0
0 128
129 0
0 130
131 0
0 132
133 0
0 134
135 0
0 136
137 0
0 138
139 0
0 140
141 0
0 142
143 0
0 144
145 0
0 146
147 0
0 148
149 0
0 150
151 0
0 152
153 0
0 154
155 0
0 156
157 0
0 158
159 0
0 160
161 0
0 162
163 0
0 164
165 0
0 166
167 0
0 168
169 0
0 170
171 0
0 172
173 0
0 174
175 0
0 176
177 0
0 178
179 0
0 180
181 0
0 182
183 0
0 184
185 0
0 186
187 0
0 188
189 0
0 190
191 0
0 192
193 0
0 194
195 0
0 196
197 0
0 198
199 0
0 200
201 0
0 202
203 0
0 204
205 0
0 206
207 0
0 208
209 0
0 210
211 0
0 212
213 0
0 214
215 0
0 216
217 0
0 218
219 0
0 220
221 0
0 222
223 0
0 224
225 0
0 226
227 0
0 228
229 0
0 230
231 0
0 232
233 0
0 234
235 0
0 236
237 0
0 238
239 0
0 240
241 0
0 242
243 0
0 244
245 0
0 246
247 0
0 248
249 0
0 250
251 0
0 252
253 0
0 254
255 0
0 256
257 0
0 258
259 0
0 260
261 0
0 262
263 0
0 264
265 0
0 266
267 0
0 268
269 0
0 270
271 0
0 272
273 0
0 274
275 0
0 276
277 0
0 278
279 0
0 280
281 0
0 282
283 0
0 284
285 0
0 286
287 0
0 288
289 0
0 290
291 0
0 292
293 0
0 294
295 0
0 296
297 0
0 298
299 0
0 300
301 0
0 302
303 0
0 304
305 0
0 306
307 0
0 308
309 0
0 310
311 0
0 312
313 0
0 314
315 0
0 316
317 0
0 318
319 0
0 320
321 0
0 322
323 0
0 324
325 0
0 326
327 0
0 328
329 0
0 330
331 0
0 332
333 0
0 334
335 0
0 336
337 0
0 338
339 0
0 340
341 0
0 342
343 0
0 344
345 0
0 346
347 0
0 348
349 0
0 350
351 0
0 352
353 0
0 354
355 0
0 356
357 0
0 358
359 0
0 360
361 0
0 362
363 0
0 364
365 0
0 366
367 0
0 368
369 0
0 370
371 0
0 372
373 0
0 374
375 0
0 376
377 0
0 378
379 0
0 380
381 0
0 382
383 0
0 384
385 0
0 386
387 0
0 388
389 0
0 390
391 0
0 392
393 0
0 394
395 0
0 396
397 0
0 398
399 0
0 400
401 0
0 402
403 0
0 404
405 0
0 406
407 0
0 408
409 0
0 410
411 0
0 412
413 0
0 414
415 0
0 416
417 0
0 418
419 0
0 420
421 0
0 422
423 0
0 424
425 0
0 426
427 0
0 428
429 0
0 430
431 0
0 432
433 0
0 434
435 0
0 436
437 0
0 438
439 0
0 440
441 0
0 442
443 0
0 444
445 0
0 446
447 0
0 448
449 0
0 450
451 0
0 452
453 0
0 454
455 0
0 456
457 0
0 458
459 0
0 460
461 0
0 462
463 0
0 464
465 0
0 466
467 0
0 468
469 0
0 470
471 0
0 472
473 0
0 474
475 0
0 476
477 0
0 478
479 0
0 480
481 0
0 482
483 0
0 484
485 0
0 486
487 0
0 488
489 0
0 490
491 0
0 492
493 0
0 494
495 0
0 496
497 0
0 498
499 0
0 500
501 0
0 502
503 0
0 504
505 0
0 506
507 0
0 508
509 0
0 510
511 0
0 512
513 0
0 514
515 0
0 516
517 0
0 518
519 0
0 520
521 0
0 522
523 0
0 524
525 0
0 526
527 0
0 528
529 0
0 530
531 0
0 532
533 0
0 534
535 0
0 536
537 0
0 538
539 0
0 540
541 0
0 542
543 0
0 544
545 0
0 546
547 0
0 548
549 0
0 550
551 0
0 552
553 0
0 554
555 0
0 556
557 0
0 558
559 0
0 560
561 0
0 562
563 0
0 564
565 0
0 566
567 0
0 568
569 0
0 570
571 0
0 572
573 0
0 574
575 0
0 576
577 0
0 578
579 0
0 580
581 0
0 582
583 0
0 584
585 0
0 586
587 0
0 588
589 0
0 590
591 0
0 592
593 0
0 594
595 0
0 596
597 0
0 598
599 0
0 600
601 0
0 602
603 0
0 604
605 0
0 606
607 0
0 608
609 0
0 610
611 0
0 612
613 0
0 614
615 0
0 616
617 0
0 618
619 0
0 620
621 0
0 622
623 0
0 624
625 0
0 626
627 0
0 628
629 0
0 630
631 0
0 632
633 0
0 634
635 0
0 636
637 0
0 638
639 0
0 640
641 0
0 642
643 0
0 644
645 0
0 646
647 0
0 648
649 0
0 650
651 0
0 652
653 0
0 654
655 0
0 656
657 0
0 658
659 0
0 660
661 0
0 662
663 0
0 664
665 0
0 666
667 0
0 668
669 0
0 670
671 0
0 672
673 0
0 674
675 0
0 676
677 0
0 678
679 0
0 680
681 0
0 682
683 0
0 684
685 0
0 686
687 0
0 688
689 0
0 690
691 0
0 692
693 0
0 694
695 0
0 696
697 0
0 698
699 0
0 700
701 0
0 702
703 0
0 704
705 0
0 706
707 0
0 708
709 0
0 710
711 0
0 712
713 0
0 714
715 0
0 716
717 0
0 718
719 0
0 720
721 0
0 722
723 0
0 724
725 0
0 726
727 0
0 728
729 0
0 730
731 0
0 732
733 0
0 734
735 0
0 736
737 0
0 738
739 0
0 740
741 0
0 742
743 0
0 744
745 0
0 746
747 0
0 748
749 0
0 750
751 0
0 752
753 0
0 754
755 0
0 756
757 0
0 758
759 0
0 760
761 0
0 762
763 0
0 764
765 0
0 766
767 0
0 768
769 0
0 770
771 0
0 772
773 0
0 774
775 0
0 776
777 0
0 778
779 0
0 780
781 0
0 782
783 0
0 784
785 0
0 786
787 0
0 788
789 0
0 790
791 0
0 792
793 0
0 794
795 0
0 796
797 0
0 798
799 0
0 800
801 0
0 802
803 0
0 804
805 0
0 806
807 0
0 808
809 0
0 810
811 0
0 812
813 0
0 814
815 0
0 816
817 0
0 818
819 0
0 820
821 0
0 822
823 0
0 824
825 0
0 826
827 0
0 828
829 0
0 830
831 0
0 832
833 0
0 834
835 0
0 836
837 0
0 838
839 0
0 840
841 0
0 842
843 0
0 844
845 0
0 846
847 0
0 848
849 0
0 850
851 0
0 852
853 0
0 854
855 0
0 856
857 0
0 858
859 0
0 860
861 0
0 862
863 0
0 864
865 0
0 866
867 0
0 868
869 0
0 870
871 0
0 872
873 0
0 874
875 0
0 876
877 0
0 878
879 0
0 880
881 0
0 882
883 0
0 884
885 0
0 886
887 0
0 888
889 0
0 890
891 0
0 892
893 0
0 894
895 0
0 896
897 0
0 898
899 0
0 900
901 0
0 902
903 0
0 904
905 0
0 906
907 0
0 908
909 0
0 910
911 0
0 912
913 0
0 914
915 0
0 916
917 0
0 918
919 0
0 920
921 0
0 922
923 0
0 924
925 0
0 926
927 0
0 928
929 0
0 930
931 0
0 932
933 0
0 934
935 0
0 936
937 0
0 938
939 0
0 940
941 0
0 942
943 0
0 944
945 0
0 946
947 0
0 948
949 0
0 950
951 0
0 952
953 0
0 954
955 0
0 956
957 0
0 958
959 0
0 960
961 0
0 962
963 0
0 964
965 0
0 966
967 0
0 968
969 0
0 970
971 0
0 972
973 0
0 974
975 0
0 976
977 0
0 978
979 0
0 980
981 0
0 982
983 0
0 984
985 0
0 986
987 0
0 988
989 0
0 990
991 0
0 992
993 0
0 994
995 0
0 996
997 0
0 998
999 0
0 1000
1001 0
0 1002
1003 0
0 1004
1005 0
0 1006
1007 0
0 1008
1009 0
0 1010
1011 0
0 1012
1013 0
0 1014
1015 0
0 1016
1017 0
0 1018
1019 0
0 1020
1021 0
0 1022
1023 0
0 1024
1025 0
0 1026
1027 0
0 1028
1029 0
0 1030
1031 0
0 1032
1033 0
0 1034
1035 0
0 1036
1037 0
0 1038
1039 0
0 1040
1041 0
0 1042
1043 0
0 1044
1045 0
0 1046
1047 0
0 1048
1049 0
0 1050
1051 0
0 1052
1053 0
0 1054
1055 0
0 1056
1057 0
0 1058
1059 0
0 1060
1061 0
0 1062
1063 0
0 1064
1065 0
0 1066
1067 0
0 1068
1069 0
0 1070
1071 0
0 1072
1073 0
0 1074
1075 0
0 1076
1077 0
0 1078
1079 0
0 1080
1081 0
0 1082
1083 0
0 1084
1085 0
0 1086
1087 0
0 1088
1089 0
0 1090
1091 0
0 1092
1093 0
0 1094
1095 0
0 1096
1097 0
0 1098
1099 0
0 1100
1101 0
0 1102
1103 0
0 1104
1105 0
0 1106
1107 0
0 1108
1109 0
0 1110
1111 0
0 1112
1113 0
0 1114
1115 0
0 1116
1117 0
0 1118
1119 0
0 1120
1121 0
0 1122
1123 0
0 1124
1125 0
0 1126
1127 0
0 1128
1129 0
0 1130
1131 0
0 1132
1133 0
0 1134
1135 0
0 1136
1137 0
0 1138
1139 0
0 1140
1141 0
0 1142
1143 0
0 1144
1145 0
0 1146
1147 0
0 1148
1149 0
0 1150
1151 0
0 1152
1153 0
0 1154
1155 0
0 1156
1157 0
0 1158
1159 0
0 1160
1161 0
0 1162
1163 0
0 1164
1165 0
0 1166
1167 0
0 1168
1169 0
0 1170
1171 0
0 1172
1173 0
0 1174
1175 0
0 1176
1177 0
0 1178
1179 0
0 1180
1181 0
0 1182
1183 0
0 1184
1185 0
0 1186
1187 0
0 1188
1189 0
0 1190
1191 0
0 1192
1193 0
0 1194
1195 0
0 1196
1197 0
0 1198
1199 0
0 1200
1201 0
0 1202
1203 0
0 1204
1205 0
0 1206
1207 0
0 1208
1209 0
0 1210
1211 0
0 1212
1213 0
0 1214
1215 0
0 1216
1217 0
0 1218
1219 0
0 1220
1221 0
0 1222
1223 0
0 1224
1225 0
0 1226
1227 0
0 1228
1229 0
0 1230
1231 0
0 1232
1233 0
0 1234
1235 0
0 1236
1237 0
0 1238
1239 0
0 1240
1241 0
0 1242
1243 0
0 1244
1245 0
0 1246
1247 0
0 1248
1249 0
0 1250
1251 0
0 1252
1253 0
0 1254
1255 0
0 1256
1257 0
0 1258
1259 0
0 1260
1261 0
0 1262
1263 0
0 1264
1265 0
0 1266
1267 0
0 1268
1269 0
0 1270
1271 0
0 1272
1273 0
0 1274
1275 0
0 1276
1277 0
0 1278
1279 0
0 1280
1281 0
0 1282
1283 0
0 1284
1285 0
0 1286
1287 0
0 1288
1289 0
0 1290
1291 0
0 1292
1293 0
0 1294
1295 0
0 1296
1297 0
0 1298
1299 0
0 1300
1301 0
0 1302
1303 0
0 1304
1305 0
0 1306
1307 0
0 1308
1309 0
0 1310
1311 0
0 1312
1313 0
0 1314
1315 0
0 1316
1317 0
0 1318
1319 0
0 1320
1321 0
0 1322
1323 0
0 1324
1325 0
0 1326
1327 0
0 1328
1329 0
0 1330
1331 0
0 1332
1333 0
0 1334
1335 0
0 1336
1337 0
0 1338
1339 0
0 1340
1341 0
0 1342
1343 0
0 1344
1345 0
0 1346
1347 0
0 1348
1349 0
0 1350
1351 0
0 1352
1353 0
0 1354
1355 0
0 1356
1357 0
0 1358
1359 0
0 1360
1361 0
0 1362
1363 0
0 1364
1365 0
0 1366
1367 0
0 1368
1369 0
0 1370
1371 0
0 1372
1373 0
0 1374
1375 0
0 1376
1377 0
0 1378
1379 0
0 1380
1381 0
0 1382
1383 0
0 1384
1385 0
0 1386
1387 0
0 1388
1389 0
0 1390
1391 0
0 1392
1393 0
0 1394
1395 0
0 1396
1397 0
0 1398
1399 0
0 1400
1401 0
0 1402
1403 0
0 1404
1405 0
0 1406
1407 0
0 1408
1409 0
0 1410
1411 0
0 1412
1413 0
0 1414
1415 0
0 1416
1417 0
0 1418
1419 0
0 1420
1421 0
0 1422
1423 0
0 1424
1425 0
0 1426
1427 0
0 1428
1429 0
0 1430
1431 0
0 1432
1433 0
0 1434
1435 0
0 1436
1437 0
0 1438
1439 0
0 1440
1441 0
0 1442
1443 0
0 1444
1445 0
0 1446
1447 0
0 1448
1449 0
0 1450
1451 0
0 1452
1453 0
0 1454
1455 0
0 1456
1457 0
0 1458
1459 0
0 1460
1461 0
0 1462
1463 0
0 1464
1465 0
0 1466
1467 0
0 1468
1469 0
0 1470
1471 0
0 1472
1473 0
0 1474
1475 0
0 1476
1477 0
0 1478
1479 0
0 1480
1481 0
0 1482
1483 0
0 1484
1485 0
0 1486
1487 0
0 1488
1489 0
0 1490
1491 0
0 1492
1493 0
0 1494
1495 0
0 1496
1497 0
0 1498
1499 0
0 1500
1501 0
0 1502
1503 0
0 1504
1505 0
0 1506
1507 0
0 1508
1509 0
0 1510
1511 0
0 1512
1513 0
0 1514
1515 0
0 1516
1517 0
0 1518
1519 0
0 1520
1521 0
0 1522
1523 0
0 1524
1525 0
0 1526
1527 0
0 1528
1529 0
0 1530
1531 0
0 1532
1533 0
0 1534
1535 0
0 1536
1537 0
0 1538
1539 0
0 1540
1541 0
0 1542
1543 0
0 1544
1545 0
0 1546
1547 0
0 1548
1549 0
0 1550
1551 0
0 1552
1553 0
0 1554
1555 0
0 1556
1557 0
0 1558
1559 0
0 1560
1561 0
0 1562
1563 0
0 1564
1565 0
0 1566
1567 0
0 1568
1569 0
0 1570
1571 0
0 1572
1573 0
0 1574
1575 0
0 1576
1577 0
0 1578
1579 0
0 1580
1581 0
0 1582
1583 0
0 1584
1585 0
0 1586
1587 0
0 1588
1589 0
0 1590
1591 0
0 1592
1593 0
0 1594
1595 0
0 1596
1597 0
0 1598
1599 0
0 1600
1601 0
0 1602
1603 0
0 1604
1605 0
0 1606
1607 0
0 1608
1609 0
0 1610
1611 0
0 1612
1613 0
0 1614
1615 0
0 1616
1617 0
0 1618
1619 0
0 1620
1621 0
0 1622
1623 0
0 1624
1625 0
0 1626
1627 0
0 1628
1629 0
0 1630
1631 0
0 1632
1633 0
0 1634
1635 0
0 1636
1637 0
0 1638
1639 0
0 1640
1641 0
0 1642
1643 0
0 1644
1645 0
0 1646
1647 0
0 1648
1649 0
0 1650
1651 0
0 1652
1653 0
0 1654
1655 0
0 1656
1657 0
0 1658
1659 0
0 1660
1661 0
0 1662
1663 0
0 1664
1665 0
0 1666
1667 0
0 1668
1669 0
0 1670
1671 0
0 1672
1673 0
0 1674
1675 0
0 1676
1677 0
0 1678
1679 0
0 1680
1681 0
0 1682
1683 0
0 1684
1685 0
0 1686
1687 0
0 1688
1689 0
0 1690
1691 0
0 1692
1693 0
0 1694
1695 0
0 1696
1697 0
0 1698
1699 0
0 1700
1701 0
0 1702
1703 0
0 1704
1705 0
0 1706
1707 0
0 1708
1709 0
0 1710
1711 0
0 1712
1713 0
0 1714
1715 0
0 1716
1717 0
0 1718
1719 0
0 1720
1721 0
0 1722
1723 0
0 1724
1725 0
0 1726
1727 0
0 1728
1729 0
0 1730
1731 0
0 1732
1733 0
0 1734
1735 0
0 1736
1737 0
0 1738
1739 0
0 1740
1741 0
0 1742
1743 0
0 1744
1745 0
0 1746
1747 0
0 1748
1749 0
0 1750
1751 0
0 1752
1753 0
0 1754
1755 0
0 1756
1757 0
0 1758
1759 0
0 1760
1761 0
0 1762
1763 0
0 1764
1765 0
0 1766
1767 0
0 1768
1769 0
0 1770
1771 0
0 1772
1773 0
0 1774
1775 0
0 1776
1777 0
0 1778
1779 0
0 1780
1781 0
0 1782
1783 0
0 1784
1785 0
0 1786
1787 0
0 1788
1789 0
0 1790
1791 0
0 1792
1793 0
0 1794
1795 0
0 1796
1797 0
0 1798
1799 0
0 1800
1801 0
0 1802
1803 0
0 1804
1805 0
0 1806
1807 0
0 1808
1809 0
0 1810
1811 0
0 1812
1813 0
0 1814
1815 0
0 1816
1817 0
0 1818
1819 0
0 1820
1821 0
0 1822
1823 0
0 1824
1825 0
0 1826
1827 0
0 1828
1829 0
0 1830
1831 0
0 1832
1833 0
0 1834
1835 0
0 1836
1837 0
0 1838
1839 0
0 1840
1841 0
0 1842
1843 0
0 1844
1845 0
0 1846
1847 0
0 1848
1849 0
0 1850
1851 0
0 1852
1853 0
0 1854
1855 0
0 1856
1857 0
0 1858
1859 0
0 1860
1861 0
0 1862
1863 0
0 1864
1865 0
0 1866
1867 0
0 1868
1869 0
0 1870
1871 0
0 1872
1873 0
0 1874
1875 0
0 1876
1877 0
0 1878
1879 0
0 1880
1881 0
0 1882
1883 0
0 1884
1885 0
0 1886
1887 0
0 1888
1889 0
0 1890
1891 0
0 1892
1893 0
0 1894
1895 0
0 1896
1897 0
0 1898
1899 0
0 1900
1901 0
0 1902
1903 0
0 1904
1905 0
0 1906
1907 0
0 1908
1909 0
0 1910
1911 0
0 1912
1913 0
0 1914
1915 0
0 1916
1917 0
0 1918
1919 0
0 1920
1921 0
0 1922
1923 0
0 1924
1925 0
0 1926
1927 0
0 1928
1929 0
0 1930
1931 0
0 1932
1933 0
0 1934
1935 0
0 1936
1937 0
0 1938
1939 0
0 1940
1941 0
0 1942
1943 0
0 1944
1945 0
0 1946
1947 0
0 1948
1949 0
0 1950
1951 0
0 1952
1953 0
0 1954
1955 0
0 1956
1957 0
0 1958
1959 0
0 1960
1961 0
0 1962
1963 0
0 1964
1965 0
0 1966
1967 0
0 1968
1969 0
0 1970
1971 0
0 1972
1973 0
0 1974
1975 0
0 1976
1977 0
0 1978
1979 0
0 1980
1981 0
0 1982
1983 0
0 1984
1985 0
0 1986
1987 0
0 1988
1989 0
0 1990
1991 0
0 1992
1993 0
0 1994
1995 0
0 1996
1997 0
0 1998
1999 0
0 2000
1 0
0 2
3 0
0 4
5 0
0 6
7 0
0 8
9 0
0 10
11 0
0 12
13 0
0 14
15 0
0 16
17 0
0 18
19 0
0 20
21 0
0 22
23 0
0 24
25 0
0 26
27 0
0 28
29 0
0 30
31 0
0 32
33 0
0 34
35 0
0 36
37 0
0 38
39 0
0 40
41 0
0 42
43 0
0 44
45 0
0 46
47 0
0 48
49 0
0 50
51 0
0 52
53 0
0 54
55 0
0 56
57 0
0 58
59 0
0 60
61 0
0 62
63 0
0 64
65 0
0 66
67 0
0 68
69 0
0 70
71 0
0 72
73 0
0 74
75 0
0 76
77 0
0 78
79 0
0 80
81 0
0 82
83 0
0 84
85 0
0 86
87 0
0 88
89 0
0 90
91 0
0 92
93 0
0 94
95 0
0 96
97 0
0 98
99 0
0 100
101 0
0 102
103 0
0 104
105 0
0 106
107 0
0 108
109 0
0 110
111 0
0 112
113 0
0 114
115 0
0 116
117 0
0 118
119 0
0 120
121 0
0 122
123 0
0 124
125 0
0 126
127 0
0 128
129 0
0 130
131 0
0 132
133 0
0 134
135 0
0 136
137 0
0 138
139 0
0 140
141 0
0 142
143 0
0 144
145 0
0 146
147 0
0 148
149 0
0 150
151 0
0 152
153 0
0 154
155 0
0 156
157 0
0 158
159 0
0 160
161 0
0 162
163 0
0 164
165 0
0 166
167 0
0 168
169 0
0 170
171 0
0 172
173 0
0 174
175 0
0 176
177 0
0 178
179 0
0 180
181 0
0 182
183 0
0 184
185 0
0 186
187 0
0 188
189 0
0 190
191 0
0 192
193 0
0 194
195 0
0 196
197 0
0 198
199 0
0 200
201 0
0 202
203 0
0 204
205 0
0 206
207 0
0 208
209 0
0 210
211 0
0 212
213 0
0 214
215 0
0 216
217 0
0 218
219 0
0 220
221 0
0 222
223 0
0 224
225 0
0 226
227 0
0 228
229 0
0 230
231 0
0 232
233 0
0 234
235 0
0 236
237 0
0 238
239 0
0 240
241 0
0 242
243 0
0 244
245 0
0 246
247 0
0 248
249 0
0 250
251 0
0 252
253 0
0 254
255 0
0 256
257 0
0 258
259 0
0 260
261 0
0 262
263 0
0 264
265 0
0 266
267 0
0 268
269 0
0 270
271 0
0 272
273 0
0 274
275 0
0 276
277 0
0 278
279 0
0 280
281 0
0 282
283 0
0 284
285 0
0 286
287 0
0 288
289 0
0 290
291 0
0 292
293 0
0 294
295 0
0 296
297 0
0 298
299 0
0 300
301 0
0 302
303 0
0 304
305 0
0 306
307 0
0 308
309 0
0 310
311 0
0 312
313 0
0 314
315 0
0 316
317 0
0 318
319 0
0 320
321 0
0 322
323 0
0 324
325 0
0 326
327 0
0 328
329 0
0 330
331 0
0 332
333 0
0 334
335 0
0 336
337 0
0 338
339 0
0 340
341 0
0 342
343 0
0 344
345 0
0 346
347 0
0 348
349 0
0 350
351 0
0 352
353 0
0 354
355 0
0 356
357 0
0 358
359 0
0 360
361 0
0 362
363 0
0 364
365 0
0 366
367 0
0 368
369 0
0 370
371 0
0 372
373 0
0 374
375 0
0 376
377 0
0 378
379 0
0 380
381 0
0 382
383 0
0 384
385 0
0 386
387 0
0 388
389 0
0 390
391 0
0 392
393 0
0 394
395 0
0 396
397 0
0 398
399 0
0 400
401 0
0 402
403 0
0 404
405 0
0 406
407 0
0 408
409 0
0 410
411 0
0 412
413 0
0 414
415 0
0 416
417 0
0 418
419 0
0 420
421 0
0 422
423 0
0 424
425 0
0 426
427 0
0 428
429 0
0 430
431 0
0 432
433 0
0 434
435 0
0 436
437 0
0 438
439 0
0 440
441 0
0 442
443 0
0 444
445 0
0 446
447 0
0 448
449 0
0 450
451 0
0 452
453 0
0 454
455 0
0 456
457 0
0 458
459 0
0 460
461 0
0 462
463 0
0 464
465 0
0 466
467 0
0 468
469 0
0 470
471 0
0 472
473 0
0 474
475 0
0 476
477 0
0 478
479 0
0 480
481 0
0 482
483 0
0 484
485 0
0 486
487 0
0 488
489 0
0 490
491 0
0 492
493 0
0 494
495 0
0 496
497 0
0 498
499 0
0 500
501 0
0 502
503 0
0 504
505 0
0 506
507 0
0 508
509 0
0 510
511 0
0 512
513 0
0 514
515 0
0 516
517 0
0 518
519 0
0 520
521 0
0 522
523 0
0 524
525 0
0 526
527 0
0 528
529 0
0 530
531 0
0 532
533 0
0 534
535 0
0 536
537 0
0 538
539 0
0 540
541 0
0 542
543 0
0 544
545 0
0 546
547 0
0 548
549 0
0 550
551 0
0 552
553 0
0 554
555 0
0 556
557 0
0 558
559 0
0 560
561 0
0 562
563 0
0 564
565 0
0 566
567 0
0 568
569 0
0 570
571 0
0 572
573 0
0 574
575 0
0 576
577 0
0 578
579 0
0 580
581 0
0 582
583 0
0 584
585 0
0 586
587 0
0 588
589 0
0 590
591 0
0 592
593 0
0 594
595 0
0 596
597 0
0 598
599 0
0 600
601 0
0 602
603 0
0 604
605 0
0 606
607 0
0 608
609 0
0 610
611 0
0 612
613 0
0 614
615 0
0 616
617 0
0 618
619 0
0 620
621 0
0 622
623 0
0 624
625 0
0 626
627 0
0 628
629 0
0 630
631 0
0 632
633 0
0 634
635 0
0 636
637 0
0 638
639 0
0 640
641 0
0 642
643 0
0 644
645 0
0 646
647 0
0 648
649 0
0 650
651 0
0 652
653 0
0 654
655 0
0 656
657 0
0 658
659 0
0 660
661 0
0 662
663 0
0 664
665 0
0 666
667 0
0 668
669 0
0 670
671 0
0 672
673 0
0 674
675 0
0 676
677 0
0 678
679 0
0 680
681 0
0 682
683 0
0 684
685 0
0 686
687 0
0 688
689 0
0 690
691 0
0 692
693 0
0 694
695 0
0 696
697 0
0 698
699 0
0 700
701 0
0 702
703 0
0 704
705 0
0 706
707 0
0 708
709 0
0 710
711 0
0 712
713 0
0 714
715 0
0 716
717 0
0 718
719 0
0 720
721 0
0 722
723 0
0 724
725 0
0 726
727 0
0 728
729 0
0 730
731 0
0 732
733 0
0 734
735 0
0 736
737 0
0 738
739 0
0 740
741 0
0 742
743 0
0 744
745 0
0 746
747 0
0 748
749 0
0 750
751 0
0 752
753 0
0 754
755 0
0 756
757 0
0 758
759 0
0 760
761 0
0 762
763 0
0 764
765 0
0 766
767 0
0 768
769 0
0 770
771 0
0 772
773 0
0 774
775 0
0 776
777 0
0 778
779 0
0 780
781 0
0 782
783 0
0 784
785 0
0 786
787 0
0 788
789 0
0 790
791 0
0 792
793 0
0 794
795 0
0 796
797 0
0 798
799 0
0 800
801 0
0 802
803 0
0 804
805 0
0 806
807 0
0 808
809 0
0 810
811 0
0 812
813 0
0 814
815 0
0 816
817 0
0 818
819 0
0 820
821 0
0 822
823 0
0 824
825 0
0 826
827 0
0 828
829 0
0 830
831 0
0 832
833 0
0 834
835 0
0 836
837 0
0 838
839 0
0 840
841 0
0 842
843 0
0 844
845 0
0 846
847 0
0 848
849 0
0 850
851 0
0 852
853 0
0 854
855 0
0 856
857 0
0 858
859 0
0 860
861 0
0 862
863 0
0 864
865 0
0 866
867 0
0 868
869 0
0 870
871 0
0 872
873 0
0 874
875 0
0 876
877 0
0 878
879 0
0 880
881 0
0 882
883 0
0 884
885 0
0 886
887 0
0 888
889 0
0 890
891 0
0 892
893 0
0 894
895 0
0 896
897 0
0 898
899 0
0 900
901 0
0 902
903 0
0 904
905 0
0 906
907 0
0 908
909 0
0 910
911 0
0 912
913 0
0 914
915 0
0 916
917 0
0 918
919 0
0 920
921 0
0 922
923 0
0 924
925 0
0 926
927 0
0 928
929 0
0 930
931 0
0 932
933 0
0 934
935 0
0 936
937 0
0 938
939 0
0 940
941 0
0 942
943 0
0 944
945 0
0 946
947 0
0 948
949 0
0 950
951 0
0 952
953 0
0 954
955 0
0 956
957 0
0 958
959 0
0 960
961 0
0 962
963 0
0 964
965 0
0 966
967 0
0 968
969 0
0 970
971 0
0 972
973 0
0 974
975 0
0 976
977 0
0 978
979 0
0 980
981 0
0 982
983 0
0 984
985 0
0 986
987 0
0 988
989 0
0 990
991 0
0 992
993 0
0 994
995 0
0 996
997 0
0 998
999 0
0 1000
1001 0
0 1002
1003 0
0 1004
1005 0
0 1006
1007 0
0 1008
1009 0
0 1010
1011 0
0 1012
1013 0
0 1014
1015 0
0 1016
1017 0
0 1018
1019 0
0 1020
1021 0
0 1022
1023 0
0 1024
1025 0
0 1026
1027 0
0 1028
1029 0
0 1030
1031 0
0 1032
1033 0
0 1034
1035 0
0 1036
1037 0
0 1038
1039 0
0 1040
1041 0
0 1042
1043 0
0 1044
1045 0
0 1046
1047 0
0 1048
1049 0
0 1050
1051 0
0 1052
1053 0
0 1054
1055 0
0 1056
1057 0
0 1058
1059 0
0 1060
1061 0
0 1062
1063 0
0 1064
1065 0
0 1066
1067 0
0 1068
1069 0
0 1070
1071 0
0 1072
1073 0
0 1074
1075 0
0 1076
1077 0
0 1078
1079 0
0 1080
1081 0
0 1082
1083 0
0 1084
1085 0
0 1086
1087 0
0 1088
1089 0
0 1090
1091 0
0 1092
1093 0
0 1094
1095 0
0 1096
1097 0
0 1098
1099 0
0 1100
1101 0
0 1102
1103 0
0 1104
1105 0
0 1106
1107 0
0 1108
1109 0
0 1110
1111 0
0 1112
1113 0
0 1114
1115 0
0 1116
1117 0
0 1118
1119 0
0 1120
1121 0
0 1122
1123 0
0 1124
1125 0
0 1126
1127 0
0 1128
1129 0
0 1130
1131 0
0 1132
1133 0
0 1134
1135 0
0 1136
1137 0
0 1138
1139 0
0 1140
1141 0
0 1142
1143 0
0 1144
1145 0
0 1146
1147 0
0 1148
1149 0
0 1150
1151 0
0 1152
1153 0
0 1154
1155 0
0 1156
1157 0
0 1158
1159 0
0 1160
1161 0
0 1162
1163 0
0 1164
1165 0
0 1166
1167 0
0 1168
1169 0
0 1170
1171 0
0 1172
1173 0
0 1174
1175 0
0 1176
1177 0
0 1178
1179 0
0 1180
1181 0
0 1182
1183 0
0 1184
1185 0
0 1186
1187 0
0 1188
1189 0
0 1190
1191 0
0 1192
1193 0
0 1194
1195 0
0 1196
1197 0
0 1198
1199 0
0 1200
1201 0
0 1202
1203 0
0 1204
1205 0
0 1206
1207 0
0 1208
1209 0
0 1210
1211 0
0 1212
1213 0
0 1214
1215 0
0 1216
1217 0
0 1218
1219 0
0 1220
1221 0
0 1222
1223 0
0 1224
1225 0
0 1226
1227 0
0 1228
1229 0
0 1230
1231 0
0 1232
1233 0
0 1234
1235 0
0 1236
1237 0
0 1238
1239 0
0 1240
1241 0
0 1242
1243 0
0 1244
1245 0
0 1246
1247 0
0 1248
1249 0
0 1250
1251 0
0 1252
1253 0
0 1254
1255 0
0 1256
1257 0
0 1258
1259 0
0 1260
1261 0
0 1262
1263 0
0 1264
1265 0
0 1266
1267 0
0 1268
1269 0
0 1270
1271 0
0 1272
1273 0
0 1274
1275 0
0 1276
1277 0
0 1278
1279 0
0 1280
1281 0
0 1282
1283 0
0 1284
1285 0
0 1286
1287 0
0 1288
1289 0
0 1290
1291 0
0 1292
1293 0
0 1294
1295 0
0 1296
1297 0
0 1298
1299 0
0 1300
1301 0
0 1302
1303 0
0 1304
1305 0
0 1306
1307 0
0 1308
1309 0
0 1310
1311 0
0 1312
1313 0
0 1314
1315 0
0 1316
1317 0
0 1318
1319 0
0 1320
1321 0
0 1322
1323 0
0 1324
1325 0
0 1326
1327 0
0 1328
1329 0
0 1330
1331 0
0 1332
1333 0
0 1334
1335 0
0 1336
1337 0
0 1338
1339 0
0 1340
1341 0
0 1342
1343 0
0 1344
1345 0
0 1346
1347 0
0 1348
1349 0
0 1350
1351 0
0 1352
1353 0
0 1354
1355 0
0 1356
1357 0
0 1358
1359 0
0 1360
1361 0
0 1362
1363 0
0 1364
1365 0
0 1366
1367 0
0 1368
1369 0
0 1370
1371 0
0 1372
1373 0
0 1374
1375 0
0 1376
1377 0
0 1378
1379 0
0 1380
1381 0
0 1382
1383 0
0 1384
1385 0
0 1386
1387 0
0 1388
1389 0
0 1390
1391 0
0 1392
1393 0
0 1394
1395 0
0 1396
1397 0
0 1398
1399 0
0 1400
1401 0
0 1402
1403 0
0 1404
1405 0
0 1406
1407 0
0 1408
1409 0
0 1410
1411 0
0 1412
1413 0
0 1414
1415 0
0 1416
1417 0
0 1418
1419 0
0 1420
1421 0
0 1422
1423 0
0 1424
1425 0
0 1426
1427 0
0 1428
1429 0
0 1430
1431 0
0 1432
1433 0
0 1434
1435 0
0 1436
1437 0
0 1438
1439 0
0 1440
1441 0
0 1442
1443 0
0 1444
1445 0
0 1446
1447 0
0 1448
1449 0
0 1450
1451 0
0 1452
1453 0
0 1454
1455 0
0 1456
1457 0
0 1458
1459 0
0 1460
1461 0
0 1462
1463 0
0 1464
1465 0
0 1466
1467 0
0 1468
1469 0
0 1470
1471 0
0 1472
1473 0
0 1474
1475 0
0 1476
1477 0
0 1478
1479 0
0 1480
1481 0
0 1482
1483 0
0 1484
1485 0
0 1486
1487 0
0 1488
1489 0
0 1490
1491 0
0 1492
1493 0
0 1494
1495 0
0 1496
1497 0
0 1498
1499 0
0 1500
1501 0
0 1502
1503 0
0 1504
1505 0
0 1506
1507 0
0 1508
1509 0
0 1510
1511 0
0 1512
1513 0
0 1514
1515 0
0 1516
1517 0
0 1518
1519 0
0 1520
1521 0
0 1522
1523 0
0 1524
1525 0
0 1526
1527 0
0 1528
1529 0
0 1530
1531 0
0 1532
1533 0
0 1534
1535 0
0 1536
1537 0
0 1538
1539 0
0 1540
1541 0
0 1542
1543 0
0 1544
1545 0
0 1546
1547 0
0 1548
1549 0
0 1550
1551 0
0 1552
1553 0
0 1554
1555 0
0 1556
1557 0
0 1558
1559 0
0 1560
1561 0
0 1562
1563 0
0 1564
1565 0
0 1566
1567 0
0 1568
1569 0
0 1570
1571 0
0 1572
1573 0
0 1574
1575 0
0 1576
1577 0
0 1578
1579 0
0 1580
1581 0
0 1582
1583 0
0 1584
1585 0
0 1586
1587 0
0 1588
1589 0
0 1590
1591 0
0 1592
1593 0
0 1594
1595 0
0 1596
1597 0
0 1598
1599 0
0 1600
1601 0
0 1602
1603 0
0 1604
1605 0
0 1606
1607 0
0 1608
1609 0
0 1610
1611 0
0 1612
1613 0
0 1614
1615 0
0 1616
1617 0
0 1618
1619 0
0 1620
1621 0
0 1622
1623 0
0 1624
1625 0
0 1626
1627 0
0 1628
1629 0
0 1630
1631 0
0 1632
1633 0
0 1634
1635 0
0 1636
1637 0
0 1638
1639 0
0 1640
1641 0
0 1642
1643 0
0 1644
1645 0
0 1646
1647 0
0 1648
1649 0
0 1650
1651 0
0 1652
1653 0
0 1654
1655 0
0 1656
1657 0
0 1658
1659 0
0 1660
1661 0
0 1662
1663 0
0 1664
1665 0
0 1666
1667 0
0 1668
1669 0
0 1670
1671 0
0 1672
1673 0
0 1674
1675 0
0 1676
1677 0
0 1678
1679 0
0 1680
1681 0
0 1682
1683 0
0 1684
1685 0
0 1686
1687 0
0 1688
1689 0
0 1690
1691 0
0 1692
1693 0
0 1694
1695 0
0 1696
1697 0
0 1698
1699 0
0 1700
1701 0
0 1702
1703 0
0 1704
1705 0
0 1706
1707 0
0 1708
1709 0
0 1710
1711 0
0 1712
1713 0
0 1714
1715 0
0 1716
1717 0
0 1718
1719 0
0 1720
1721 0
0 1722
1723 0
0 1724
1725 0
0 1726
1727 0
0 1728
1729 0
0 1730
1731 0
0 1732
1733 0
0 1734
1735 0
0 1736
1737 0
0 1738
1739 0
0 1740
1741 0
0 1742
1743 0
0 1744
1745 0
0 1746
1747 0
0 1748
1749 0
0 1750
1751 0
0 1752
1753 0
0 1754
1755 0
0 1756
1757 0
0 1758
1759 0
0 1760
1761 0
0 1762
1763 0
0 1764
1765 0
0 1766
1767 0
0 1768
1769 0
0 1770
1771 0
0 1772
1773 0
0 1774
1775 0
0 1776
1777 0
0 1778
1779 0
0 1780
1781 0
0 1782
1783 0
0 1784
1785 0
0 1786
1787 0
0 1788
1789 0
0 1790
1791 0
0 1792
1793 0
0 1794
1795 0
0 1796
1797 0
0 1798
1799 0
0 1800
1801 0
0 1802
1803 0
0 1804
1805 0
0 1806
1807 0
0 1808
1809 0
0 1810
1811 0
0 1812
1813 0
0 1814
1815 0
0 1816
1817 0
0 1818
1819 0
0 1820
1821 0
0 1822
1823 0
0 1824
1825 0
0 1826
1827 0
0 1828
1829 0
0 1830
1831 0
0 1832
1833 0
0 1834
1835 0
0 1836
1837 0
0 1838
1839 0
0 1840
1841 0
0 1842
1843 0
0 1844
1845 0
0 1846
1847 0
0 1848
1849 0
0 1850
1851 0
0 1852
1853 0
0 1854
1855 0
0 1856
1857 0
0 1858
1859 0
0 1860
1861 0
0 1862
1863 0
0 1864
1865 0
0 1866
1867 0
0 1868
1869 0
0 1870
1871 0
0 1872
1873 0
0 1874
1875 0
0 1876
1877 0
0 1878
1879 0
0 1880
1881 0
0 1882
1883 0
0 1884
1885 0
0 1886
1887 0
0 1888
1889 0
0 1890
1891 0
0 1892
1893 0
0 1894
1895 0
0 1896
1897 0
0 1898
1899 0
0 1900
1901 0
0 1902
1903 0
0 1904
1905 0
0 1906
1907 0
0 1908
1909 0
0 1910
1911 0
0 1912
1913 0
0 1914
1915 0
0 1916
1917 0
0 1918
1919 0
0 1920
1921 0
0 1922
1923 0
0 1924
1925 0
0 1926
1927 0
0 1928
1929 0
0 1930
1931 0
0 1932
1933 0
0 1934
1935 0
0 1936
1937 0
0 1938
1939 0
0 1940
1941 0
0 1942
1943 0
0 1944
1945 0
0 1946
1947 0
0 1948
1949 0
0 1950
1951 0
0 1952
1953 0
0 1954
1955 0
0 1956
1957 0
0 1958
1959 0
0 1960
1961 0
0 1962
1963 0
0 1964
1965 0
0 1966
1967 0
0 1968
1969 0
0 1970
1971 0
0 1972
1973 0
0 1974
1975 0
0 1976
1977 0
0 1978
1979 0
0 1980
1981 0
0 1982
1983 0
0 1984
1985 0
0 1986
1987 0
0 1988
1989 0
0 1990
1991 0
0 1992
1993 0
0 1994
1995 0
0 1996
1997 0
0 1998
1999 0
0 2000
1 0
0 2
3 0
0 4
5 0
0 6
7 0
0 8
9 0
0 10
11 0
0 12
13 0
0 14
15 0
0 16
17 0
0 18
19 0
0 20
21 0
0 22
23 0
0 24
25 0
0 26
27 0
0 28
29 0
0 30
31 0
0 32
33 0
0 34
35 0
0 36
37 0
0 38
39 0
0 40
41 0
0 42
43 0
0 44
45 0
0 46
47 0
0 48
49 0
0 50
51 0
0 52
53 0
0 54
55 0
0 56
57 0
0 58
59 0
0 60
61 0
0 62
63 0
0 64
65 0
0 66
67 0
0 68
69 0
0 70
71 0
0 72
73 0
0 74
75 0
0 76
77 0
0 78
79 0
0 80
81 0
0 82
83 0
0 84
85 0
0 86
87 0
0 88
89 0
0 90
91 0
0 92
93 0
0 94
95 0
0 96
97 0
0 98
99 0
0 100
101 0
0 102
103 0
0 104
105 0
0 106
107 0
0 108
109 0
0 110
111 0
0 112
113 0
0 114
115 0
0 116
117 0
0 118
119 0
0 120
121 0
0 122
123 0
0 124
125 0
0 126
127 0
0 128
129 0
0 130
131 0
0 132
133 0
0 134
135 0
0 136
137 0
0 138
139 0
0 140
141 0
0 142
143 0
0 144
145 0
0 146
147 0
0 148
149 0
0 150
151 0
0 152
153 0
0 154
155 0
0 156
157 0
0 158
159 0
0 160
161 0
0 162
163 0
0 164
165 0
0 166
167 0
0 168
169 0
0 170
171 0
0 172
173 0
0 174
175 0
0 176
177 0
0 178
179 0
0 180
181 0
0 182
183 0
0 184
185 0
0 186
187 0
0 188
189 0
0 190
191 0
0 192
193 0
0 194
195 0
0 196
197 0
0 198
199 0
0 200
201 0
0 202
203 0
0 204
205 0
0 206
207 0
0 208
209 0
0 210
211 0
0 212
213 0
0 214
215 0
0 216
217 0
0 218
219 0
0 220
221 0
0 222
223 0
0 224
225 0
0 226
227 0
0 228
229 0
0 230
231 0
0 232
233 0
0 234
235 0
0 236
237 0
0 238
239 0
0 240
241 0
0 242
243 0
0 244
245 0
0 246
247 0
0 248
249 0
0 250
251 0
0 252
253 0
0 254
255 0
0 256
257 0
0 258
259 0
0 260
261 0
0 262
263 0
0 264
265 0
0 266
267 0
0 268
269 0
0 270
271 0
0 272
273 0
0 274
275 0
0 276
277 0
0 278
279 0
0 280
281 0
0 282
283 0
0 284
285 0
0 286
287 0
0 288
289 0
0 290
291 0
0 292
293 0
0 294
295 0
0 296
297 0
0 298
299 0
0 300
301 0
0 302
303 0
0 304
305 0
0 306
307 0
0 308
309 0
0 310
311 0
0 312
313 0
0 314
315 0
0 316
317 0
0 318
319 0
0 320
321 0
0 322
323 0
0 324
325 0
0 326
327 0
0 328
329 0
0 330
331 0
0 332
333 0
0 334
335 0
0 336
337 0
0 338
339 0
0 340
341 0
0 342
343 0
0 344
345 0
0 346
347 0
0 348
349 0
0 350
351 0
0 352
353 0
0 354
355 0
0 356
357 0
0 358
359 0
0 360
361 0
0 362
363 0
0 364
365 0
0 366
367 0
0 368
369 0
0 370
371 0
0 372
373 0
0 374
375 0
0 376
377 0
0 378
379 0
0 380
381 0
0 382
383 0
0 384
385 0
0 386
387 0
0 388
389 0
0 390
391 0
0 392
393 0
0 394
395 0
0 396
397 0
0 398
399 0
0 400
401 0
0 402
403 0
0 404
405 0
0 406
407 0
0 408
409 0
0 410
411 0
0 412
413 0
0 414
415 0
0 416
417 0
0 418
419 0
0 420
421 0
0 422
423 0
0 424
425 0
0 426
427 0
0 428
429 0
0 430
431 0
0 432
433 0
0 434
435 0
0 436
437 0
0 438
439 0
0 440
441 0
0 442
443 0
0 444
445 0
0 446
447 0
0 448
449 0
0 450
451 0
0 452
453 0
0 454
455 0
0 456
457 0
0 458
459 0
0 460
461 0
0 462
463 0
0 464
465 0
0 466
467 0
0 468
469 0
0 470
471 0
0 472
473 0
0 474
475 0
0 476
477 0
0 478
479 0
0 480
481 0
0 482
483 0
0 484
485 0
0 486
487 0
0 488
489 0
0 490
491 0
0 492
493 0
0 494
495 0
0 496
497 0
0 498
499 0
0 500
501 0
0 502
503 0
0 504
505 0
0 506
507 0
0 508
509 0
0 510
511 0
0 512
513 0
0 514
515 0
0 516
517 0
0 518
519 0
0 520
521 0
0 522
523 0
0 524
525 0
0 526
527 0
0 528
529 0
0 530
531 0
0 532
533 0
0 534
535 0
0 536
537 0
0 538
539 0
0 540
541 0
0 542
543 0
0 544
545 0
0 546
547 0
0 548
549 0
0 550
551 0
0 552
553 0
0 554
555 0
0 556
557 0
0 558
559 0
0 560
561 0
0 562
563 0
0 564
565 0
0 566
567 0
0 568
569 0
0 570
571 0
0 572
573 0
0 574
575 0
0 576
577 0
0 578
579 0
0 580
581 0
0 582
583 0
0 584
585 0
0 586
587 0
0 588
589 0
0 590
591 0
0 592
593 0
0 594
595 0
0 596
597 0
0 598
599 0
0 600
601 0
0 602
603 0
0 604
605 0
0 606
607 0
0 608
609 0
0 610
611 0
0 612
613 0
0 614
615 0
0 616
617 0
0 618
619 0
0 620
621 0
0 622
623 0
0 624
625 0
0 626
627 0
0 628
629 0
0 630
631 0
0 632
633 0
0 634
635 0
0 636
637 0
0 638
639 0
0 640
641 0
0 642
643 0
0 644
645 0
0 646
647 0
0 648
649 0
0 650
651 0
0 652
653 0
0 654
655 0
0 656
657 0
0 658
659 0
0 660
661 0
0 662
663 0
0 664
665 0
0 666
667 0
0 668
669 0
0 670
671 0
0 672
673 0
0 674
675 0
0 676
677 0
0 678
679 0
0 680
681 0
0 682
683 0
0 684
685 0
0 686
687 0
0 688
689 0
0 690
691 0
0 692
693 0
0 694
695 0
0 696
697 0
0 698
699 0
0 700
701 0
0 702
703 0
0 704
705 0
0 706
707 0
0 708
709 0
0 710
711 0
0 712
713 0
0 714
715 0
0 716
717 0
0 718
719 0
0 720
721 0
0 722
723 0
0 724
725 0
0 726
727 0
0 728
729 0
0 730
731 0
0 732
733 0
0 734
735 0
0 736
737 0
0 738
739 0
0 740
741 0
0 742
743 0
0 744
745 0
0 746
747 0
0 748
749 0
0 750
751 0
0 752
753 0
0 754
755 0
0 756
757 0
0 758
759 0
0 760
761 0
0 762
763 0
0 764
765 0
0 766
767 0
0 768
769 0
0 770
771 0
0 772
773 0
0 774
775 0
0 776
777 0
0 778
779 0
0 780
781 0
0 782
783 0
0 784
785 0
0 786
787 0
0 788
789 0
0 790
791 0
0 792
793 0
0 794
795 0
0 796
797 0
0 798
799 0
0 800
801 0
0 802
803 0
0 804
805 0
0 806
807 0
0 808
809 0
0 810
811 0
0 812
813 0
0 814
815 0
0 816
817 0
0 818
819 0
0 820
821 0
0 822
823 0
0 824
825 0
0 826
827 0
0 828
829 0
0 830
831 0
0 832
833 0
0 834
835 0
0 836
837 0
0 838
839 0
0 840
841 0
0 842
843 0
0 844
845 0
0 846
847 0
0 848
849 0
0 850
851 0
0 852
853 0
0 854
855 0
0 856
857 0
0 858
859 0
0 860
861 0
0 862
863 0
0 864
865 0
0 866
867 0
0 868
869 0
0 870
871 0
0 872
873 0
0 874
875 0
0 876
877 0
0 878
879 0
0 880
881 0
0 882
883 0
0 884
885 0
0 886
887 0
0 888
889 0
0 890
891 0
0 892
893 0
0 894
895 0
0 896
897 0
0 898
899 0
0 900
901 0
0 902
903 0
0 904
905 0
0 906
907 0
0 908
909 0
0 910
911 0
0 912
913 0
0 914
915 0
0 916
917 0
0 918
919 0
0 920
921 0
0 922
923 0
0 924
925 0
0 926
927 0
0 928
929 0
0 930
931 0
0 932
933 0
0 934
935 0
0 936
937 0
0 938
939 0
0 940
941 0
0 942
943 0
0 944
945 0
0 946
947 0
0 948
949 0
0 950
951 0
0 952
953 0
0 954
955 0
0 956
957 0
0 958
959 0
0 960
961 0
0 962
963 0
0 964
965 0
0 966
967 0
0 968
969 0
0 970
971 0
0 972
973 0
0 974
975 0
0 976
977 0
0 978
979 0
0 980
981 0
0 982
983 0
0 984
985 0
0 986
987 0
0 988
989 0
0 990
991 0
0 992
993 0
0 994
995 0
0 996
997 0
0 998
999 0
0 1000
1001 0
0 1002
1003 0
0 1004
1005 0
0 1006
1007 0
0 1008
1009 0
0 1010
1011 0
0 1012
1013 0
0 1014
1015 0
0 1016
1017 0
0 1018
1019 0
0 1020
1021 0
0 1022
1023 0
0 1024
1025 0
0 1026
1027 0
0 1028
1029 0
0 1030
1031 0
0 1032
1033 0
0 1034
1035 0
0 1036
1037 0
0 1038
1039 0
0 1040
1041 0
0 1042
1043 0
0 1044
1045 0
0 1046
1047 0
0 1048
1049 0
0 1050
1051 0
0 1052
1053 0
0 1054
1055 0
0 1056
1057 0
0 1058
1059 0
0 1060
1061 0
0 1062
1063 0
0 1064
1065 0
0 1066
1067 0
0 1068
1069 0
0 1070
1071 0
0 1072
1073 0
0 1074
1075 0
0 1076
1077 0
0 1078
1079 0
0 1080
1081 0
0 1082
1083 0
0 1084
1085 0
0 1086
1087 0
0 1088
1089 0
0 1090
1091 0
0 1092
1093 0
0 1094
1095 0
0 1096
1097 0
0 1098
1099 0
0 1100
1101 0
0 1102
1103 0
0 1104
1105 0
0 1106
1107 0
0 1108
1109 0
0 1110
1111 0
0 1112
1113 0
0 1114
1115 0
0 1116
1117 0
0 1118
1119 0
0 1120
1121 0
0 1122
1123 0
0 1124
1125 0
0 1126
1127 0
0 1128
1129 0
0 1130
1131 0
0 1132
1133 0
0 1134
1135 0
0 1136
1137 0
0 1138
1139 0
0 1140
1141 0
0 1142
1143 0
0 1144
1145 0
0 1146
1147 0
0 1148
1149 0
0 1150
1151 0
0 1152
1153 0
0 1154
1155 0
0 1156
1157 0
0 1158
1159 0
0 1160
1161 0
0 1162
1163 0
0 1164
1165 0
0 1166
1167 0
0 1168
1169 0
0 1170
1171 0
0 1172
1173 0
0 1174
1175 0
0 1176
1177 0
0 1178
1179 0
0 1180
1181 0
0 1182
1183 0
0 1184
1185 0
0 1186
1187 0
0 1188
1189 0
0 1190
1191 0
0 1192
1193 0
0 1194
1195 0
0 1196
1197 0
0 1198
1199 0
0 1200
1201 0
0 1202
1203 0
0 1204
1205 0
0 1206
1207 0
0 1208
1209 0
0 1210
1211 0
0 1212
1213 0
0 1214
1215 0
0 1216
1217 0
0 1218
1219 0
0 1220
1221 0
0 1222
1223 0
0 1224
1225 0
0 1226
1227 0
0 1228
1229 0
0 1230
1231 0
0 1232
1233 0
0 1234
1235 0
0 1236
1237 0
0 1238
1239 0
0 1240
1241 0
0 1242
1243 0
0 1244
1245 0
0 1246
1247 0
0 1248
1249 0
0 1250
1251 0
0 1252
1253 0
0 1254
1255 0
0 1256
1257 0
0 1258
1259 0
0 1260
1261 0
0 1262
1263 0
0 1264
1265 0
0 1266
1267 0
0 1268
1269 0
0 1270
1271 0
0 1272
1273 0
0 1274
1275 0
0 1276
1277 0
0 1278
1279 0
0 1280
1281 0
0 1282
1283 0
0 1284
1285 0
0 1286
1287 0
0 1288
1289 0
0 1290
1291 0
0 1292
1293 0
0 1294
1295 0
0 1296
1297 0
0 1298
1299 0
0 1300
1301 0
0 1302
1303 0
0 1304
1305 0
0 1306
1307 0
0 1308
1309 0
0 1310
1311 0
0 1312
1313 0
0 1314
1315 0
0 1316
1317 0
0 1318
1319 0
0 1320
1321 0
0 1322
1323 0
0 1324
1325 0
0 1326
1327 0
0 1328
1329 0
0 1330
1331 0
0 1332
1333 0
0 1334
1335 0
0 1336
1337 0
0 1338
1339 0
0 1340
1341 0
0 1342
1343 0
0 1344
1345 0
0 1346
1347 0
0 1348
1349 0
0 1350
1351 0
0 1352
1353 0
0 1354
1355 0
0 1356
1357 0
0 1358
1359 0
0 1360
1361 0
0 1362
1363 0
0 1364
1365 0
0 1366
1367 0
0 1368
1369 0
0 1370
1371 0
0 1372
1373 0
0 1374
1375 0
0 1376
1377 0
0 1378
1379 0
0 1380
1381 0
0 1382
1383 0
0 1384
1385 0
0 1386
1387 0
0 1388
1389 0
0 1390
1391 0
0 1392
1393 0
0 1394
1395 0
0 1396
1397 0
0 1398
1399 0
0 1400
1401 0
0 1402
1403 0
0 1404
1405 0
0 1406
1407 0
0 1408
1409 0
0 1410
1411 0
0 1412
1413 0
0 1414
1415 0
0 1416
1417 0
0 1418
1419 0
0 1420
1421 0
0 1422
1423 0
0 1424
1425 0
0 1426
1427 0
0 1428
1429 0
0 1430
1431 0
0 1432
1433 0
0 1434
1435 0
0 1436
1437 0
0 1438
1439 0
0 1440
1441 0
0 1442
1443 0
0 1444
1445 0
0 1446
1447 0
0 1448
1449 0
0 1450
1451 0
0 1452
1453 0
0 1454
1455 0
0 1456
1457 0
0 1458
1459 0
0 1460
1461 0
0 1462
1463 0
0 1464
1465 0
0 1466
1467 0
0 1468
1469 0
0 1470
1471 0
0 1472
1473 0
0 1474
1475 0
0 1476
1477 0
0 1478
1479 0
0 1480
1481 0
0 1482
1483 0
0 1484
1485 0
0 1486
1487 0
0 1488
1489 0
0 1490
1491 0
0 1492
1493 0
0 1494
1495 0
0 1496
1497 0
0 1498
1499 0
0 1500
1501 0
0 1502
1503 0
0 1504
1505 0
0 1506
1507 0
0 1508
1509 0
0 1510
1511 0
0 1512
1513 0
0 1514
1515 0
0 1516
1517 0
0 1518
1519 0
0 1520
1521 0
0 1522
1523 0
0 1524
1525 0
0 1526
1527 0
0 1528
1529 0
0 1530
1531 0
0 1532
1533 0
0 1534
1535 0
0 1536
1537 0
0 1538
1539 0
0 1540
1541 0
0 1542
1543 0
0 1544
1545 0
0 1546
1547 0
0 1548
1549 0
0 1550
1551 0
0 1552
1553 0
0 1554
1555 0
0 1556
1557 0
0 1558
1559 0
0 1560
1561 0
0 1562
1563 0
0 1564
1565 0
0 1566
1567 0
0 1568
1569 0
0 1570
1571 0
0 1572
1573 0
0 1574
1575 0
0 1576
1577 0
0 1578
1579 0
0 1580
1581 0
0 1582
1583 0
0 1584
1585 0
0 1586
1587 0
0 1588
1589 0
0 1590
1591 0
0 1592
1593 0
0 1594
1595 0
0 1596
1597 0
0 1598
1599 0
0 1600
1601 0
0 1602
1603 0
0 1604
1605 0
0 1606
1607 0
0 1608
1609 0
0 1610
1611 0
0 1612
1613 0
0 1614
1615 0
0 1616
1617 0
0 1618
1619 0
0 1620
1621 0
0 1622
1623 0
0 1624
1625 0
0 1626
1627 0
0 1628
1629 0
0 1630
1631 0
0 1632
1633 0
0 1634
1635 0
0 1636
1637 0
0 1638
1639 0
0 1640
1641 0
0 1642
1643 0
0 1644
1645 0
0 1646
1647 0
0 1648
1649 0
0 1650
1651 0
0 1652
1653 0
0 1654
1655 0
0 1656
1657 0
0 1658
1659 0
0 1660
1661 0
0 1662
1663 0
0 1664
1665 0
0 1666
1667 0
0 1668
1669 0
0 1670
1671 0
0 1672
1673 0
0 1674
1675 0
0 1676
1677 0
0 1678
1679 0
0 1680
1681 0
0 1682
1683 0
0 1684
1685 0
0 1686
1687 0
0 1688
1689 0
0 1690
1691 0
0 1692
1693 0
0 1694
1695 0
0 1696
1697 0
0 1698
1699 0
0 1700
1701 0
0 1702
1703 0
0 1704
1705 0
0 1706
1707 0
0 1708
1709 0
0 1710
1711 0
0 1712
1713 0
0 1714
1715 0
0 1716
1717 0
0 1718
1719 0
0 1720
1721 0
0 1722
1723 0
0 1724
1725 0
0 1726
1727 0
0 1728
1729 0
0 1730
1731 0
0 1732
1733 0
0 1734
1735 0
0 1736
1737 0
0 1738
1739 0
0 1740
1741 0
0 1742
1743 0
0 1744
1745 0
0 1746
1747 0
0 1748
1749 0
0 1750
1751 0
0 1752
1753 0
0 1754
1755 0
0 1756
1757 0
0 1758
1759 0
0 1760
1761 0
0 1762
1763 0
0 1764
1765 0
0 1766
1767 0
0 1768
1769 0
0 1770
1771 0
0 1772
1773 0
0 1774
1775 0
0 1776
1777 0
0 1778
1779 0
0 1780
1781 0
0 1782
1783 0
0 1784
1785 0
0 1786
1787 0
0 1788
1789 0
0 1790
1791 0
0 1792
1793 0
0 1794
1795 0
0 1796
1797 0
0 1798
1799 0
0 1800
1801 0
0 1802
1803 0
0 1804
1805 0
0 1806
1807 0
0 1808
1809 0
0 1810
1811 0
0 1812
1813 0
0 1814
1815 0
0 1816
1817 0
0 1818
1819 0
0 1820
1821 0
0 1822
1823 0
0 1824
1825 0
0 1826
1827 0
0 1828
1829 0
0 1830
1831 0
0 1832
1833 0
0 1834
1835 0
0 1836
1837 0
0 1838
1839 0
0 1840
1841 0
0 1842
1843 0
0 1844
1845 0
0 1846
1847 0
0 1848
1849 0
0 1850
1851 0
0 1852
1853 0
0 1854
1855 0
0 1856
1857 0
0 1858
1859 0
0 1860
1861 0
0 1862
1863 0
0 1864
1865 0
0 1866
1867 0
0 1868
1869 0
0 1870
1871 0
0 1872
1873 0
0 1874
1875 0
0 1876
1877 0
0 1878
1879 0
0 1880
1881 0
0 1882
1883 0
0 1884
1885 0
0 1886
1887 0
0 1888
1889 0
0 1890
1891 0
0 1892
1893 0
0 1894
1895 0
0 1896
1897 0
0 1898
1899 0
0 1900
1901 0
0 1902
1903 0
0 1904
1905 0
0 1906
1907 0
0 1908
1909 0
0 1910
1911 0
0 1912
1913 0
0 1914
1915 0
0 1916
1917 0
0 1918
1919 0
0 1920
1921 0
0 1922
1923 0
0 1924
1925 0
0 1926
1927 0
0 1928
1929 0
0 1930
1931 0
0 1932
1933 0
0 1934
1935 0
0 1936
1937 0
0 1938
1939 0
0 1940
1941 0
0 1942
1943 0
0 1944
1945 0
0 1946
1947 0
0 1948
1949 0
0 1950
1951 0
0 1952
1953 0
0 1954
1955 0
0 1956
1957 0
0 1958
1959 0
0 1960
1961 0
0 1962
1963 0
0 1964
1965 0
0 1966
1967 0
0 1968
1969 0
0 1970
1971 0
0 1972
1973 0
0 1974
1975 0
0 1976
1977 0
0 1978
1979 0
0 1980
1981 0
0 1982
1983 0
0 1984
1985 0
0 1986
1987 0
0 1988
1989 0
0 1990
1991 0
0 1992
1993 0
0 1994
1995 0
0 1996
1997 0
0 1998
1999 0
0 2000
1 0
0 2
3 0
0 4
5 0
0 6
7 0
0 8
9 0
0 10
11 0
0 12
13 0
0 14
15 0
0 16
17 0
0 18
19 0
0 20
21 0
0 22
23 0
0 24
25 0
0 26
27 0
0 28
29 0
0 30
31 0
0 32
33 0
0 34
35 0
0 36
37 0
0 38
39 0
0 40
41 0
0 42
43 0
0 44
45 0
0 46
47 0
0 48
49 0
0 50
51 0
0 52
53 0
0 54
55 0
0 56
57 0
0 58
59 0
0 60
61 0
0 62
63 0
0 64
65 0
0 66
67 0
0 68
69 0
0 70
71 0
0 72
73 0
0 74
75 0
0 76
77 0
0 78
79 0
0 80
81 0
0 82
83 0
0 84
85 0
0 86
87 0
0 88
89 0
0 90
91 0
0 92
93 0
0 94
95 0
0 96
97 0
0 98
99 0
0 100
101 0
0 102
103 0
0 104
105 0
0 106
107 0
0 108
109 0
0 110
111 0
0 112
113 0
0 114
115 0
0 116
117 0
0 118
119 0
0 120
121 0
0 122
123 0
0 124
125 0
0 126
127 0
0 128
129 0
0 130
131 0
0 132
133 0
0 134
135 0
0 136
137 0
0 138
139 0
0 140
141 0
0 142
143 0
0 144
145 0
0 146
147 0
0 148
149 0
0 150
151 0
0 152
153 0
0 154
155 0
0 156
157 0
0 158
159 0
0 160
161 0
0 162
163 0
0 164
165 0
0 166
167 0
0 168
169 0
0 170
171 0
0 172
173 0
0 174
175 0
0 176
177 0
0 178
179 0
0 180
181 0
0 182
183 0
0 184
185 0
0 186
187 0
0 188
189 0
0 190
191 0
0 192
193 0
0 194
195 0
0 196
197 0
0 198
199 0
0 200
201 0
0 202
203 0
0 204
205 0
0 206
207 0
0 208
209 0
0 210
211 0
0 212
213 0
0 214
215 0
0 216
217 0
0 218
219 0
0 220
221 0
0 222
223 0
0 224
225 0
0 226
227 0
0 228
229 0
0 230
231 0
0 232
233 0
0 234
235 0
0 236
237 0
0 238
239 0
0 240
241 0
0 242
243 0
0 244
245 0
0 246
247 0
0 248
249 0
0 250
251 0
0 252
253 0
0 254
255 0
0 256
257 0
0 258
259 0
0 260
261 0
0 262
263 0
0 264
265 0
0 266
267 0
0 268
269 0
0 270
271 0
0 272
273 0
0 274
275 0
0 276
277 0
0 278
279 0
0 280
281 0
0 282
283 0
0 284
285 0
0 286
287 0
0 288
289 0
0 290
291 0
0 292
293 0
0 294
295 0
0 296
297 0
0 298
299 0
0 300
301 0
0 302
303 0
0 304
305 0
0 306
307 0
0 308
309 0
0 310
311 0
0 312
313 0
0 314
315 0
0 316
317 0
0 318
319 0
0 320
321 0
0 322
323 0
0 324
325 0
0 326
327 0
0 328
329 0
0 330
331 0
0 332
333 0
0 334
335 0
0 336
337 0
0 338
339 0
0 340
341 0
0 342
343 0
0 344
345 0
0 346
347 0
0 348
349 0
0 350
351 0
0 352
353 0
0 354
355 0
0 356
357 0
0 358
359 0
0 360
361 0
0 362
363 0
0 364
365 0
0 366
367 0
0 368
369 0
0 370
371 0
0 372
373 0
0 374
375 0
0 376
377 0
0 378
379 0
0 380
381 0
0 382
383 0
0 384
385 0
0 386
387 0
0 388
389 0
0 390
391 0
0 392
393 0
0 394
395 0
0 396
397 0
0 398
399 0
0 400
401 0
0 402
403 0
0 404
405 0
0 406
407 0
0 408
409 0
0 410
411 0
0 412
413 0
0 414
415 0
0 416
417 0
0 418
419 0
0 420
421 0
0 422
423 0
0 424
425 0
0 426
427 0
0 428
429 0
0 430
431 0
0 432
433 0
0 434
435 0
0 436
437 0
0 438
439 0
0 440
441 0
0 442
443 0
0 444
445 0
0 446
447 0
0 448
449 0
0 450
451 0
0 452
453 0
0 454
455 0
0 456
457 0
0 458
459 0
0 460
461 0
0 462
463 0
0 464
465 0
0 466
467 0
0 468
469 0
0 470
471 0
0 472
473 0
0 474
475 0
0 476
477 0
0 478
479 0
0 480
481 0
0 482
483 0
0 484
485 0
0 486
487 0
0 488
489 0
0 490
491 0
0 492
493 0
0 494
495 0
0 496
497 0
0 498
499 0
0 500
501 0
0 502
503 0
0 504
505 0
0 506
507 0
0 508
509 0
0 510
511 0
0 512
513 0
0 514
515 0
0 516
517 0
0 518
519 0
0 520
521 0
0 522
523 0
0 524
525 0
0 526
527 0
0 528
529 0
0 530
531 0
0 532
533 0
0 534
535 0
0 536
537 0
0 538
539 0
0 540
541 0
0 542
543 0
0 544
545 0
0 546
547 0
0 548
549 0
0 550
551 0
0 552
553 0
0 554
555 0
0 556
557 0
0 558
559 0
0 560
561 0
0 562
563 0
0 564
565 0
0 566
567 0
0 568
569 0
0 570
571 0
0 572
573 0
0 574
575 0
0 576
577 0
0 578
579 0
0 580
581 0
0 582
583 0
0 584
585 0
0 586
587 0
0 588
589 0
0 590
591 0
0 592
593 0
0 594
595 0
0 596
597 0
0 598
599 0
0 600
601 0
0 602
603 0
0 604
605 0
0 606
607 0
0 608
609 0
0 610
611 0
0 612
613 0
0 614
615 0
0 616
617 0
0 618
619 0
0 620
621 0
0 622
623 0
0 624
625 0
0 626
627 0
0 628
629 0
0 630
631 0
0 632
633 0
0 634
635 0
0 636
637 0
0 638
639 0
0 640
641 0
0 642
643 0
0 644
645 0
0 646
647 0
0 648
649 0
0 650
651 0
0 652
653 0
0 654
655 0
0 656
657 0
0 658
659 0
0 660
661 0
0 662
663 0
0 664
665 0
0 666
667 0
0 668
669 0
0 670
671 0
0 672
673 0
0 674
675 0
0 676
677 0
0 678
679 0
0 680
681 0
0 682
683 0
0 684
685 0
0 686
687 0
0 688
689 0
0 690
691 0
0 692
693 0
0 694
695 0
0 696
697 0
0 698
699 0
0 700
701 0
0 702
703 0
0 704
705 0
0 706
707 0
0 708
709 0
0 710
711 0
0 712
713 0
0 714
715 0
0 716
717 0
0 718
719 0
0 720
721 0
0 722
723 0
0 724
725 0
0 726
727 0
0 728
729 0
0 730
731 0
0 732
733 0
0 734
735 0
0 736
737 0
0 738
739 0
0 740
741 0
0 742
743 0
0 744
745 0
0 746
747 0
0 748
749 0
0 750
751 0
0 752
753 0
0 754
755 0
0 756
757 0
0 758
759 0
0 760
761 0
0 762
763 0
0 764
765 0
0 766
767 0
0 768
769 0
0 770
771 0
0 772
773 0
0 774
775 0
0 776
777 0
0 778
779 0
0 780
781 0
0 782
783 0
0 784
785 0
0 786
787 0
0 788
789 0
0 790
791 0
0 792
793 0
0 794
795 0
0 796
797 0
0 798
799 0
0 800
801 0
0 802
803 0
0 804
805 0
0 806
807 0
0 808
809 0
0 810
811 0
0 812
813 0
0 814
815 0
0 816
817 0
0 818
819 0
0 820
821 0
0 822
823 0
0 824
825 0
0 826
827 0
0 828
829 0
0 830
831 0
0 832
833 0
0 834
835 0
0 836
837 0
0 838
839 0
0 840
841 0
0 842
843 0
0 844
845 0
0 846
847 0
0 848
849 0
0 850
851 0
0 852
853 0
0 854
855 0
0 856
857 0
0 858
859 0
0 860
861 0
0 862
863 0
0 864
865 0
0 866
867 0
0 868
869 0
0 870
871 0
0 872
873 0
0 874
875 0
0 876
877 0
0 878
879 0
0 880
881 0
0 882
883 0
0 884
885 0
0 886
887 0
0 888
889 0
0 890
891 0
0 892
893 0
0 894
895 0
0 896
897 0
0 898
899 0
0 900
901 0
0 902
903 0
0 904
905 0
0 906
907 0
0 908
909 0
0 910
911 0
0 912
913 0
0 914
915 0
0 916
917 0
0 918
919 0
0 920
921 0
0 922
923 0
0 924
925 0
0 926
927 0
0 928
929 0
0 930
931 0
0 932
933 0
0 934
935 0
0 936
937 0
0 938
939 0
0 940
941 0
0 942
943 0
0 944
945 0
0 946
947 0
0 948
949 0
0 950
951 0
0 952
953 0
0 954
955 0
0 956
957 0
0 958
959 0
0 960
961 0
0 962
963 0
0 964
965 0
0 966
967 0
0 968
969 0
0 970
971 0
0 972
973 0
0 974
975 0
0 976
977 0
0 978
979 0
0 980
981 0
0 982
983 0
0 984
985 0
0 986
987 0
0 988
989 0
0 990
991 0
0 992
993 0
0 994
995 0
0 996
997 0
0 998
999 0
0 1000
1001 0
0 1002
1003 0
0 1004
1005 0
0 1006
1007 0
0 1008
1009 0
0 1010
1011 0
0 1012
1013 0
0 1014
1015 0
0 1016
1017 0
0 1018
1019 0
0 1020
1021 0
0 1022
1023 0
0 1024
1025 0
0 1026
1027 0
0 1028
1029 0
0 1030
1031 0
0 1032
1033 0
0 1034
1035 0
0 1036
1037 0
0 1038
1039 0
0 1040
1041 0
0 1042
1043 0
0 1044
1045 0
0 1046
1047 0
0 1048
1049 0
0 1050
1051 0
0 1052
1053 0
0 1054
1055 0
0 1056
1057 0
0 1058
1059 0
0 1060
1061 0
0 1062
1063 0
0 1064
1065 0
0 1066
1067 0
0 1068
1069 0
0 1070
1071 0
0 1072
1073 0
0 1074
1075 0
0 1076
1077 0
0 1078
1079 0
0 1080
1081 0
0 1082
1083 0
0 1084
1085 0
0 1086
1087 0
0 1088
1089 0
0 1090
1091 0
0 1092
1093 0
0 1094
1095 0
0 1096
1097 0
0 1098
1099 0
0 1100
1101 0
0 1102
1103 0
0 1104
1105 0
0 1106
1107 0
0 1108
1109 0
0 1110
1111 0
0 1112
1113 0
0 1114
1115 0
0 1116
1117 0
0 1118
1119 0
0 1120
1121 0
0 1122
1123 0
0 1124
1125 0
0 1126
1127 0
0 1128
1129 0
0 1130
1131 0
0 1132
1133 0
0 1134
1135 0
0 1136
1137 0
0 1138
1139 0
0 1140
1141 0
0 1142
1143 0
0 1144
1145 0
0 1146
1147 0
0 1148
1149 0
0 1150
1151 0
0 1152
1153 0
0 1154
1155 0
0 1156
1157 0
0 1158
1159 0
0 1160
1161 0
0 1162
1163 0
0 1164
1165 0
0 1166
1167 0
0 1168
1169 0
0 1170
1171 0
0 1172
1173 0
0 1174
1175 0
0 1176
1177 0
0 1178
1179 0
0 1180
1181 0
0 1182
1183 0
0 1184
1185 0
0 1186
1187 0
0 1188
1189 0
0 1190
1191 0
0 1192
1193 0
0 1194
1195 0
0 1196
1197 0
0 1198
1199 0
0 1200
1201 0
0 1202
1203 0
0 1204
1205 0
0 1206
1207 0
0 1208
1209 0
0 1210
1211 0
0 1212
1213 0
0 1214
1215 0
0 1216
1217 0
0 1218
1219 0
0 1220
1221 0
0 1222
1223 0
0 1224
1225 0
0 1226
1227 0
0 1228
1229 0
0 1230
1231 0
0 1232
1233 0
0 1234
1235 0
0 1236
1237 0
0 1238
1239 0
0 1240
1241 0
0 1242
1243 0
0 1244
1245 0
0 1246
1247 0
0 1248
1249 0
0 1250
1251 0
0 1252
1253 0
0 1254
1255 0
0 1256
1257 0
0 1258
1259 0
0 1260
1261 0
0 1262
1263 0
0 1264
1265 0
0 1266
1267 0
0 1268
1269 0
0 1270
1271 0
0 1272
1273 0
0 1274
1275 0
0 1276
1277 0
0 1278
1279 0
0 1280
1281 0
0 1282
1283 0
0 1284
1285 0
0 1286
1287 0
0 1288
1289 0
0 1290
1291 0
0 1292
1293 0
0 1294
1295 0
0 1296
1297 0
0 1298
1299 0
0 1300
1301 0
0 1302
1303 0
0 1304
1305 0
0 1306
1307 0
0 1308
1309 0
0 1310
1311 0
0 1312
1313 0
0 1314
1315 0
0 1316
1317 0
0 1318
1319 0
0 1320
1321 0
0 1322
1323 0
0 1324
1325 0
0 1326
1327 0
0 1328
1329 0
0 1330
1331 0
0 1332
1333 0
0 1334
1335 0
0 1336
1337 0
0 1338
1339 0
0 1340
1341 0
0 1342
1343 0
0 1344
1345 0
0 1346
1347 0
0 1348
1349 0
0 1350
1351 0
0 1352
1353 0
0 1354
1355 0
0 1356
1357 0
0 1358
1359 0
0 1360
1361 0
0 1362
1363 0
0 1364
1365 0
0 1366
1367 0
0 1368
1369 0
0 1370
1371 0
0 1372
1373 0
0 1374
1375 0
0 1376
1377 0
0 1378
1379 0
0 1380
1381 0
0 1382
1383 0
0 1384
1385 0
0 1386
1387 0
0 1388
1389 0
0 1390
1391 0
0 1392
1393 0
0 1394
1395 0
0 1396
1397 0
0 1398
1399 0
0 1400
1401 0
0 1402
1403 0
0 1404
1405 0
0 1406
1407 0
0 1408
1409 0
0 1410
1411 0
0 1412
1413 0
0 1414
1415 0
0 1416
1417 0
0 1418
1419 0
0 1420
1421 0
0 1422
1423 0
0 1424
1425 0
0 1426
1427 0
0 1428
1429 0
0 1430
1431 0
0 1432
1433 0
0 1434
1435 0
0 1436
1437 0
0 1438
1439 0
0 1440
1441 0
0 1442
1443 0
0 1444
1445 0
0 1446
1447 0
0 1448
1449 0
0 1450
1451 0
0 1452
1453 0
0 1454
1455 0
0 1456
1457 0
0 1458
1459 0
0 1460
1461 0
0 1462
1463 0
0 1464
1465 0
0 1466
1467 0
0 1468
1469 0
0 1470
1471 0
0 1472
1473 0
0 1474
1475 0
0 1476
1477 0
0 1478
1479 0
0 1480
1481 0
0 1482
1483 0
0 1484
1485 0
0 1486
1487 0
0 1488
1489 0
0 1490
1491 0
0 1492
1493 0
0 1494
1495 0
0 1496
1497 0
0 1498
1499 0
0 1500
1501 0
0 1502
1503 0
0 1504
1505 0
0 1506
1507 0
0 1508
1509 0
0 1510
1511 0
0 1512
1513 0
0 1514
1515 0
0 1516
1517 0
0 1518
1519 0
0 1520
1521 0
0 1522
1523 0
0 1524
1525 0
0 1526
1527 0
0 1528
1529 0
0 1530
1531 0
0 1532
1533 0
0 1534
1535 0
0 1536
1537 0
0 1538
1539 0
0 1540
1541 0
0 1542
1543 0
0 1544
1545 0
0 1546
1547 0
0 1548
1549 0
0 1550
1551 0
0 1552
1553 0
0 1554
1555 0
0 1556
1557 0
0 1558
1559 0
0 1560
1561 0
0 1562
1563 0
0 1564
1565 0
0 1566
1567 0
0 1568
1569 0
0 1570
1571 0
0 1572
1573 0
0 1574
1575 0
0 1576
1577 0
0 1578
1579 0
0 1580
1581 0
0 1582
1583 0
0 1584
1585 0
0 1586
1587 0
0 1588
1589 0
0 1590
1591 0
0 1592
1593 0
0 1594
1595 0
0 1596
1597 0
0 1598
1599 0
0 1600
1601 0
0 1602
1603 0
0 1604
1605 0
0 1606
1607 0
0 1608
1609 0
0 1610
1611 0
0 1612
1613 0
0 1614
1615 0
0 1616
1617 0
0 1618
1619 0
0 1620
1621 0
0 1622
1623 0
0 1624
1625 0
0 1626
1627 0
0 1628
1629 0
0 1630
1631 0
0 1632
1633 0
0 1634
1635 0
0 1636
1637 0
0 1638
1639 0
0 1640
1641 0
0 1642
1643 0
0 1644
1645 0
0 1646
1647 0
0 1648
1649 0
0 1650
1651 0
0 1652
1653 0
0 1654
1655 0
0 1656
1657 0
0 1658
1659 0
0 1660
1661 0
0 1662
1663 0
0 1664
1665 0
0 1666
1667 0
0 1668
1669 0
0 1670
1671 0
0 1672
1673 0
0 1674
1675 0
0 1676
1677 0
0 1678
1679 0
0 1680
1681 0
0 1682
1683 0
0 1684
1685 0
0 1686
1687 0
0 1688
1689 0
0 1690
1691 0
0 1692
1693 0
0 1694
1695 0
0 1696
1697 0
0 1698
1699 0
0 1700
1701 0
0 1702
1703 0
0 1704
1705 0
0 1706
1707 0
0 1708
1709 0
0 1710
1711 0
0 1712
1713 0
0 1714
1715 0
0 1716
1717 0
0 1718
1719 0
0 1720
1721 0
0 1722
1723 0
0 1724
1725 0
0 1726
1727 0
0 1728
1729 0
0 1730
1731 0
0 1732
1733 0
0 1734
1735 0
0 1736
1737 0
0 1738
1739 0
0 1740
1741 0
0 1742
1743 0
0 1744
1745 0
0 1746
1747 0
0 1748
1749 0
0 1750
1751 0
0 1752
1753 0
0 1754
1755 0
0 1756
1757 0
0 1758
1759 0
0 1760
1761 0
0 1762
1763 0
0 1764
1765 0
0 1766
1767 0
0 1768
1769 0
0 1770
1771 0
0 1772
1773 0
0 1774
1775 0
0 1776
1777 0
0 1778
1779 0
0 1780
1781 0
0 1782
1783 0
0 1784
1785 0
0 1786
1787 0
0 1788
1789 0
0 1790
1791 0
0 1792
1793 0
0 1794
1795 0
0 1796
1797 0
0 1798
1799 0
0 1800
1801 0
0 1802
1803 0
0 1804
1805 0
0 1806
1807 0
0 1808
1809 0
0 1810
1811 0
0 1812
1813 0
0 1814
1815 0
0 1816
1817 0
0 1818
1819 0
0 1820
1821 0
0 1822
1823 0
0 1824
1825 0
0 1826
1827 0
0 1828
1829 0
0 1830
1831 0
0 1832
1833 0
0 1834
1835 0
0 1836
1837 0
0 1838
1839 0
0 1840
1841 0
0 1842
1843 0
0 1844
1845 0
0 1846
1847 0
0 1848
1849 0
0 1850
1851 0
0 1852
1853 0
0 1854
1855 0
0 1856
1857 0
0 1858
1859 0
0 1860
1861 0
0 1862
1863 0
0 1864
1865 0
0 1866
1867 0
0 1868
1869 0
0 1870
1871 0
0 1872
1873 0
0 1874
1875 0
0 1876
1877 0
0 1878
1879 0
0 1880
1881 0
0 1882
1883 0
0 1884
1885 0
0 1886
1887 0
0 1888
1889 0
0 1890
1891 0
0 1892
1893 0
0 1894
1895 0
0 1896
1897 0
0 1898
1899 0
0 1900
1901 0
0 1902
1903 0
0 1904
1905 0
0 1906
1907 0
0 1908
1909 0
0 1910
1911 0
0 1912
1913 0
0 1914
1915 0
0 1916
1917 0
0 1918
1919 0
0 1920
1921 0
0 1922
1923 0
0 1924
1925 0
0 1926
1927 0
0 1928
1929 0
0 1930
1931 0
0 1932
1933 0
0 1934
1935 0
0 1936
1937 0
0 1938
1939 0
0 1940
1941 0
0 1942
1943 0
0 1944
1945 0
0 1946
1947 0
0 1948
1949 0
0 1950
1951 0
0 1952
1953 0
0 1954
1955 0
0 1956
1957 0
0 1958
1959 0
0 1960
1961 0
0 1962
1963 0
0 1964
1965 0
0 1966
1967 0
0 1968
1969 0
0 1970
1971 0
0 1972
1973 0
0 1974
1975 0
0 1976
1977 0
0 1978
1979 0
0 1980
1981 0
0 1982
1983 0
0 1984
1985 0
0 1986
1987 0
0 1988
1989 0
0 1990
1991 0
0 1992
1993 0
0 1994
1995 0
0 1996
1997 0
0 1998
1999 0
0 2000
1 0
0 2
3 0
0 4
5 0
0 6
7 0
0 8
9 0
0 10
11 0
0 12
13 0
0 14
15 0
0 16
17 0
0 18
19 0
0 20
21 0
0 22
23 0
0 24
25 0
0 26
27 0
0 28
29 0
0 30
31 0
0 32
33 0
0 34
35 0
0 36
37 0
0 38
39 0
0 40
41 0
0 42
43 0
0 44
45 0
0 46
47 0
0 48
49 0
0 50
51 0
0 52
53 0
0 54
55 0
0 56
57 0
0 58
59 0
0 60
61 0
0 62
63 0
0 64
65 0
0 66
67 0
0 68
69 0
0 70
71 0
0 72
73 0
0 74
75 0
0 76
77 0
0 78
79 0
0 80
81 0
0 82
83 0
0 84
85 0
0 86
87 0
0 88
89 0
0 90
91 0
0 92
93 0
0 94
95 0
0 96
97 0
0 98
99 0
0 100
101 0
0 102
103 0
0 104
105 0
0 106
107 0
0 108
109 0
0 110
111 0
0 112
113 0
0 114
115 0
0 116
117 0
0 118
119 0
0 120
121 0
0 122
123 0
0 124
125 0
0 126
127 0
0 128
129 0
0 130
131 0
0 132
133 0
0 134
135 0
0 136
137 0
0 138
139 0
0 140
141 0
0 142
143 0
0 144
145 0
0 146
147 0
0 148
149 0
0 150
151 0
0 152
153 0
0 154
155 0
0 156
157 0
0 158
159 0
0 160
161 0
0 162
163 0
0 164
165 0
0 166
167 0
0 168
169 0
0 170
171 0
0 172
173 0
0 174
175 0
0 176
177 0
0 178
179 0
0 180
181 0
0 182
183 0
0 184
185 0
0 186
187 0
0 188
189 0
0 190
191 0
0 192
193 0
0 194
195 0
0 196
197 0
0 198
199 0
0 200
201 0
0 202
203 0
0 204
205 0
0 206
207 0
0 208
209 0
0 210
211 0
0 212
213 0
0 214
215 0
0 216
217 0
0 218
219 0
0 220
221 0
0 222
223 0
0 224
225 0
0 226
227 0
0 228
229 0
0 230
231 0
0 232
233 0
0 234
235 0
0 236
237 0
0 238
239 0
0 240
241 0
0 242
243 0
0 244
245 0
0 246
247 0
0 248
249 0
0 250
251 0
0 252
253 0
0 254
255 0
0 256
257 0
0 258
259 0
0 260
261 0
0 262
263 0
0 264
265 0
0 266
267 0
0 268
269 0
0 270
271 0
0 272
273 0
0 274
275 0
0 276
277 0
0 278
279 0
0 280
281 0
0 282
283 0
0 284
285 0
0 286
287 0
0 288
289 0
0 290
291 0
0 292
293 0
0 294
295 0
0 296
297 0
0 298
299 0
0 300
301 0
0 302
303 0
0 304
305 0
0 306
307 0
0 308
309 0
0 310
311 0
0 312
313 0
0 314
315 0
0 316
317 0
0 318
319 0
0 320
321 0
0 322
323 0
0 324
325 0
0 326
327 0
0 328
329 0
0 330
331 0
0 332
333 0
0 334
335 0
0 336
337 0
0 338
339 0
0 340
341 0
0 342
343 0
0 344
345 0
0 346
347 0
0 348
349 0
0 350
351 0
0 352
353 0
0 354
355 0
0 356
357 0
0 358
359 0
0 360
361 0
0 362
363 0
0 364
365 0
0 366
367 0
0 368
369 0
0 370
371 0
0 372
373 0
0 374
375 0
0 376
377 0
0 378
379 0
0 380
381 0
0 382
383 0
0 384
385 0
0 386
387 0
0 388
389 0
0 390
391 0
0 392
393 0
0 394
395 0
0 396
397 0
0 398
399 0
0 400
401 0
0 402
403 0
0 404
405 0
0 406
407 0
0 408
409 0
0 410
411 0
0 412
413 0
0 414
415 0
0 416
417 0
0 418
419 0
0 420
421 0
0 422
423 0
0 424
425 0
0 426
427 0
0 428
429 0
0 430
431 0
0 432
433 0
0 434
435 0
0 436
437 0
0 438
439 0
0 440
441 0
0 442
443 0
0 444
445 0
0 446
447 0
0 448
449 0
0 450
451 0
0 452
453 0
0 454
455 0
0 456
457 0
0 458
459 0
0 460
461 0
0 462
463 0
0 464
465 0
0 466
467 0
0 468
469 0
0 470
471 0
0 472
473 0
0 474
475 0
0 476
477 0
0 478
479 0
0 480
481 0
0 482
483 0
0 484
485 0
0 486
487 0
0 488
489 0
0 490
491 0
0 492
493 0
0 494
495 0
0 496
497 0
0 498
499 0
0 500
501 0
0 502
503 0
0 504
505 0
0 506
507 0
0 508
509 0
0 510
511 0
0 512
513 0
0 514
515 0
0 516
517 0
0 518
519 0
0 520
521 0
0 522
523 0
0 524
525 0
0 526
527 0
0 528
529 0
0 530
531 0
0 532
533 0
0 534
535 0
0 536
537 0
0 538
539 0
0 540
541 0
0 542
543 0
0 544
545 0
0 546
547 0
0 548
549 0
0 550
551 0
0 552
553 0
0 554
555 0
0 556
557 0
0 558
559 0
0 560
561 0
0 562
563 0
0 564
565 0
0 566
567 0
0 568
569 0
0 570
571 0
0 572
573 0
0 574
575 0
0 576
577 0
0 578
579 0
0 580
581 0
0 582
583 0
0 584
585 0
0 586
587 0
0 588
589 0
0 590
591 0
0 592
593 0
0 594
595 0
0 596
597 0
0 598
599 0
0 600
601 0
0 602
603 0
0 604
605 0
0 606
607 0
0 608
609 0
0 610
611 0
0 612
613 0
0 614
615 0
0 616
617 0
0 618
619 0
0 620
621 0
0 622
623 0
0 624
625 0
0 626
627 0
0 628
629 0
0 630
631 0
0 632
633 0
0 634
635 0
0 636
637 0
0 638
639 0
0 640
641 0
0 642
643 0
0 644
645 0
0 646
647 0
0 648
649 0
0 650
651 0
0 652
653 0
0 654
655 0
0 656
657 0
0 658
659 0
0 660
661 0
0 662
663 0
0 664
665 0
0 666
667 0
0 668
669 0
0 670
671 0
0 672
673 0
0 674
675 0
0 676
677 0
0 678
679 0
0 680
681 0
0 682
683 0
0 684
685 0
0 686
687 0
0 688
689 0
0 690
691 0
0 692
693 0
0 694
695 0
0 696
697 0
0 698
699 0
0 700
701 0
0 702
703 0
0 704
705 0
0 706
707 0
0 708
709 0
0 710
711 0
0 712
713 0
0 714
715 0
0 716
717 0
0 718
719 0
0 720
721 0
0 722
723 0
0 724
725 0
0 726
727 0
0 728
729 0
0 730
731 0
0 732
733 0
0 734
735 0
0 736
737 0
0 738
739 0
0 740
741 0
0 742
743 0
0 744
745 0
0 746
747 0
0 748
749 0
0 750
751 0
0 752
753 0
0 754
755 0
0 756
757 0
0 758
759 0
0 760
761 0
0 762
763 0
0 764
765 0
0 766
767 0
0 768
769 0
0 770
771 0
0 772
773 0
0 774
775 0
0 776
777 0
0 778
779 0
0 780
781 0
0 782
783 0
0 784
785 0
0 786
787 0
0 788
789 0
0 790
791 0
0 792
793 0
0 794
795 0
0 796
797 0
0 798
799 0
0 800
801 0
0 802
803 0
0 804
805 0
0 806
807 0
0 808
809 0
0 810
811 0
0 812
813 0
0 814
815 0
0 816
817 0
0 818
819 0
0 820
821 0
0 822
823 0
0 824
825 0
0 826
827 0
0 828
829 0
0 830
831 0
0 832
833 0
0 834
835 0
0 836
837 0
0 838
839 0
0 840
841 0
0 842
843 0
0 844
845 0
0 846
847 0
0 848
849 0
0 850
851 0
0 852
853 0
0 854
855 0
0 856
857 0
0 858
859 0
0 860
861 0
0 862
863 0
0 864
865 0
0 866
867 0
0 868
869 0
0 870
871 0
0 872
873 0
0 874
875 0
0 876
877 0
0 878
879 0
0 880
881 0
0 882
883 0
0 884
885 0
0 886
887 0
0 888
889 0
0 890
891 0
0 892
893 0
0 894
895 0
0 896
897 0
0 898
899 0
0 900
901 0
0 902
903 0
0 904
905 0
0 906
907 0
0 908
909 0
0 910
911 0
0 912
913 0
0 914
915 0
0 916
917 0
0 918
919 0
0 920
921 0
0 922
923 0
0 924
925 0
0 926
927 0
0 928
929 0
0 930
931 0
0 932
933 0
0 934
935 0
0 936
937 0
0 938
939 0
0 940
941 0
0 942
943 0
0 944
945 0
0 946
947 0
0 948
949 0
0 950
951 0
0 952
953 0
0 954
955 0
0 956
957 0
0 958
959 0
0 960
961 0
0 962
963 0
0 964
965 0
0 966
967 0
0 968
969 0
0 970
971 0
0 972
973 0
0 974
975 0
0 976
977 0
0 978
979 0
0 980
981 0
0 982
983 0
0 984
985 0
0 986
987 0
0 988
989 0
0 990
991 0
0 992
993 0
0 994
995 0
0 996
997 0
0 998
999 0
0 1000
1001 0
0 1002
1003 0
0 1004
1005 0
0 1006
1007 0
0 1008
1009 0
0 1010
1011 0
0 1012
1013 0
0 1014
1015 0
0 1016
1017 0
0 1018
1019 0
0 1020
1021 0
0 1022
1023 0
0 1024
1025 0
0 1026
1027 0
0 1028
1029 0
0 1030
1031 0
0 1032
1033 0
0 1034
1035 0
0 1036
1037 0
0 1038
1039 0
0 1040
1041 0
0 1042
1043 0
0 1044
1045 0
0 1046
1047 0
0 1048
1049 0
0 1050
1051 0
0 1052
1053 0
0 1054
1055 0
0 1056
1057 0
0 1058
1059 0
0 1060
1061 0
0 1062
1063 0
0 1064
1065 0
0 1066
1067 0
0 1068
1069 0
0 1070
1071 0
0 1072
1073 0
0 1074
1075 0
0 1076
1077 0
0 1078
1079 0
0 1080
1081 0
0 1082
1083 0
0 1084
1085 0
0 1086
1087 0
0 1088
1089 0
0 1090
1091 0
0 1092
1093 0
0 1094
1095 0
0 1096
1097 0
0 1098
1099 0
0 1100
1101 0
0 1102
1103 0
0 1104
1105 0
0 1106
1107 0
0 1108
1109 0
0 1110
1111 0
0 1112
1113 0
0 1114
1115 0
0 1116
1117 0
0 1118
1119 0
0 1120
1121 0
0 1122
1123 0
0 1124
1125 0
0 1126
1127 0
0 1128
1129 0
0 1130
1131 0
0 1132
1133 0
0 1134
1135 0
0 1136
1137 0
0 1138
1139 0
0 1140
1141 0
0 1142
1143 0
0 1144
1145 0
0 1146
1147 0
0 1148
1149 0
0 1150
1151 0
0 1152
1153 0
0 1154
1155 0
0 1156
1157 0
0 1158
1159 0
0 1160
1161 0
0 1162
1163 0
0 1164
1165 0
0 1166
1167 0
0 1168
1169 0
0 1170
1171 0
0 1172
1173 0
0 1174
1175 0
0 1176
1177 0
0 1178
1179 0
0 1180
1181 0
0 1182
1183 0
0 1184
1185 0
0 1186
1187 0
0 1188
1189 0
0 1190
1191 0
0 1192
1193 0
0 1194
1195 0
0 1196
1197 0
0 1198
1199 0
0 1200
1201 0
0 1202
1203 0
0 1204
1205 0
0 1206
1207 0
0 1208
1209 0
0 1210
1211 0
0 1212
1213 0
0 1214
1215 0
0 1216
1217 0
0 1218
1219 0
0 1220
1221 0
0 1222
1223 0
0 1224
1225 0
0 1226
1227 0
0 1228
1229 0
0 1230
1231 0
0 1232
1233 0
0 1234
1235 0
0 1236
1237 0
0 1238
1239 0
0 1240
1241 0
0 1242
1243 0
0 1244
1245 0
0 1246
1247 0
0 1248
1249 0
0 1250
1251 0
0 1252
1253 0
0 1254
1255 0
0 1256
1257 0
0 1258
1259 0
0 1260
1261 0
0 1262
1263 0
0 1264
1265 0
0 1266
1267 0
0 1268
1269 0
0 1270
1271 0
0 1272
1273 0
0 1274
1275 0
0 1276
1277 0
0 1278
1279 0
0 1280
1281 0
0 1282
1283 0
0 1284
1285 0
0 1286
1287 0
0 1288
1289 0
0 1290
1291 0
0 1292
1293 0
0 1294
1295 0
0 1296
1297 0
0 1298
1299 0
0 1300
1301 0
0 1302
1303 0
0 1304
1305 0
0 1306
1307 0
0 1308
1309 0
0 1310
1311 0
0 1312
1313 0
0 1314
1315 0
0 1316
1317 0
0 1318
1319 0
0 1320
1321 0
0 1322
1323 0
0 1324
1325 0
0 1326
1327 0
0 1328
1329 0
0 1330
1331 0
0 1332
1333 0
0 1334
1335 0
0 1336
1337 0
0 1338
1339 0
0 1340
1341 0
0 1342
1343 0
0 1344
1345 0
0 1346
1347 0
0 1348
1349 0
0 1350
1351 0
0 1352
1353 0
0 1354
1355 0
0 1356
1357 0
0 1358
1359 0
0 1360
1361 0
0 1362
1363 0
0 1364
1365 0
0 1366
1367 0
0 1368
1369 0
0 1370
1371 0
0 1372
1373 0
0 1374
1375 0
0 1376
1377 0
0 1378
1379 0
0 1380
1381 0
0 1382
1383 0
0 1384
1385 0
0 1386
1387 0
0 1388
1389 0
0 1390
1391 0
0 1392
1393 0
0 1394
1395 0
0 1396
1397 0
0 1398
1399 0
0 1400
1401 0
0 1402
1403 0
0 1404
1405 0
0 1406
1407 0
0 1408
1409 0
0 1410
1411 0
0 1412
1413 0
0 1414
1415 0
0 1416
1417 0
0 1418
1419 0
0 1420
1421 0
0 1422
1423 0
0 1424
1425 0
0 1426
1427 0
0 1428
1429 0
0 1430
1431 0
0 1432
1433 0
0 1434
1435 0
0 1436
1437 0
0 1438
1439 0
0 1440
1441 0
0 1442
1443 0
0 1444
1445 0
0 1446
1447 0
0 1448
1449 0
0 1450
1451 0
0 1452
1453 0
0 1454
1455 0
0 1456
1457 0
0 1458
1459 0
0 1460
1461 0
0 1462
1463 0
0 1464
1465 0
0 1466
1467 0
0 1468
1469 0
0 1470
1471 0
0 1472
1473 0
0 1474
1475 0
0 1476
1477 0
0 1478
1479 0
0 1480
1481 0
0 1482
1483 0
0 1484
1485 0
0 1486
1487 0
0 1488
1489 0
0 1490
1491 0
0 1492
1493 0
0 1494
1495 0
0 1496
1497 0
0 1498
1499 0
0 1500
1501 0
0 1502
1503 0
0 1504
1505 0
0 1506
1507 0
0 1508
1509 0
0 1510
1511 0
0 1512
1513 0
0 1514
1515 0
0 1516
1517 0
0 1518
1519 0
0 1520
1521 0
0 1522
1523 0
0 1524
1525 0
0 1526
1527 0
0 1528
1529 0
0 1530
1531 0
0 1532
1533 0
0 1534
1535 0
0 1536
1537 0
0 1538
1539 0
0 1540
1541 0
0 1542
1543 0
0 1544
1545 0
0 1546
1547 0
0 1548
1549 0
0 1550
1551 0
0 1552
1553 0
0 1554
1555 0
0 1556
1557 0
0 1558
1559 0
0 1560
1561 0
0 1562
1563 0
0 1564
1565 0
0 1566
1567 0
0 1568
1569 0
0 1570
1571 0
0 1572
1573 0
0 1574
1575 0
0 1576
1577 0
0 1578
1579 0
0 1580
1581 0
0 1582
1583 0
0 1584
1585 0
0 1586
1587 0
0 1588
1589 0
0 1590
1591 0
0 1592
1593 0
0 1594
1595 0
0 1596
1597 0
0 1598
1599 0
0 1600
1601 0
0 1602
1603 0
0 1604
1605 0
0 1606
1607 0
0 1608
1609 0
0 1610
1611 0
0 1612
1613 0
0 1614
1615 0
0 1616
1617 0
0 1618
1619 0
0 1620
1621 0
0 1622
1623 0
0 1624
1625 0
0 1626
1627 0
0 1628
1629 0
0 1630
1631 0
0 1632
1633 0
0 1634
1635 0
0 1636
1637 0
0 1638
1639 0
0 1640
1641 0
0 1642
1643 0
0 1644
1645 0
0 1646
1647 0
0 1648
1649 0
0 1650
1651 0
0 1652
1653 0
0 1654
1655 0
0 1656
1657 0
0 1658
1659 0
0 1660
1661 0
0 1662
1663 0
0 1664
1665 0
0 1666
1667 0
0 1668
1669 0
0 1670
1671 0
0 1672
1673 0
0 1674
1675 0
0 1676
1677 0
0 1678
1679 0
0 1680
1681 0
0 1682
1683 0
0 1684
1685 0
0 1686
1687 0
0 1688
1689 0
0 1690
1691 0
0 1692
1693 0
0 1694
1695 0
0 1696
1697 0
0 1698
1699 0
0 1700
1701 0
0 1702
1703 0
0 1704
1705 0
0 1706
1707 0
0 1708
1709 0
0 1710
1711 0
0 1712
1713 0
0 1714
1715 0
0 1716
1717 0
0 1718
1719 0
0 1720
1721 0
0 1722
1723 0
0 1724
1725 0
0 1726
1727 0
0 1728
1729 0
0 1730
1731 0
0 1732
1733 0
0 1734
1735 0
0 1736
1737 0
0 1738
1739 0
0 1740
1741 0
0 1742
1743 0
0 1744
1745 0
0 1746
1747 0
0 1748
1749 0
0 1750
1751 0
0 1752
1753 0
0 1754
1755 0
0 1756
1757 0
0 1758
1759 0
0 1760
1761 0
0 1762
1763 0
0 1764
1765 0
0 1766
1767 0
0 1768
1769 0
0 1770
1771 0
0 1772
1773 0
0 1774
1775 0
0 1776
1777 0
0 1778
1779 0
0 1780
1781 0
0 1782
1783 0
0 1784
1785 0
0 1786
1787 0
0 1788
1789 0
0 1790
1791 0
0 1792
1793 0
0 1794
1795 0
0 1796
1797 0
0 1798
1799 0
0 1800
1801 0
0 1802
1803 0
0 1804
1805 0
0 1806
1807 0
0 1808
1809 0
0 1810
1811 0
0 1812
1813 0
0 1814
1815 0
0 1816
1817 0
0 1818
1819 0
0 1820
1821 0
0 1822
1823 0
0 1824
1825 0
0 1826
1827 0
0 1828
1829 0
0 1830
1831 0
0 1832
1833 0
0 1834
1835 0
0 1836
1837 0
0 1838
1839 0
0 1840
1841 0
0 1842
1843 0
0 1844
1845 0
0 1846
1847 0
0 1848
1849 0
0 1850
1851 0
0 1852
1853 0
0 1854
1855 0
0 1856
1857 0
0 1858
1859 0
0 1860
1861 0
0 1862
1863 0
0 1864
1865 0
0 1866
1867 0
0 1868
1869 0
0 1870
1871 0
0 1872
1873 0
0 1874
1875 0
0 1876
1877 0
0 1878
1879 0
0 1880
1881 0
0 1882
1883 0
0 1884
1885 0
0 1886
1887 0
0 1888
1889 0
0 1890
1891 0
0 1892
1893 0
0 1894
1895 0
0 1896
1897 0
0 1898
1899 0
0 1900
1901 0
0 1902
1903 0
0 1904
1905 0
0 1906
1907 0
0 1908
1909 0
0 1910
1911 0
0 1912
1913 0
0 1914
1915 0
0 1916
1917 0
0 1918
1919 0
0 1920
1921 0
0 1922
1923 0
0 1924
1925 0
0 1926
1927 0
0 1928
1929 0
0 1930
1931 0
0 1932
1933 0
0 1934
1935 0
0 1936
1937 0
0 1938
1939 0
0 1940
1941 0
0 1942
1943 0
0 1944
1945 0
0 1946
1947 0
0 1948
1949 0
0 1950
1951 0
0 1952
1953 0
0 1954
1955 0
0 1956
1957 0
0 1958
1959 0
0 1960
1961 0
0 1962
1963 0
0 1964
1965 0
0 1966
1967 0
0 1968
1969 0
0 1970
1971 0
0 1972
1973 0
0 1974
1975 0
0 1976
1977 0
0 1978
1979 0
0 1980
1981 0
0 1982
1983 0
0 1984
1985 0
0 1986
1987 0
0 1988
1989 0
0 1990
1991 0
0 1992
1993 0
0 1994
1995 0
0 1996
1997 0
0 1998
1999 0
0 2000
